{
	"credit": "Made with Blockbench",
	"textures": {
		"0": "wandering_hat_creator:custom/hat_piece/hat_villager/desert"
	},
	"elements": [
		{
			"name": "base",
			"from": [4, 4, 4],
			"to": [12, 8, 12],
			"faces": {
				"north": {"uv": [4, 4, 8, 6], "texture": "#0", "tintindex": 0},
				"east": {"uv": [0, 4, 4, 6], "texture": "#0", "tintindex": 0},
				"south": {"uv": [12, 4, 16, 6], "texture": "#0", "tintindex": 0},
				"west": {"uv": [8, 4, 12, 6], "texture": "#0", "tintindex": 0},
				"up": {"uv": [4, 0, 8, 4], "texture": "#0", "tintindex": 0},
				"down": {"uv": [0, 0, 4, 4], "texture": "#0", "tintindex": 0}
			}
		},
		{
			"name": "fringe_inner",
			"from": [4, 2.01, 4],
			"to": [12, 8.01, 12],
			"rotation": {"angle": 0, "axis": "y", "origin": [0, -4, 0]},
			"faces": {
				"north": {"uv": [4, 6, 8, 9], "texture": "#0", "tintindex": 1},
				"east": {"uv": [0, 6, 4, 9], "texture": "#0", "tintindex": 1},
				"south": {"uv": [12, 6, 16, 9], "texture": "#0", "tintindex": 1},
				"west": {"uv": [8, 6, 12, 9], "texture": "#0", "tintindex": 1},
				"up": {"uv": [8, 0, 12, 4], "texture": "#0", "tintindex": 1},
				"down": {"uv": [12, 0, 16, 4], "texture": "#0", "tintindex": 1}
			}
		},
		{
			"name": "fringe_outer",
			"from": [3.5, 1.9, 3.5],
			"to": [12.5, 5.23, 12.5],
			"rotation": {"angle": 0, "axis": "y", "origin": [5, 3, 0]},
			"faces": {
				"north": {"uv": [4, 13.5, 8, 15], "texture": "#0", "tintindex": 1},
				"east": {"uv": [0, 13.5, 4, 15], "texture": "#0", "tintindex": 1},
				"south": {"uv": [12, 13.5, 16, 15], "texture": "#0", "tintindex": 1},
				"west": {"uv": [8, 13.5, 12, 15], "texture": "#0", "tintindex": 1},
				"up": {"uv": [12, 9.5, 16, 13.5], "texture": "#0", "tintindex": 1},
				"down": {"uv": [12, 9.5, 16, 13.5], "texture": "#0", "tintindex": 1}
			}
		},
		{
			"name": "fringe_outer_inside",
			"from": [3.5, 5.23, 3.5],
			"to": [12.5, 1.9, 12.5],
			"rotation": {"angle": 0, "axis": "y", "origin": [5, 6, 0]},
			"faces": {
				"north": {"uv": [4, 15, 8, 13.5], "texture": "#0", "tintindex": 1},
				"east": {"uv": [0, 15, 4, 13.5], "texture": "#0", "tintindex": 1},
				"south": {"uv": [12, 15, 16, 13.5], "texture": "#0", "tintindex": 1},
				"west": {"uv": [8, 15, 12, 13.5], "texture": "#0", "tintindex": 1},
				"up": {"uv": [12, 9.5, 16, 13.5], "texture": "#0", "tintindex": 1},
				"down": {"uv": [12, 9.5, 16, 13.5], "texture": "#0", "tintindex": 1}
			}
		},
		{
			"name": "fringe_inner_inside",
			"from": [4, 8.01, 4],
			"to": [12, 2.01, 12],
			"rotation": {"angle": 0, "axis": "y", "origin": [0, 2, 0]},
			"faces": {
				"north": {"uv": [4, 9, 8, 6], "texture": "#0", "tintindex": 1},
				"east": {"uv": [0, 9, 4, 6], "texture": "#0", "tintindex": 1},
				"south": {"uv": [12, 9, 16, 6], "texture": "#0", "tintindex": 1},
				"west": {"uv": [8, 9, 12, 6], "texture": "#0", "tintindex": 1},
				"up": {"uv": [12, 0, 16, 4], "texture": "#0", "tintindex": 1},
				"down": {"uv": [8, 0, 12, 4], "texture": "#0", "tintindex": 1}
			}
		},
		{
			"name": "base_inside",
			"from": [4, 8, 4],
			"to": [12, 4, 12],
			"faces": {
				"north": {"uv": [4, 6, 8, 4], "texture": "#0", "tintindex": 0},
				"east": {"uv": [0, 6, 4, 4], "texture": "#0", "tintindex": 0},
				"south": {"uv": [12, 6, 16, 4], "texture": "#0", "tintindex": 0},
				"west": {"uv": [8, 6, 12, 4], "texture": "#0", "tintindex": 0},
				"up": {"uv": [0, 0, 4, 4], "texture": "#0", "tintindex": 0},
				"down": {"uv": [4, 0, 8, 4], "texture": "#0", "tintindex": 0}
			}
		}
	],
	"display": {
		"thirdperson_righthand": {
			"translation": [0, 3, 1],
			"scale": [0.55, 0.55, 0.55]
		},
		"thirdperson_lefthand": {
			"scale": [0.5, 0.5, 0.5]
		},
		"firstperson_righthand": {
			"scale": [0.5, 0.5, 0.5]
		},
		"ground": {
			"scale": [0.8, 0.8, 0.8]
		},
		"gui": {
			"rotation": [0, -180, 0],
			"scale": [0.9, 0.9, 0.9]
		},
		"head": {
			"rotation": [0, 180, 0],
			"translation": [0, 11.5, 0],
			"scale": [1.7, 1.7, 1.7]
		},
		"fixed": {
			"translation": [0, 0, 5]
		}
	}
}