{
	"credit": "Made with Blockbench",
	"textures": {
		"11": "wandering_hat_creator:custom/hat_piece/hat_villager/farmer"
	},
	"elements": [
		{
			"from": [-1, -1, -1],
			"to": [17, 17, 17],
			"faces": {
				"north": {"uv": [2, 6, 4, 7.9375], "texture": "#11", "tintindex": 0},
				"east": {"uv": [0, 6, 2, 7.9375], "texture": "#11", "tintindex": 0},
				"south": {"uv": [6, 6, 8, 7.9375], "texture": "#11", "tintindex": 0},
				"west": {"uv": [4, 6, 6, 7.9375], "texture": "#11", "tintindex": 0},
				"up": {"uv": [2, 4, 4, 6], "texture": "#11", "tintindex": 0},
				"down": {"uv": [0, 4, 2, 6], "texture": "#11"}
			}
		},
		{
			"from": [-8, 7.7, -8],
			"to": [24, 7.7, 24],
			"faces": {
				"north": {"uv": [0, 0, 16, 0], "texture": "#11"},
				"east": {"uv": [0, 0, 16, 0], "texture": "#11"},
				"south": {"uv": [0, 0, 16, 0], "texture": "#11"},
				"west": {"uv": [0, 0, 16, 0], "texture": "#11"},
				"up": {"uv": [7.75, 12, 11.75, 16], "texture": "#11", "tintindex": 0},
				"down": {"uv": [7.75, 12, 11.75, 16], "texture": "#11", "tintindex": 0}
			}
		},
		{
			"from": [-1.01, 7.74, -1.01],
			"to": [17.01, 10.06, 17.01],
			"faces": {
				"north": {"uv": [2, 15.5, 4, 15.6875], "texture": "#11", "tintindex": 1},
				"east": {"uv": [0, 15.5, 2, 15.6875], "texture": "#11", "tintindex": 1},
				"south": {"uv": [2, 15.8125, 4, 16], "texture": "#11", "tintindex": 1},
				"west": {"uv": [0, 15.8125, 2, 16], "texture": "#11", "tintindex": 1},
				"up": {"uv": [4, 15.75, 4.25, 16], "texture": "#11"},
				"down": {"uv": [4.5, 15.75, 4.75, 16], "texture": "#11"}
			}
		}
	],
	"display": {
		"thirdperson_righthand": {
			"scale": [0.5, 0.5, 0.5]
		},
		"thirdperson_lefthand": {
			"scale": [0.5, 0.5, 0.5]
		},
		"firstperson_righthand": {
			"scale": [0.5, 0.5, 0.5]
		},
		"ground": {
			"scale": [0.8, 0.8, 0.8]
		},
		"gui": {
			"rotation": [6, -169, 0],
			"translation": [0, -2.75, 0],
			"scale": [0.5, 0.5, 0.5]
		},
		"head": {
			"rotation": [0, 180, 0],
			"translation": [0, 3.25, 0],
			"scale": [0.81, 0.81, 0.81]
		},
		"fixed": {
			"translation": [0, 0, 5],
			"scale": [0, 0, 0]
		}
	}
}