{
	"credit": "Made with Blockbench",
	"textures": {
		"2": "wandering_hat_creator:custom/hat_piece/hat_villager/fisherman"
	},
	"elements": [
		{
			"from": [0, 0, 0],
			"to": [16, 16, 16],
			"faces": {
				"north": {"uv": [2, 2, 4, 4], "texture": "#2", "tintindex": 0},
				"east": {"uv": [0, 2, 2, 4], "texture": "#2", "tintindex": 0},
				"south": {"uv": [6, 2, 8, 4], "texture": "#2", "tintindex": 0},
				"west": {"uv": [4, 2, 6, 4], "texture": "#2", "tintindex": 0},
				"up": {"uv": [2, 0, 4, 2], "texture": "#2", "tintindex": 0},
				"down": {"uv": [0, 0, 2, 2], "texture": "#2"}
			}
		},
		{
			"from": [-1, -1, -1],
			"to": [17, 17, 17],
			"faces": {
				"north": {"uv": [2, 6, 4, 7.9375], "texture": "#2", "tintindex": 0},
				"east": {"uv": [0, 6, 2, 7.9375], "texture": "#2", "tintindex": 0},
				"south": {"uv": [6, 6, 8, 7.9375], "texture": "#2", "tintindex": 0},
				"west": {"uv": [4, 6, 6, 7.9375], "texture": "#2", "tintindex": 0},
				"up": {"uv": [2, 4, 4, 6], "texture": "#2"},
				"down": {"uv": [0, 4, 2, 6], "texture": "#2"}
			}
		},
		{
			"from": [-4, 7.7, -4],
			"to": [20, 7.7, 20],
			"faces": {
				"north": {"uv": [0, 0, 16, 0], "texture": "#2"},
				"east": {"uv": [0, 0, 16, 0], "texture": "#2"},
				"south": {"uv": [0, 0, 16, 0], "texture": "#2"},
				"west": {"uv": [0, 0, 16, 0], "texture": "#2"},
				"up": {"uv": [8.25, 12.5, 11.25, 15.5], "texture": "#2", "tintindex": 0},
				"down": {"uv": [8.25, 12.5, 11.25, 15.5], "texture": "#2", "tintindex": 0}
			}
		},
		{
			"from": [-1.01, 7.69, -1.01],
			"to": [17.01, 10.06, 17.01],
			"faces": {
				"north": {"uv": [2, 15.8125, 4, 16], "texture": "#2", "tintindex": 1},
				"east": {"uv": [1, 15.8125, 2, 16], "texture": "#2", "tintindex": 1},
				"south": {"uv": [6, 15.8125, 8, 16], "texture": "#2", "tintindex": 1},
				"west": {"uv": [4, 15.8125, 6, 16], "texture": "#2", "tintindex": 1},
				"up": {"uv": [2, 4, 4, 6], "texture": "#2"},
				"down": {"uv": [0, 4, 2, 6], "texture": "#2"}
			}
		}
	],
	"display": {
		"thirdperson_righthand": {
			"scale": [0.5, 0.5, 0.5]
		},
		"thirdperson_lefthand": {
			"scale": [0.5, 0.5, 0.5]
		},
		"firstperson_righthand": {
			"scale": [0.5, 0.5, 0.5]
		},
		"ground": {
			"scale": [0.8, 0.8, 0.8]
		},
		"gui": {
			"rotation": [0, -180, 0],
			"scale": [0.9, 0.9, 0.9]
		},
		"head": {
			"translation": [0, 3.25, 0],
			"scale": [0.91, 0.91, 0.91]
		},
		"fixed": {
			"translation": [0, 0, 5]
		}
	}
}