{
	"credit": "Made with Blockbench",
	"textures": {
		"4": "wandering_hat_creator:custom/hat_piece/hat_villager/fletcher"
	},
	"elements": [
		{
			"name": "bowl",
			"from": [0, 0, 0],
			"to": [16, 16, 16],
			"faces": {
				"north": {"uv": [4, 4, 8, 8], "texture": "#4", "tintindex": 0},
				"east": {"uv": [0, 4, 4, 8], "texture": "#4", "tintindex": 0},
				"south": {"uv": [12, 4, 16, 8], "texture": "#4", "tintindex": 0},
				"west": {"uv": [8, 4, 12, 8], "texture": "#4", "tintindex": 0},
				"up": {"uv": [4, 0, 8, 4], "texture": "#4", "tintindex": 0},
				"down": {"uv": [0, 0, 4, 4], "texture": "#4", "tintindex": 0}
			}
		},
		{
			"name": "fold",
			"from": [-1, 5.75, -1],
			"to": [17, 10.25, 17],
			"rotation": {"angle": 0, "axis": "y", "origin": [-1, 6, -1]},
			"faces": {
				"north": {"uv": [4, 13.5, 8, 14.5], "texture": "#4", "tintindex": 0},
				"east": {"uv": [0, 13.5, 4, 14.5], "texture": "#4", "tintindex": 0},
				"south": {"uv": [12, 13.5, 16, 14.5], "texture": "#4", "tintindex": 0},
				"west": {"uv": [8, 13.5, 12, 14.5], "texture": "#4", "tintindex": 0},
				"up": {"uv": [15, 15, 16, 16], "texture": "#4"},
				"down": {"uv": [14, 15, 15, 16], "texture": "#4"}
			}
		},
		{
			"name": "feather",
			"from": [-1.01, 5.74, 3.49],
			"to": [-0.99, 23.76, 21.51],
			"rotation": {"angle": 0, "axis": "y", "origin": [0, 7, 0]},
			"faces": {
				"north": {"uv": [4, 9.5, 8, 13.5], "texture": "#4"},
				"east": {"uv": [13, 9.5, 9, 13.5], "texture": "#4", "tintindex": 1},
				"south": {"uv": [12, 9.5, 16, 13.5], "texture": "#4"},
				"west": {"uv": [9, 9.5, 13, 13.5], "texture": "#4", "tintindex": 1},
				"up": {"uv": [4, 8, 8, 12], "texture": "#4"},
				"down": {"uv": [0, 8, 4, 12], "texture": "#4"}
			}
		}
	],
	"display": {
		"thirdperson_righthand": {
			"scale": [0.5, 0.5, 0.5]
		},
		"thirdperson_lefthand": {
			"scale": [0.5, 0.5, 0.5]
		},
		"firstperson_righthand": {
			"scale": [0.5, 0.5, 0.5]
		},
		"ground": {
			"scale": [0.8, 0.8, 0.8]
		},
		"gui": {
			"rotation": [0, -180, 0],
			"scale": [0.9, 0.9, 0.9]
		},
		"head": {
			"translation": [0, 3.25, 0],
			"scale": [0.91, 0.91, 0.91]
		},
		"fixed": {
			"translation": [0, 0, 5]
		}
	}
}