{
	"credit": "Made with Blockbench",
	"textures": {
		"5": "wandering_hat_creator:custom/hat_piece/hat_villager/librarian"
	},
	"elements": [
		{
			"name": "base_cover",
			"from": [4, 2, 4],
			"to": [12, 5, 12],
			"faces": {
				"north": {"uv": [4, 12, 8, 13.5], "texture": "#5", "tintindex": 0},
				"east": {"uv": [0, 12, 4, 13.5], "texture": "#5", "tintindex": 0},
				"south": {"uv": [12, 12, 16, 13.5], "texture": "#5", "tintindex": 0},
				"west": {"uv": [8, 12, 12, 13.5], "texture": "#5", "tintindex": 0},
				"up": {"uv": [4, 8, 8, 12], "texture": "#5", "tintindex": 0},
				"down": {"uv": [0, 8, 4, 12], "texture": "#5", "tintindex": 0}
			}
		},
		{
			"name": "trim_cover",
			"from": [4, 2, 4],
			"to": [12, 5, 12],
			"faces": {
				"north": {"uv": [4, 4, 8, 5.5], "texture": "#5", "tintindex": 1},
				"east": {"uv": [0, 4, 4, 5.5], "texture": "#5", "tintindex": 1},
				"south": {"uv": [12, 4, 16, 5.5], "texture": "#5", "tintindex": 1},
				"west": {"uv": [8, 4, 12, 5.5], "texture": "#5", "tintindex": 1},
				"up": {"uv": [4, 0, 8, 4], "texture": "#5", "tintindex": 1},
				"down": {"uv": [0, 0, 4, 4], "texture": "#5", "tintindex": 1}
			}
		},
		{
			"name": "white_underlay",
			"from": [4.01, 3, 4.01],
			"to": [11.99, 4, 11.99],
			"faces": {
				"north": {"uv": [4, 15.5, 8, 16], "texture": "#5"},
				"east": {"uv": [0, 15.5, 4, 16], "texture": "#5"},
				"south": {"uv": [12, 15.5, 16, 16], "texture": "#5"},
				"west": {"uv": [8, 15.5, 12, 16], "texture": "#5"},
				"up": {"uv": [0, 14.5, 0.5, 15], "texture": "#5"},
				"down": {"uv": [0, 14.5, 0.5, 15], "texture": "#5"}
			}
		},
		{
			"name": "base_ribbon",
			"from": [4, 0, 4],
			"to": [12, 2, 12],
			"rotation": {"angle": 0, "axis": "y", "origin": [0, -2, 0]},
			"faces": {
				"north": {"uv": [4, 13.5, 8, 14.5], "texture": "#5", "tintindex": 0},
				"east": {"uv": [0, 13.5, 4, 14.5], "texture": "#5"},
				"south": {"uv": [12, 13.5, 16, 14.5], "texture": "#5", "tintindex": 0},
				"west": {"uv": [8, 13.5, 12, 14.5], "texture": "#5"},
				"up": {"uv": [0, 14.5, 0.5, 15], "texture": "#5"},
				"down": {"uv": [0, 14.5, 0.5, 15], "texture": "#5"}
			}
		},
		{
			"name": "base_ribbon",
			"from": [4, 2, 4],
			"to": [12, 0, 12],
			"faces": {
				"north": {"uv": [4, 14.5, 8, 13.5], "texture": "#5", "tintindex": 0},
				"east": {"uv": [0, 14.5, 4, 13.5], "texture": "#5"},
				"south": {"uv": [12, 14.5, 16, 13.5], "texture": "#5", "tintindex": 0},
				"west": {"uv": [8, 14.5, 12, 13.5], "texture": "#5"},
				"up": {"uv": [0, 14.5, 0.5, 15], "texture": "#5"},
				"down": {"uv": [0, 14.5, 0.5, 15], "texture": "#5"}
			}
		}
	],
	"display": {
		"thirdperson_righthand": {
			"scale": [0.5, 0.5, 0.5]
		},
		"thirdperson_lefthand": {
			"scale": [0.5, 0.5, 0.5]
		},
		"firstperson_righthand": {
			"scale": [0.5, 0.5, 0.5]
		},
		"ground": {
			"scale": [0.8, 0.8, 0.8]
		},
		"gui": {
			"rotation": [0, -180, 0],
			"scale": [0.9, 0.9, 0.9]
		},
		"head": {
			"translation": [0, 17, 0],
			"scale": [1.77, 1.77, 1.77]
		},
		"fixed": {
			"translation": [0, 0, 5]
		}
	}
}