{
	"credit": "Made with Blockbench",
	"textures": {
		"6": "wandering_hat_creator:custom/hat_piece/hat_villager/shepherd"
	},
	"elements": [
		{
			"from": [4, 0, 4],
			"to": [12, 8, 12],
			"faces": {
				"north": {"uv": [2, 2, 4, 4], "texture": "#6", "tintindex": 0},
				"east": {"uv": [0, 2, 2, 4], "texture": "#6", "tintindex": 0},
				"south": {"uv": [6, 2, 8, 4], "texture": "#6", "tintindex": 0},
				"west": {"uv": [4, 2, 6, 4], "texture": "#6", "tintindex": 0},
				"up": {"uv": [2, 0, 4, 2], "texture": "#6", "tintindex": 0},
				"down": {"uv": [0, 0, 2, 2], "texture": "#6", "tintindex": 0}
			}
		},
		{
			"from": [3.5, -0.5, 3.5],
			"to": [12.5, 8.5, 12.5],
			"faces": {
				"north": {"uv": [2, 6, 4, 7.9375], "texture": "#6", "tintindex": 0},
				"east": {"uv": [0, 6, 2, 7.9375], "texture": "#6", "tintindex": 0},
				"south": {"uv": [6, 6, 8, 7.9375], "texture": "#6", "tintindex": 0},
				"west": {"uv": [4, 6, 6, 7.9375], "texture": "#6", "tintindex": 0},
				"up": {"uv": [2, 4, 4, 6], "texture": "#6", "tintindex": 0},
				"down": {"uv": [0, 4, 2, 6], "texture": "#6", "tintindex": 0}
			}
		},
		{
			"from": [0, 2.71, 0],
			"to": [16, 2.71, 16],
			"rotation": {"angle": 0, "axis": "y", "origin": [0, -3, 0]},
			"faces": {
				"north": {"uv": [0, 0, 16, 0], "texture": "#6", "tintindex": 0},
				"east": {"uv": [0, 0, 16, 0], "texture": "#6", "tintindex": 0},
				"south": {"uv": [0, 0, 16, 0], "texture": "#6", "tintindex": 0},
				"west": {"uv": [0, 0, 16, 0], "texture": "#6", "tintindex": 0},
				"up": {"uv": [12, 12, 16, 16], "texture": "#6", "tintindex": 0},
				"down": {"uv": [12, 12, 16, 16], "texture": "#6", "tintindex": 0}
			}
		}
	],
	"display": {
		"thirdperson_righthand": {
			"scale": [0.5, 0.5, 0.5]
		},
		"thirdperson_lefthand": {
			"scale": [0.5, 0.5, 0.5]
		},
		"firstperson_righthand": {
			"scale": [0.5, 0.5, 0.5]
		},
		"ground": {
			"scale": [0.8, 0.8, 0.8]
		},
		"gui": {
			"rotation": [0, -180, 0],
			"scale": [0.9, 0.9, 0.9]
		},
		"head": {
			"translation": [0, 11.75, 0],
			"scale": [1.71, 1.71, 1.71]
		},
		"fixed": {
			"translation": [0, 0, 5]
		}
	}
}