{
	"credit": "Made with Blockbench",
	"textures": {
		"6": "wandering_hat_creator:custom/hat_piece/hat_villager/shepherd"
	},
	"elements": [
		{
			"from": [0, 0, 0],
			"to": [16, 16, 16],
			"faces": {
				"north": {"uv": [2, 2, 4, 4], "texture": "#6"},
				"east": {"uv": [0, 2, 2, 4], "texture": "#6"},
				"south": {"uv": [6, 2, 8, 4], "texture": "#6"},
				"west": {"uv": [4, 2, 6, 4], "texture": "#6"},
				"up": {"uv": [2, 0, 4, 2], "texture": "#6"},
				"down": {"uv": [0, 0, 2, 2], "texture": "#6"}
			}
		},
		{
			"from": [-1, -1, -1],
			"to": [17, 17, 17],
			"faces": {
				"north": {"uv": [2, 6, 4, 7.9375], "texture": "#6"},
				"east": {"uv": [0, 6, 2, 7.9375], "texture": "#6"},
				"south": {"uv": [6, 6, 8, 7.9375], "texture": "#6"},
				"west": {"uv": [4, 6, 6, 7.9375], "texture": "#6"},
				"up": {"uv": [2, 4, 4, 6], "texture": "#6"},
				"down": {"uv": [0, 4, 2, 6], "texture": "#6"}
			}
		},
		{
			"from": [-8, 5.39, -8],
			"to": [24, 5.39, 24],
			"faces": {
				"north": {"uv": [0, 0, 16, 0], "texture": "#6"},
				"east": {"uv": [0, 0, 16, 0], "texture": "#6"},
				"south": {"uv": [0, 0, 16, 0], "texture": "#6"},
				"west": {"uv": [0, 0, 16, 0], "texture": "#6"},
				"up": {"uv": [12, 12, 16, 16], "texture": "#6"},
				"down": {"uv": [12, 12, 16, 16], "texture": "#6"}
			}
		}
	],
	"display": {
		"thirdperson_righthand": {
			"scale": [0.5, 0.5, 0.5]
		},
		"thirdperson_lefthand": {
			"scale": [0.5, 0.5, 0.5]
		},
		"firstperson_righthand": {
			"scale": [0.5, 0.5, 0.5]
		},
		"ground": {
			"scale": [0.8, 0.8, 0.8]
		},
		"gui": {
			"rotation": [0, -180, 0],
			"scale": [0.9, 0.9, 0.9]
		},
		"head": {
			"translation": [0, 3.25, 0],
			"scale": [0.91, 0.91, 0.91]
		},
		"fixed": {
			"translation": [0, 0, 5]
		}
	}
}