{
	"credit": "Made with Blockbench",
	"textures": {
		"1": "wandering_hat_creator:custom/hat_piece/hat_villager/snow"
	},
	"elements": [
		{
			"name": "base_outer",
			"from": [4, 0, 4],
			"to": [12, 8, 12],
			"faces": {
				"north": {"uv": [4, 12, 8, 16], "texture": "#1", "tintindex": 0},
				"east": {"uv": [0, 12, 4, 16], "texture": "#1", "tintindex": 0},
				"south": {"uv": [12, 12, 16, 16], "texture": "#1", "tintindex": 0},
				"west": {"uv": [8, 12, 12, 16], "texture": "#1", "tintindex": 0},
				"up": {"uv": [4, 8, 8, 12], "texture": "#1", "tintindex": 0},
				"down": {"uv": [0, 8, 4, 12], "texture": "#1", "tintindex": 0}
			}
		},
		{
			"name": "base_inner",
			"from": [4, 8, 4],
			"to": [12, 0, 12],
			"rotation": {"angle": 0, "axis": "y", "origin": [0, 8, 0]},
			"faces": {
				"north": {"uv": [4, 16, 8, 12], "texture": "#1", "tintindex": 0},
				"east": {"uv": [0, 16, 4, 12], "texture": "#1", "tintindex": 0},
				"south": {"uv": [12, 16, 16, 12], "texture": "#1", "tintindex": 0},
				"west": {"uv": [8, 16, 12, 12], "texture": "#1", "tintindex": 0},
				"up": {"uv": [0, 8, 4, 12], "texture": "#1", "tintindex": 0},
				"down": {"uv": [4, 8, 8, 12], "texture": "#1", "tintindex": 0}
			}
		},
		{
			"name": "accent_outer",
			"from": [3.99, -0.01, 3.99],
			"to": [12.01, 8.01, 12.01],
			"faces": {
				"north": {"uv": [4, 4, 8, 8], "texture": "#1", "tintindex": 1},
				"east": {"uv": [0, 4, 4, 8], "texture": "#1", "tintindex": 1},
				"south": {"uv": [12, 4, 16, 8], "texture": "#1", "tintindex": 1},
				"west": {"uv": [8, 4, 12, 8], "texture": "#1", "tintindex": 1},
				"up": {"uv": [4, 0, 8, 4], "texture": "#1", "tintindex": 1},
				"down": {"uv": [0, 0, 4, 4], "texture": "#1", "tintindex": 1}
			}
		},
		{
			"name": "accent_inner",
			"from": [4.01, 8.01, 4.01],
			"to": [11.99, -0.01, 11.99],
			"rotation": {"angle": 0, "axis": "y", "origin": [0, 8, 0]},
			"faces": {
				"north": {"uv": [4, 8, 8, 4], "texture": "#1", "tintindex": 1},
				"east": {"uv": [0, 8, 4, 4], "texture": "#1", "tintindex": 1},
				"south": {"uv": [12, 8, 16, 4], "texture": "#1", "tintindex": 1},
				"west": {"uv": [8, 8, 12, 4], "texture": "#1", "tintindex": 1},
				"up": {"uv": [0, 0, 4, 4], "texture": "#1", "tintindex": 1},
				"down": {"uv": [4, 0, 8, 4], "texture": "#1", "tintindex": 1}
			}
		}
	],
	"display": {
		"thirdperson_righthand": {
			"scale": [0.5, 0.5, 0.5]
		},
		"thirdperson_lefthand": {
			"scale": [0.5, 0.5, 0.5]
		},
		"firstperson_righthand": {
			"scale": [0.5, 0.5, 0.5]
		},
		"ground": {
			"scale": [0.8, 0.8, 0.8]
		},
		"gui": {
			"rotation": [0, -180, 0],
			"scale": [0.9, 0.9, 0.9]
		},
		"head": {
			"translation": [0, 10, 0],
			"scale": [1.85, 1.85, 1.85]
		},
		"fixed": {
			"translation": [0, 0, 5]
		}
	}
}