{
	"credit": "Made with Blockbench",
	"textures": {
		"4": "wandering_hat_creator:custom/horn_piece/curved_goat"
	},
	"elements": [
		{
			"from": [10, 7, 4],
			"to": [12, 9, 6],
			"rotation": {"angle": 0, "axis": "y", "origin": [12, 7, 4]},
			"faces": {
				"north": {"uv": [4, 0, 2, 2], "texture": "#4", "tintindex": 0},
				"east": {"uv": [6, 0, 4, 2], "texture": "#4", "tintindex": 0},
				"south": {"uv": [2, 4, 0, 6], "texture": "#4", "tintindex": 0},
				"west": {"uv": [4, 2, 2, 4], "texture": "#4", "tintindex": 0},
				"up": {"uv": [2, 6, 4, 4], "texture": "#4", "tintindex": 0},
				"down": {"uv": [4, 2, 6, 4], "texture": "#4", "tintindex": 0}
			}
		},
		{
			"from": [10.5, 8, 3],
			"to": [12.5, 10, 5],
			"rotation": {"angle": 0, "axis": "y", "origin": [13, 8, 3]},
			"faces": {
				"north": {"uv": [6, 4, 4, 6], "texture": "#4", "tintindex": 0},
				"east": {"uv": [4, 6, 2, 8], "texture": "#4", "tintindex": 0},
				"south": {"uv": [8, 0, 6, 2], "texture": "#4", "tintindex": 0},
				"west": {"uv": [2, 6, 0, 8], "texture": "#4", "tintindex": 0},
				"up": {"uv": [6, 4, 8, 2], "texture": "#4", "tintindex": 0},
				"down": {"uv": [4, 6, 6, 8], "texture": "#4", "tintindex": 0}
			}
		},
		{
			"from": [11, 10, 2],
			"to": [13, 12, 4],
			"rotation": {"angle": 0, "axis": "y", "origin": [12, 10, 2]},
			"faces": {
				"north": {"uv": [8, 4, 6, 6], "texture": "#4", "tintindex": 0},
				"east": {"uv": [10, 0, 8, 2], "texture": "#4", "tintindex": 0},
				"south": {"uv": [2, 8, 0, 10], "texture": "#4", "tintindex": 0},
				"west": {"uv": [8, 6, 6, 8], "texture": "#4", "tintindex": 0},
				"up": {"uv": [2, 10, 4, 8], "texture": "#4", "tintindex": 0},
				"down": {"uv": [8, 2, 10, 4], "texture": "#4", "tintindex": 0}
			}
		},
		{
			"from": [11.5, 12, 2],
			"to": [12.5, 14, 4],
			"rotation": {"angle": 0, "axis": "y", "origin": [13, 12, 2]},
			"faces": {
				"north": {"uv": [2, 10, 1, 12], "texture": "#4", "tintindex": 0},
				"east": {"uv": [10, 4, 8, 6], "texture": "#4", "tintindex": 0},
				"south": {"uv": [3, 10, 2, 12], "texture": "#4", "tintindex": 0},
				"west": {"uv": [6, 8, 4, 10], "texture": "#4", "tintindex": 0},
				"up": {"uv": [10, 4, 11, 2], "texture": "#4", "tintindex": 0},
				"down": {"uv": [3, 10, 4, 12], "texture": "#4", "tintindex": 0}
			}
		},
		{
			"from": [11.5, 14, 3],
			"to": [12.5, 16, 5],
			"rotation": {"angle": 0, "axis": "y", "origin": [12, 14, 3]},
			"faces": {
				"north": {"uv": [5, 10, 4, 12], "texture": "#4", "tintindex": 0},
				"east": {"uv": [10, 6, 8, 8], "texture": "#4", "tintindex": 0},
				"south": {"uv": [11, 4, 10, 6], "texture": "#4", "tintindex": 0},
				"west": {"uv": [8, 8, 6, 10], "texture": "#4", "tintindex": 0},
				"up": {"uv": [5, 12, 6, 10], "texture": "#4", "tintindex": 0},
				"down": {"uv": [6, 10, 7, 12], "texture": "#4", "tintindex": 0}
			}
		},
		{
			"from": [11, 15, 4],
			"to": [12, 17, 6],
			"rotation": {"angle": 0, "axis": "y", "origin": [12, 15, 4]},
			"faces": {
				"north": {"uv": [9, 8, 8, 10], "texture": "#4", "tintindex": 0},
				"east": {"uv": [2, 2, 0, 4], "texture": "#4", "tintindex": 0},
				"south": {"uv": [10, 8, 9, 10], "texture": "#4", "tintindex": 0},
				"west": {"uv": [2, 0, 0, 2], "texture": "#4", "tintindex": 0},
				"up": {"uv": [0, 12, 1, 10], "texture": "#4", "tintindex": 0},
				"down": {"uv": [10, 0, 11, 2], "texture": "#4", "tintindex": 0}
			}
		},
		{
			"from": [11, 16, 6],
			"to": [12, 17, 7],
			"rotation": {"angle": 0, "axis": "y", "origin": [12, 16, 6]},
			"faces": {
				"north": {"uv": [11, 6, 10, 7], "texture": "#4", "tintindex": 0},
				"east": {"uv": [9, 10, 8, 11], "texture": "#4", "tintindex": 0},
				"south": {"uv": [11, 7, 10, 8], "texture": "#4", "tintindex": 0},
				"west": {"uv": [8, 10, 7, 11], "texture": "#4", "tintindex": 0},
				"up": {"uv": [10, 9, 11, 8], "texture": "#4", "tintindex": 0},
				"down": {"uv": [9, 10, 10, 11], "texture": "#4", "tintindex": 0}
			}
		},
		{
			"from": [4, 7, 4],
			"to": [6, 9, 6],
			"rotation": {"angle": 0, "axis": "y", "origin": [4, 7, 4]},
			"faces": {
				"north": {"uv": [2, 0, 4, 2], "texture": "#4", "tintindex": 0},
				"east": {"uv": [2, 2, 4, 4], "texture": "#4", "tintindex": 0},
				"south": {"uv": [0, 4, 2, 6], "texture": "#4", "tintindex": 0},
				"west": {"uv": [4, 0, 6, 2], "texture": "#4", "tintindex": 0},
				"up": {"uv": [4, 6, 2, 4], "texture": "#4", "tintindex": 0},
				"down": {"uv": [6, 2, 4, 4], "texture": "#4", "tintindex": 0}
			}
		},
		{
			"from": [3.5, 8, 3],
			"to": [5.5, 10, 5],
			"rotation": {"angle": 0, "axis": "y", "origin": [3, 8, 3]},
			"faces": {
				"north": {"uv": [4, 4, 6, 6], "texture": "#4", "tintindex": 0},
				"east": {"uv": [0, 6, 2, 8], "texture": "#4", "tintindex": 0},
				"south": {"uv": [6, 0, 8, 2], "texture": "#4", "tintindex": 0},
				"west": {"uv": [2, 6, 4, 8], "texture": "#4", "tintindex": 0},
				"up": {"uv": [8, 4, 6, 2], "texture": "#4", "tintindex": 0},
				"down": {"uv": [6, 6, 4, 8], "texture": "#4", "tintindex": 0}
			}
		},
		{
			"from": [3, 10, 2],
			"to": [5, 12, 4],
			"rotation": {"angle": 0, "axis": "y", "origin": [4, 10, 2]},
			"faces": {
				"north": {"uv": [6, 4, 8, 6], "texture": "#4", "tintindex": 0},
				"east": {"uv": [6, 6, 8, 8], "texture": "#4", "tintindex": 0},
				"south": {"uv": [0, 8, 2, 10], "texture": "#4", "tintindex": 0},
				"west": {"uv": [8, 0, 10, 2], "texture": "#4", "tintindex": 0},
				"up": {"uv": [4, 10, 2, 8], "texture": "#4", "tintindex": 0},
				"down": {"uv": [10, 2, 8, 4], "texture": "#4", "tintindex": 0}
			}
		},
		{
			"from": [3.5, 12, 2],
			"to": [4.5, 14, 4],
			"rotation": {"angle": 0, "axis": "y", "origin": [3, 12, 2]},
			"faces": {
				"north": {"uv": [1, 10, 2, 12], "texture": "#4", "tintindex": 0},
				"east": {"uv": [4, 8, 6, 10], "texture": "#4", "tintindex": 0},
				"south": {"uv": [2, 10, 3, 12], "texture": "#4", "tintindex": 0},
				"west": {"uv": [8, 4, 10, 6], "texture": "#4", "tintindex": 0},
				"up": {"uv": [11, 4, 10, 2], "texture": "#4", "tintindex": 0},
				"down": {"uv": [4, 10, 3, 12], "texture": "#4", "tintindex": 0}
			}
		},
		{
			"from": [3.5, 14, 3],
			"to": [4.5, 16, 5],
			"rotation": {"angle": 0, "axis": "y", "origin": [4, 14, 3]},
			"faces": {
				"north": {"uv": [4, 10, 5, 12], "texture": "#4", "tintindex": 0},
				"east": {"uv": [6, 8, 8, 10], "texture": "#4", "tintindex": 0},
				"south": {"uv": [10, 4, 11, 6], "texture": "#4", "tintindex": 0},
				"west": {"uv": [8, 6, 10, 8], "texture": "#4", "tintindex": 0},
				"up": {"uv": [6, 12, 5, 10], "texture": "#4", "tintindex": 0},
				"down": {"uv": [7, 10, 6, 12], "texture": "#4", "tintindex": 0}
			}
		},
		{
			"from": [4, 15, 4],
			"to": [5, 17, 6],
			"rotation": {"angle": 0, "axis": "y", "origin": [4, 15, 4]},
			"faces": {
				"north": {"uv": [8, 8, 9, 10], "texture": "#4", "tintindex": 0},
				"east": {"uv": [0, 0, 2, 2], "texture": "#4", "tintindex": 0},
				"south": {"uv": [9, 8, 10, 10], "texture": "#4", "tintindex": 0},
				"west": {"uv": [0, 2, 2, 4], "texture": "#4", "tintindex": 0},
				"up": {"uv": [1, 12, 0, 10], "texture": "#4", "tintindex": 0},
				"down": {"uv": [11, 0, 10, 2], "texture": "#4", "tintindex": 0}
			}
		},
		{
			"from": [4, 16, 6],
			"to": [5, 17, 7],
			"rotation": {"angle": 0, "axis": "y", "origin": [4, 16, 6]},
			"faces": {
				"north": {"uv": [10, 6, 11, 7], "texture": "#4", "tintindex": 0},
				"east": {"uv": [7, 10, 8, 11], "texture": "#4", "tintindex": 0},
				"south": {"uv": [10, 7, 11, 8], "texture": "#4", "tintindex": 0},
				"west": {"uv": [8, 10, 9, 11], "texture": "#4", "tintindex": 0},
				"up": {"uv": [11, 9, 10, 8], "texture": "#4", "tintindex": 0},
				"down": {"uv": [10, 10, 9, 11], "texture": "#4", "tintindex": 0}
			}
		}
	],
	"display": {
		"head": {
			"translation": [0, 6.4001, 0],
			"scale": [1.599, 1.599, 1.599]
		}
	},
	"groups": [
		{
			"name": "group",
			"origin": [4, 16, 4],
			"color": 0,
			"children": [0, 1, 2, 3, 4, 5, 6]
		},
		{
			"name": "group",
			"origin": [4, 16, 4],
			"color": 0,
			"children": [7, 8, 9, 10, 11, 12, 13]
		}
	]
}