{
	"credit": "Made with Blockbench",
	"textures": {
		"3": "wandering_hat_creator:custom/horn_piece/deer_antlers"
	},
	"elements": [
		{
			"from": [-2, 12, 6.5],
			"to": [-1, 16, 7.5],
			"rotation": {"angle": 0, "axis": "y", "origin": [3, 13, 7]},
			"faces": {
				"north": {"uv": [1, 4, 0, 8], "texture": "#3", "tintindex": 0},
				"east": {"uv": [4, 4, 3, 8], "texture": "#3", "tintindex": 0},
				"south": {"uv": [3, 4, 2, 8], "texture": "#3", "tintindex": 0},
				"west": {"uv": [2, 4, 1, 8], "texture": "#3", "tintindex": 0},
				"up": {"uv": [5, 4, 6, 3], "texture": "#3", "tintindex": 0},
				"down": {"uv": [6, 3, 7, 4], "texture": "#3", "tintindex": 0}
			}
		},
		{
			"from": [0, 12, 6.5],
			"to": [1, 15, 7.5],
			"rotation": {"angle": 0, "axis": "y", "origin": [5, 13, 7]},
			"faces": {
				"north": {"uv": [9, 3, 8, 6], "texture": "#3", "tintindex": 0},
				"east": {"uv": [10, 3, 9, 6], "texture": "#3", "tintindex": 0},
				"south": {"uv": [10, 0, 9, 3], "texture": "#3", "tintindex": 0},
				"west": {"uv": [9, 6, 8, 9], "texture": "#3", "tintindex": 0},
				"up": {"uv": [7, 4, 8, 3], "texture": "#3", "tintindex": 0},
				"down": {"uv": [9, 10, 10, 11], "texture": "#3", "tintindex": 0}
			}
		},
		{
			"from": [-1, 10, 6.5],
			"to": [0, 12, 7.5],
			"rotation": {"angle": 0, "axis": "y", "origin": [4, 10, 6]},
			"faces": {
				"north": {"uv": [5, 9, 4, 11], "texture": "#3", "tintindex": 0},
				"east": {"uv": [10, 6, 9, 8], "texture": "#3", "tintindex": 0},
				"south": {"uv": [7, 9, 6, 11], "texture": "#3", "tintindex": 0},
				"west": {"uv": [6, 9, 5, 11], "texture": "#3", "tintindex": 0},
				"up": {"uv": [10, 11, 11, 10], "texture": "#3", "tintindex": 0},
				"down": {"uv": [11, 0, 12, 1], "texture": "#3", "tintindex": 0}
			}
		},
		{
			"from": [-5, 12, 5.5],
			"to": [-4, 14, 6.5],
			"rotation": {"angle": 0, "axis": "y", "origin": [-3, 11, 5]},
			"faces": {
				"north": {"uv": [8, 9, 7, 11], "texture": "#3", "tintindex": 0},
				"east": {"uv": [1, 10, 0, 12], "texture": "#3", "tintindex": 0},
				"south": {"uv": [10, 8, 9, 10], "texture": "#3", "tintindex": 0},
				"west": {"uv": [9, 9, 8, 11], "texture": "#3", "tintindex": 0},
				"up": {"uv": [11, 2, 12, 1], "texture": "#3", "tintindex": 0},
				"down": {"uv": [11, 2, 12, 3], "texture": "#3", "tintindex": 0}
			}
		},
		{
			"from": [-4, 10, 5.5],
			"to": [-3, 12, 6.5],
			"rotation": {"angle": 0, "axis": "y", "origin": [-2, 9, 5]},
			"faces": {
				"north": {"uv": [11, 0, 10, 2], "texture": "#3", "tintindex": 0},
				"east": {"uv": [11, 2, 10, 4], "texture": "#3", "tintindex": 0},
				"south": {"uv": [3, 10, 2, 12], "texture": "#3", "tintindex": 0},
				"west": {"uv": [2, 10, 1, 12], "texture": "#3", "tintindex": 0},
				"up": {"uv": [11, 4, 12, 3], "texture": "#3", "tintindex": 0},
				"down": {"uv": [4, 11, 5, 12], "texture": "#3", "tintindex": 0}
			}
		},
		{
			"from": [-3, 9, 5.5],
			"to": [2, 10, 6.5],
			"rotation": {"angle": 0, "axis": "y", "origin": [5, 8, 5]},
			"faces": {
				"north": {"uv": [5, 0, 0, 1], "texture": "#3", "tintindex": 0},
				"east": {"uv": [6, 11, 5, 12], "texture": "#3", "tintindex": 0},
				"south": {"uv": [5, 1, 0, 2], "texture": "#3", "tintindex": 0},
				"west": {"uv": [12, 4, 11, 5], "texture": "#3", "tintindex": 0},
				"up": {"uv": [0, 3, 5, 2], "texture": "#3", "tintindex": 0},
				"down": {"uv": [0, 3, 5, 4], "texture": "#3", "tintindex": 0}
			}
		},
		{
			"from": [1, 9, 4.5],
			"to": [5, 10, 5.5],
			"rotation": {"angle": 0, "axis": "y", "origin": [5, 8, 4]},
			"faces": {
				"north": {"uv": [8, 4, 4, 5], "texture": "#3", "tintindex": 0},
				"east": {"uv": [7, 11, 6, 12], "texture": "#3", "tintindex": 0},
				"south": {"uv": [9, 0, 5, 1], "texture": "#3", "tintindex": 0},
				"west": {"uv": [12, 5, 11, 6], "texture": "#3", "tintindex": 0},
				"up": {"uv": [5, 2, 9, 1], "texture": "#3", "tintindex": 0},
				"down": {"uv": [5, 2, 9, 3], "texture": "#3", "tintindex": 0}
			}
		},
		{
			"from": [3, 10, 6.5],
			"to": [4, 12, 7.5],
			"rotation": {"angle": 0, "axis": "y", "origin": [8, 10, 7]},
			"faces": {
				"north": {"uv": [4, 10, 3, 12], "texture": "#3", "tintindex": 0},
				"east": {"uv": [11, 8, 10, 10], "texture": "#3", "tintindex": 0},
				"south": {"uv": [11, 6, 10, 8], "texture": "#3", "tintindex": 0},
				"west": {"uv": [11, 4, 10, 6], "texture": "#3", "tintindex": 0},
				"up": {"uv": [11, 7, 12, 6], "texture": "#3", "tintindex": 0},
				"down": {"uv": [7, 11, 8, 12], "texture": "#3", "tintindex": 0}
			}
		},
		{
			"from": [3, 9, 5.5],
			"to": [4, 10, 6.5],
			"rotation": {"angle": 0, "axis": "y", "origin": [8, 10, 6]},
			"faces": {
				"north": {"uv": [12, 7, 11, 8], "texture": "#3", "tintindex": 0},
				"east": {"uv": [10, 11, 9, 12], "texture": "#3", "tintindex": 0},
				"south": {"uv": [12, 8, 11, 9], "texture": "#3", "tintindex": 0},
				"west": {"uv": [9, 11, 8, 12], "texture": "#3", "tintindex": 0},
				"up": {"uv": [11, 10, 12, 9], "texture": "#3", "tintindex": 0},
				"down": {"uv": [10, 11, 11, 12], "texture": "#3", "tintindex": 0}
			}
		},
		{
			"from": [4, 7, 4],
			"to": [6, 9, 6],
			"rotation": {"angle": 0, "axis": "y", "origin": [6, 7, 4]},
			"faces": {
				"north": {"uv": [6, 5, 4, 7], "texture": "#3", "tintindex": 0},
				"east": {"uv": [8, 7, 6, 9], "texture": "#3", "tintindex": 0},
				"south": {"uv": [6, 7, 4, 9], "texture": "#3", "tintindex": 0},
				"west": {"uv": [8, 5, 6, 7], "texture": "#3", "tintindex": 0},
				"up": {"uv": [0, 10, 2, 8], "texture": "#3", "tintindex": 0},
				"down": {"uv": [2, 8, 4, 10], "texture": "#3", "tintindex": 0}
			}
		},
		{
			"from": [17, 12, 6.5],
			"to": [18, 16, 7.5],
			"rotation": {"angle": 0, "axis": "y", "origin": [13, 13, 7]},
			"faces": {
				"north": {"uv": [0, 4, 1, 8], "texture": "#3", "tintindex": 0},
				"east": {"uv": [1, 4, 2, 8], "texture": "#3", "tintindex": 0},
				"south": {"uv": [2, 4, 3, 8], "texture": "#3", "tintindex": 0},
				"west": {"uv": [3, 4, 4, 8], "texture": "#3", "tintindex": 0},
				"up": {"uv": [6, 4, 5, 3], "texture": "#3", "tintindex": 0},
				"down": {"uv": [7, 3, 6, 4], "texture": "#3", "tintindex": 0}
			}
		},
		{
			"from": [15, 12, 6.5],
			"to": [16, 15, 7.5],
			"rotation": {"angle": 0, "axis": "y", "origin": [11, 13, 7]},
			"faces": {
				"north": {"uv": [8, 3, 9, 6], "texture": "#3", "tintindex": 0},
				"east": {"uv": [8, 6, 9, 9], "texture": "#3", "tintindex": 0},
				"south": {"uv": [9, 0, 10, 3], "texture": "#3", "tintindex": 0},
				"west": {"uv": [9, 3, 10, 6], "texture": "#3", "tintindex": 0},
				"up": {"uv": [8, 4, 7, 3], "texture": "#3", "tintindex": 0},
				"down": {"uv": [10, 10, 9, 11], "texture": "#3", "tintindex": 0}
			}
		},
		{
			"from": [16, 10, 6.5],
			"to": [17, 12, 7.5],
			"rotation": {"angle": 0, "axis": "y", "origin": [12, 10, 6]},
			"faces": {
				"north": {"uv": [4, 9, 5, 11], "texture": "#3", "tintindex": 0},
				"east": {"uv": [5, 9, 6, 11], "texture": "#3", "tintindex": 0},
				"south": {"uv": [6, 9, 7, 11], "texture": "#3", "tintindex": 0},
				"west": {"uv": [9, 6, 10, 8], "texture": "#3", "tintindex": 0},
				"up": {"uv": [11, 11, 10, 10], "texture": "#3", "tintindex": 0},
				"down": {"uv": [12, 0, 11, 1], "texture": "#3", "tintindex": 0}
			}
		},
		{
			"from": [20, 12, 5.5],
			"to": [21, 14, 6.5],
			"rotation": {"angle": 0, "axis": "y", "origin": [19, 11, 5]},
			"faces": {
				"north": {"uv": [7, 9, 8, 11], "texture": "#3", "tintindex": 0},
				"east": {"uv": [8, 9, 9, 11], "texture": "#3", "tintindex": 0},
				"south": {"uv": [9, 8, 10, 10], "texture": "#3", "tintindex": 0},
				"west": {"uv": [0, 10, 1, 12], "texture": "#3", "tintindex": 0},
				"up": {"uv": [12, 2, 11, 1], "texture": "#3", "tintindex": 0},
				"down": {"uv": [12, 2, 11, 3], "texture": "#3", "tintindex": 0}
			}
		},
		{
			"from": [19, 10, 5.5],
			"to": [20, 12, 6.5],
			"rotation": {"angle": 0, "axis": "y", "origin": [18, 9, 5]},
			"faces": {
				"north": {"uv": [10, 0, 11, 2], "texture": "#3", "tintindex": 0},
				"east": {"uv": [1, 10, 2, 12], "texture": "#3", "tintindex": 0},
				"south": {"uv": [2, 10, 3, 12], "texture": "#3", "tintindex": 0},
				"west": {"uv": [10, 2, 11, 4], "texture": "#3", "tintindex": 0},
				"up": {"uv": [12, 4, 11, 3], "texture": "#3", "tintindex": 0},
				"down": {"uv": [5, 11, 4, 12], "texture": "#3", "tintindex": 0}
			}
		},
		{
			"from": [14, 9, 5.5],
			"to": [19, 10, 6.5],
			"rotation": {"angle": 0, "axis": "y", "origin": [11, 8, 5]},
			"faces": {
				"north": {"uv": [0, 0, 5, 1], "texture": "#3", "tintindex": 0},
				"east": {"uv": [11, 4, 12, 5], "texture": "#3", "tintindex": 0},
				"south": {"uv": [0, 1, 5, 2], "texture": "#3", "tintindex": 0},
				"west": {"uv": [5, 11, 6, 12], "texture": "#3", "tintindex": 0},
				"up": {"uv": [5, 3, 0, 2], "texture": "#3", "tintindex": 0},
				"down": {"uv": [5, 3, 0, 4], "texture": "#3", "tintindex": 0}
			}
		},
		{
			"from": [11, 9, 4.5],
			"to": [15, 10, 5.5],
			"rotation": {"angle": 0, "axis": "y", "origin": [11, 8, 4]},
			"faces": {
				"north": {"uv": [4, 4, 8, 5], "texture": "#3", "tintindex": 0},
				"east": {"uv": [11, 5, 12, 6], "texture": "#3", "tintindex": 0},
				"south": {"uv": [5, 0, 9, 1], "texture": "#3", "tintindex": 0},
				"west": {"uv": [6, 11, 7, 12], "texture": "#3", "tintindex": 0},
				"up": {"uv": [9, 2, 5, 1], "texture": "#3", "tintindex": 0},
				"down": {"uv": [9, 2, 5, 3], "texture": "#3", "tintindex": 0}
			}
		},
		{
			"from": [12, 10, 6.5],
			"to": [13, 12, 7.5],
			"rotation": {"angle": 0, "axis": "y", "origin": [8, 10, 7]},
			"faces": {
				"north": {"uv": [3, 10, 4, 12], "texture": "#3", "tintindex": 0},
				"east": {"uv": [10, 4, 11, 6], "texture": "#3", "tintindex": 0},
				"south": {"uv": [10, 6, 11, 8], "texture": "#3", "tintindex": 0},
				"west": {"uv": [10, 8, 11, 10], "texture": "#3", "tintindex": 0},
				"up": {"uv": [12, 7, 11, 6], "texture": "#3", "tintindex": 0},
				"down": {"uv": [8, 11, 7, 12], "texture": "#3", "tintindex": 0}
			}
		},
		{
			"from": [12, 9, 5.5],
			"to": [13, 10, 6.5],
			"rotation": {"angle": 0, "axis": "y", "origin": [8, 10, 6]},
			"faces": {
				"north": {"uv": [11, 7, 12, 8], "texture": "#3", "tintindex": 0},
				"east": {"uv": [8, 11, 9, 12], "texture": "#3", "tintindex": 0},
				"south": {"uv": [11, 8, 12, 9], "texture": "#3", "tintindex": 0},
				"west": {"uv": [9, 11, 10, 12], "texture": "#3", "tintindex": 0},
				"up": {"uv": [12, 10, 11, 9], "texture": "#3", "tintindex": 0},
				"down": {"uv": [11, 11, 10, 12], "texture": "#3", "tintindex": 0}
			}
		},
		{
			"from": [10, 7, 4],
			"to": [12, 9, 6],
			"rotation": {"angle": 0, "axis": "y", "origin": [10, 7, 4]},
			"faces": {
				"north": {"uv": [4, 5, 6, 7], "texture": "#3", "tintindex": 0},
				"east": {"uv": [6, 5, 8, 7], "texture": "#3", "tintindex": 0},
				"south": {"uv": [4, 7, 6, 9], "texture": "#3", "tintindex": 0},
				"west": {"uv": [6, 7, 8, 9], "texture": "#3", "tintindex": 0},
				"up": {"uv": [2, 10, 0, 8], "texture": "#3", "tintindex": 0},
				"down": {"uv": [4, 8, 2, 10], "texture": "#3", "tintindex": 0}
			}
		}
	],
	"display": {
		"head": {
			"translation": [0, 6.4001, 0],
			"scale": [1.599, 1.599, 1.599]
		}
	},
	"groups": [
		{
			"name": "group",
			"origin": [11, 9, 4],
			"color": 0,
			"children": [0, 1, 2, 3, 4, 5, 6, 7, 8, 9]
		},
		{
			"name": "group",
			"origin": [11, 9, 4],
			"color": 0,
			"children": [10, 11, 12, 13, 14, 15, 16, 17, 18, 19]
		}
	]
}