{
	"credit": "Made with Blockbench",
	"textures": {
		"2": "wandering_hat_creator:custom/horn_piece/goat"
	},
	"elements": [
		{
			"from": [10, 7, 4],
			"to": [12, 11, 6],
			"rotation": {"angle": 0, "axis": "y", "origin": [12, 7, 4]},
			"faces": {
				"north": {"uv": [2, 0, 0, 4], "texture": "#2", "tintindex": 0},
				"east": {"uv": [6, 0, 4, 4], "texture": "#2", "tintindex": 0},
				"south": {"uv": [2, 4, 0, 8], "texture": "#2", "tintindex": 0},
				"west": {"uv": [4, 0, 2, 4], "texture": "#2", "tintindex": 0},
				"up": {"uv": [2, 10, 4, 8], "texture": "#2", "tintindex": 0},
				"down": {"uv": [8, 3, 10, 5], "texture": "#2", "tintindex": 0}
			}
		},
		{
			"from": [10, 10, 5],
			"to": [12, 14, 7],
			"rotation": {"angle": 0, "axis": "y", "origin": [12, 10, 5]},
			"faces": {
				"north": {"uv": [4, 4, 2, 8], "texture": "#2", "tintindex": 0},
				"east": {"uv": [8, 4, 6, 8], "texture": "#2", "tintindex": 0},
				"south": {"uv": [8, 0, 6, 4], "texture": "#2", "tintindex": 0},
				"west": {"uv": [6, 4, 4, 8], "texture": "#2", "tintindex": 0},
				"up": {"uv": [4, 10, 6, 8], "texture": "#2", "tintindex": 0},
				"down": {"uv": [8, 5, 10, 7], "texture": "#2", "tintindex": 0}
			}
		},
		{
			"from": [11, 13, 6],
			"to": [12, 16, 8],
			"rotation": {"angle": 0, "axis": "y", "origin": [12, 12, 6]},
			"faces": {
				"north": {"uv": [9, 9, 8, 12], "texture": "#2", "tintindex": 0},
				"east": {"uv": [10, 0, 8, 3], "texture": "#2", "tintindex": 0},
				"south": {"uv": [10, 9, 9, 12], "texture": "#2", "tintindex": 0},
				"west": {"uv": [2, 8, 0, 11], "texture": "#2", "tintindex": 0},
				"up": {"uv": [10, 2, 11, 0], "texture": "#2", "tintindex": 0},
				"down": {"uv": [2, 10, 3, 12], "texture": "#2", "tintindex": 0}
			}
		},
		{
			"from": [11, 15, 7],
			"to": [12, 17, 9],
			"rotation": {"angle": 0, "axis": "y", "origin": [12, 14, 7]},
			"faces": {
				"north": {"uv": [11, 2, 10, 4], "texture": "#2", "tintindex": 0},
				"east": {"uv": [10, 7, 8, 9], "texture": "#2", "tintindex": 0},
				"south": {"uv": [4, 10, 3, 12], "texture": "#2", "tintindex": 0},
				"west": {"uv": [8, 8, 6, 10], "texture": "#2", "tintindex": 0},
				"up": {"uv": [4, 12, 5, 10], "texture": "#2", "tintindex": 0},
				"down": {"uv": [10, 4, 11, 6], "texture": "#2", "tintindex": 0}
			}
		},
		{
			"from": [4, 7, 4],
			"to": [6, 11, 6],
			"rotation": {"angle": 0, "axis": "y", "origin": [4, 7, 4]},
			"faces": {
				"north": {"uv": [0, 0, 2, 4], "texture": "#2", "tintindex": 0},
				"east": {"uv": [2, 0, 4, 4], "texture": "#2", "tintindex": 0},
				"south": {"uv": [0, 4, 2, 8], "texture": "#2", "tintindex": 0},
				"west": {"uv": [4, 0, 6, 4], "texture": "#2", "tintindex": 0},
				"up": {"uv": [4, 10, 2, 8], "texture": "#2", "tintindex": 0},
				"down": {"uv": [10, 3, 8, 5], "texture": "#2", "tintindex": 0}
			}
		},
		{
			"from": [4, 10, 5],
			"to": [6, 14, 7],
			"rotation": {"angle": 0, "axis": "y", "origin": [4, 10, 5]},
			"faces": {
				"north": {"uv": [2, 4, 4, 8], "texture": "#2", "tintindex": 0},
				"east": {"uv": [4, 4, 6, 8], "texture": "#2", "tintindex": 0},
				"south": {"uv": [6, 0, 8, 4], "texture": "#2", "tintindex": 0},
				"west": {"uv": [6, 4, 8, 8], "texture": "#2", "tintindex": 0},
				"up": {"uv": [6, 10, 4, 8], "texture": "#2", "tintindex": 0},
				"down": {"uv": [10, 5, 8, 7], "texture": "#2", "tintindex": 0}
			}
		},
		{
			"from": [4, 13, 6],
			"to": [5, 16, 8],
			"rotation": {"angle": 0, "axis": "y", "origin": [4, 12, 6]},
			"faces": {
				"north": {"uv": [8, 9, 9, 12], "texture": "#2", "tintindex": 0},
				"east": {"uv": [0, 8, 2, 11], "texture": "#2", "tintindex": 0},
				"south": {"uv": [9, 9, 10, 12], "texture": "#2", "tintindex": 0},
				"west": {"uv": [8, 0, 10, 3], "texture": "#2", "tintindex": 0},
				"up": {"uv": [11, 2, 10, 0], "texture": "#2", "tintindex": 0},
				"down": {"uv": [3, 10, 2, 12], "texture": "#2", "tintindex": 0}
			}
		},
		{
			"from": [4, 15, 7],
			"to": [5, 17, 9],
			"rotation": {"angle": 0, "axis": "y", "origin": [4, 14, 7]},
			"faces": {
				"north": {"uv": [10, 2, 11, 4], "texture": "#2", "tintindex": 0},
				"east": {"uv": [6, 8, 8, 10], "texture": "#2", "tintindex": 0},
				"south": {"uv": [3, 10, 4, 12], "texture": "#2", "tintindex": 0},
				"west": {"uv": [8, 7, 10, 9], "texture": "#2", "tintindex": 0},
				"up": {"uv": [5, 12, 4, 10], "texture": "#2", "tintindex": 0},
				"down": {"uv": [11, 4, 10, 6], "texture": "#2", "tintindex": 0}
			}
		}
	],
	"display": {
		"head": {
			"translation": [0, 6.4001, 0],
			"scale": [1.599, 1.599, 1.599]
		}
	},
	"groups": [
		{
			"name": "group",
			"origin": [4, 7, 4],
			"color": 0,
			"children": [0, 1, 2, 3]
		},
		{
			"name": "group",
			"origin": [4, 7, 4],
			"color": 0,
			"children": [4, 5, 6, 7]
		}
	]
}