{
	"credit": "Made with Blockbench",
	"texture_size": [32, 32],
	"textures": {
		"0": "wandering_hat_creator:custom/horn_piece/s_curve_goat"
	},
	"elements": [
		{
			"from": [4, 7, 4],
			"to": [6, 10, 6],
			"rotation": {"angle": 0, "axis": "y", "origin": [4, 8, 4]},
			"faces": {
				"north": {"uv": [0, 0, 2, 3], "texture": "#0", "tintindex": 0},
				"east": {"uv": [2, 0, 4, 3], "texture": "#0", "tintindex": 0},
				"south": {"uv": [0, 3, 2, 6], "texture": "#0", "tintindex": 0},
				"west": {"uv": [2, 3, 4, 6], "texture": "#0", "tintindex": 0},
				"up": {"uv": [4, 8, 2, 6], "texture": "#0", "tintindex": 0},
				"down": {"uv": [8, 4, 6, 6], "texture": "#0", "tintindex": 0}
			}
		},
		{
			"from": [3.5, 9, 5],
			"to": [5.5, 11, 7],
			"rotation": {"angle": 0, "axis": "y", "origin": [4, 9, 5]},
			"faces": {
				"north": {"uv": [6, 6, 8, 8], "texture": "#0", "tintindex": 0},
				"east": {"uv": [7, 0, 9, 2], "texture": "#0", "tintindex": 0},
				"south": {"uv": [7, 2, 9, 4], "texture": "#0", "tintindex": 0},
				"west": {"uv": [4, 7, 6, 9], "texture": "#0", "tintindex": 0},
				"up": {"uv": [4, 10, 2, 8], "texture": "#0", "tintindex": 0},
				"down": {"uv": [10, 4, 8, 6], "texture": "#0", "tintindex": 0}
			}
		},
		{
			"from": [3.5, 11, 10],
			"to": [4.5, 13, 12],
			"rotation": {"angle": 0, "axis": "y", "origin": [3, 11, 10]},
			"faces": {
				"north": {"uv": [4, 9, 5, 11], "texture": "#0", "tintindex": 0},
				"east": {"uv": [6, 8, 8, 10], "texture": "#0", "tintindex": 0},
				"south": {"uv": [5, 9, 6, 11], "texture": "#0", "tintindex": 0},
				"west": {"uv": [8, 6, 10, 8], "texture": "#0", "tintindex": 0},
				"up": {"uv": [3, 12, 2, 10], "texture": "#0", "tintindex": 0},
				"down": {"uv": [4, 10, 3, 12], "texture": "#0", "tintindex": 0}
			}
		},
		{
			"from": [3.5, 13, 11],
			"to": [4.5, 14, 12],
			"rotation": {"angle": 0, "axis": "y", "origin": [3, 12, 11]},
			"faces": {
				"north": {"uv": [8, 10, 9, 11], "texture": "#0", "tintindex": 0},
				"east": {"uv": [10, 8, 11, 9], "texture": "#0", "tintindex": 0},
				"south": {"uv": [9, 10, 10, 11], "texture": "#0", "tintindex": 0},
				"west": {"uv": [10, 9, 11, 10], "texture": "#0", "tintindex": 0},
				"up": {"uv": [11, 11, 10, 10], "texture": "#0", "tintindex": 0},
				"down": {"uv": [1, 11, 0, 12], "texture": "#0", "tintindex": 0}
			}
		},
		{
			"from": [3.5, 10, 9],
			"to": [4.5, 12, 11],
			"rotation": {"angle": 0, "axis": "y", "origin": [4, 10, 6]},
			"faces": {
				"north": {"uv": [10, 4, 11, 6], "texture": "#0", "tintindex": 0},
				"east": {"uv": [8, 8, 10, 10], "texture": "#0", "tintindex": 0},
				"south": {"uv": [6, 10, 7, 12], "texture": "#0", "tintindex": 0},
				"west": {"uv": [0, 9, 2, 11], "texture": "#0", "tintindex": 0},
				"up": {"uv": [11, 8, 10, 6], "texture": "#0", "tintindex": 0},
				"down": {"uv": [8, 10, 7, 12], "texture": "#0", "tintindex": 0}
			}
		},
		{
			"from": [3, 10, 6],
			"to": [5, 12, 9],
			"rotation": {"angle": 0, "axis": "y", "origin": [3, 10, 6]},
			"faces": {
				"north": {"uv": [9, 0, 11, 2], "texture": "#0", "tintindex": 0},
				"east": {"uv": [4, 0, 7, 2], "texture": "#0", "tintindex": 0},
				"south": {"uv": [9, 2, 11, 4], "texture": "#0", "tintindex": 0},
				"west": {"uv": [4, 2, 7, 4], "texture": "#0", "tintindex": 0},
				"up": {"uv": [6, 7, 4, 4], "texture": "#0", "tintindex": 0},
				"down": {"uv": [2, 6, 0, 9], "texture": "#0", "tintindex": 0}
			}
		},
		{
			"from": [10, 7, 4],
			"to": [12, 10, 6],
			"rotation": {"angle": 0, "axis": "y", "origin": [12, 8, 4]},
			"faces": {
				"north": {"uv": [2, 0, 0, 3], "texture": "#0", "tintindex": 0},
				"east": {"uv": [4, 3, 2, 6], "texture": "#0", "tintindex": 0},
				"south": {"uv": [2, 3, 0, 6], "texture": "#0", "tintindex": 0},
				"west": {"uv": [4, 0, 2, 3], "texture": "#0", "tintindex": 0},
				"up": {"uv": [2, 8, 4, 6], "texture": "#0", "tintindex": 0},
				"down": {"uv": [6, 4, 8, 6], "texture": "#0", "tintindex": 0}
			}
		},
		{
			"from": [10.5, 9, 5],
			"to": [12.5, 11, 7],
			"rotation": {"angle": 0, "axis": "y", "origin": [12, 9, 5]},
			"faces": {
				"north": {"uv": [8, 6, 6, 8], "texture": "#0", "tintindex": 0},
				"east": {"uv": [6, 7, 4, 9], "texture": "#0", "tintindex": 0},
				"south": {"uv": [9, 2, 7, 4], "texture": "#0", "tintindex": 0},
				"west": {"uv": [9, 0, 7, 2], "texture": "#0", "tintindex": 0},
				"up": {"uv": [2, 10, 4, 8], "texture": "#0", "tintindex": 0},
				"down": {"uv": [8, 4, 10, 6], "texture": "#0", "tintindex": 0}
			}
		},
		{
			"from": [11.5, 11, 10],
			"to": [12.5, 13, 12],
			"rotation": {"angle": 0, "axis": "y", "origin": [13, 11, 10]},
			"faces": {
				"north": {"uv": [5, 9, 4, 11], "texture": "#0", "tintindex": 0},
				"east": {"uv": [10, 6, 8, 8], "texture": "#0", "tintindex": 0},
				"south": {"uv": [6, 9, 5, 11], "texture": "#0", "tintindex": 0},
				"west": {"uv": [8, 8, 6, 10], "texture": "#0", "tintindex": 0},
				"up": {"uv": [2, 12, 3, 10], "texture": "#0", "tintindex": 0},
				"down": {"uv": [3, 10, 4, 12], "texture": "#0", "tintindex": 0}
			}
		},
		{
			"from": [11.5, 13, 11],
			"to": [12.5, 14, 12],
			"rotation": {"angle": 0, "axis": "y", "origin": [13, 12, 11]},
			"faces": {
				"north": {"uv": [9, 10, 8, 11], "texture": "#0", "tintindex": 0},
				"east": {"uv": [11, 9, 10, 10], "texture": "#0", "tintindex": 0},
				"south": {"uv": [10, 10, 9, 11], "texture": "#0", "tintindex": 0},
				"west": {"uv": [11, 8, 10, 9], "texture": "#0", "tintindex": 0},
				"up": {"uv": [10, 11, 11, 10], "texture": "#0", "tintindex": 0},
				"down": {"uv": [0, 11, 1, 12], "texture": "#0", "tintindex": 0}
			}
		},
		{
			"from": [11.5, 10, 9],
			"to": [12.5, 12, 11],
			"rotation": {"angle": 0, "axis": "y", "origin": [12, 10, 6]},
			"faces": {
				"north": {"uv": [11, 4, 10, 6], "texture": "#0", "tintindex": 0},
				"east": {"uv": [2, 9, 0, 11], "texture": "#0", "tintindex": 0},
				"south": {"uv": [7, 10, 6, 12], "texture": "#0", "tintindex": 0},
				"west": {"uv": [10, 8, 8, 10], "texture": "#0", "tintindex": 0},
				"up": {"uv": [10, 8, 11, 6], "texture": "#0", "tintindex": 0},
				"down": {"uv": [7, 10, 8, 12], "texture": "#0", "tintindex": 0}
			}
		},
		{
			"from": [11, 10, 6],
			"to": [13, 12, 9],
			"rotation": {"angle": 0, "axis": "y", "origin": [13, 10, 6]},
			"faces": {
				"north": {"uv": [11, 0, 9, 2], "texture": "#0", "tintindex": 0},
				"east": {"uv": [7, 2, 4, 4], "texture": "#0", "tintindex": 0},
				"south": {"uv": [11, 2, 9, 4], "texture": "#0", "tintindex": 0},
				"west": {"uv": [7, 0, 4, 2], "texture": "#0", "tintindex": 0},
				"up": {"uv": [4, 7, 6, 4], "texture": "#0", "tintindex": 0},
				"down": {"uv": [0, 6, 2, 9], "texture": "#0", "tintindex": 0}
			}
		}
	],
	"display": {
		"head": {
			"translation": [0, 5.1501, 0],
			"scale": [1.599, 1.599, 1.599]
		}
	},
	"groups": [
		{
			"name": "group",
			"origin": [4, 8, 5],
			"color": 0,
			"children": [0, 1, 2, 3, 4, 5]
		},
		{
			"name": "group",
			"origin": [4, 8, 5],
			"color": 0,
			"children": [6, 7, 8, 9, 10, 11]
		}
	]
}