{
	"credit": "Made with Blockbench",
	"textures": {
		"1": "wandering_hat_creator:custom/horn_piece/small_goat"
	},
	"elements": [
		{
			"from": [4, 7, 4],
			"to": [5, 10, 5],
			"rotation": {"angle": 0, "axis": "y", "origin": [4, 6, 4]},
			"faces": {
				"north": {"uv": [0, 0, 1, 3], "texture": "#1", "tintindex": 0},
				"east": {"uv": [1, 0, 2, 3], "texture": "#1", "tintindex": 0},
				"south": {"uv": [2, 0, 3, 3], "texture": "#1", "tintindex": 0},
				"west": {"uv": [0, 3, 1, 6], "texture": "#1", "tintindex": 0},
				"up": {"uv": [5, 1, 4, 0], "texture": "#1", "tintindex": 0},
				"down": {"uv": [5, 1, 4, 2], "texture": "#1", "tintindex": 0}
			}
		},
		{
			"from": [4, 9, 5],
			"to": [5, 11, 6],
			"rotation": {"angle": 0, "axis": "y", "origin": [4, 8, 5]},
			"faces": {
				"north": {"uv": [3, 0, 4, 2], "texture": "#1", "tintindex": 0},
				"east": {"uv": [1, 3, 2, 5], "texture": "#1", "tintindex": 0},
				"south": {"uv": [2, 3, 3, 5], "texture": "#1", "tintindex": 0},
				"west": {"uv": [3, 2, 4, 4], "texture": "#1", "tintindex": 0},
				"up": {"uv": [5, 3, 4, 2], "texture": "#1", "tintindex": 0},
				"down": {"uv": [4, 4, 3, 5], "texture": "#1", "tintindex": 0}
			}
		},
		{
			"from": [11, 7, 4],
			"to": [12, 10, 5],
			"rotation": {"angle": 0, "axis": "y", "origin": [12, 6, 4]},
			"faces": {
				"north": {"uv": [1, 0, 0, 3], "texture": "#1", "tintindex": 0},
				"east": {"uv": [1, 3, 0, 6], "texture": "#1", "tintindex": 0},
				"south": {"uv": [3, 0, 2, 3], "texture": "#1", "tintindex": 0},
				"west": {"uv": [2, 0, 1, 3], "texture": "#1", "tintindex": 0},
				"up": {"uv": [4, 1, 5, 0], "texture": "#1", "tintindex": 0},
				"down": {"uv": [4, 1, 5, 2], "texture": "#1", "tintindex": 0}
			}
		},
		{
			"from": [11, 9, 5],
			"to": [12, 11, 6],
			"rotation": {"angle": 0, "axis": "y", "origin": [12, 8, 5]},
			"faces": {
				"north": {"uv": [4, 0, 3, 2], "texture": "#1", "tintindex": 0},
				"east": {"uv": [4, 2, 3, 4], "texture": "#1", "tintindex": 0},
				"south": {"uv": [3, 3, 2, 5], "texture": "#1", "tintindex": 0},
				"west": {"uv": [2, 3, 1, 5], "texture": "#1", "tintindex": 0},
				"up": {"uv": [4, 3, 5, 2], "texture": "#1", "tintindex": 0},
				"down": {"uv": [3, 4, 4, 5], "texture": "#1", "tintindex": 0}
			}
		}
	],
	"display": {
		"head": {
			"translation": [0, 6.4001, 0],
			"scale": [1.599, 1.599, 1.599]
		}
	},
	"groups": [
		{
			"name": "group",
			"origin": [4, 7, 4],
			"color": 0,
			"children": [0, 1]
		},
		{
			"name": "group",
			"origin": [4, 7, 4],
			"color": 0,
			"children": [2, 3]
		}
	]
}