{
	"credit": "Made with Blockbench",
	"textures": {
		"9": "wandering_hat_creator:custom/eyes_piece/eyes_custom/ninja_t"
	},
	"elements": [
		{
			"from": [3.5, 4, 3.5],
			"to": [12.5, 9, 12.5],
			"rotation": {"angle": 0, "axis": "y", "origin": [3, 0, 3]},
			"faces": {
				"north": {"uv": [4, 11.5, 8, 13.5], "texture": "#9", "tintindex": 0},
				"east": {"uv": [0, 11.5, 4, 13.5], "texture": "#9", "tintindex": 0},
				"south": {"uv": [12, 11.5, 16, 13.5], "texture": "#9", "tintindex": 0},
				"west": {"uv": [8, 11.5, 12, 13.5], "texture": "#9", "tintindex": 0},
				"up": {"uv": [4, 4, 8, 0], "texture": "#9", "tintindex": 0},
				"down": {"uv": [0, 0, 4, 4], "texture": "#9", "tintindex": 0}
			}
		},
		{
			"from": [3.5, -1, 12.495],
			"to": [12.5, 9, 12.495],
			"rotation": {"angle": 0, "axis": "y", "origin": [3, 0, 3]},
			"faces": {
				"north": {"uv": [16, 11.5, 12, 15.5], "texture": "#9", "tintindex": 0},
				"east": {"uv": [0, 7.5, 4, 11.5], "texture": "#9", "tintindex": 0},
				"south": {"uv": [12, 11.5, 16, 15.5], "texture": "#9", "tintindex": 0},
				"west": {"uv": [8, 7.5, 12, 11.5], "texture": "#9", "tintindex": 0},
				"up": {"uv": [4, 4, 8, 0], "texture": "#9"},
				"down": {"uv": [0, 0, 4, 4], "texture": "#9"}
			}
		}
	],
	"display": {
		"thirdperson_righthand": {
			"scale": [0.5, 0.5, 0.5]
		},
		"thirdperson_lefthand": {
			"scale": [0.5, 0.5, 0.5]
		},
		"firstperson_righthand": {
			"scale": [0.5, 0.5, 0.5]
		},
		"ground": {
			"scale": [0.8, 0.8, 0.8]
		},
		"gui": {
			"rotation": [0, -180, 0],
			"scale": [0.9, 0.9, 0.9]
		},
		"head": {
			"translation": [0, 3, 0],
			"scale": [1.61, 1.61, 1.61]
		},
		"fixed": {
			"translation": [0, 0, 5]
		}
	}
}