{
	"credit": "Made with Blockbench",
	"texture_size": [8, 8],
	"textures": {
		"8": "wandering_hat_creator:custom/eyes_piece/eyes_custom/tinted_goggles"
	},
	"elements": [
		{
			"from": [4, 6, 4],
			"to": [12, 8, 12],
			"rotation": {"angle": 0, "axis": "y", "origin": [3, 6, 3]},
			"faces": {
				"north": {"uv": [0, 0, 8, 2], "texture": "#8", "tintindex": 1},
				"east": {"uv": [0, 2, 8, 4], "texture": "#8", "tintindex": 1},
				"south": {"uv": [0, 4, 8, 6], "texture": "#8", "tintindex": 1},
				"west": {"uv": [0, 6, 8, 8], "texture": "#8", "tintindex": 1},
				"up": {"uv": [16, 8, 8, 0], "texture": "#8"},
				"down": {"uv": [16, 0, 8, 8], "texture": "#8"}
			}
		},
		{
			"from": [4, 8, 4],
			"to": [12, 6, 12],
			"rotation": {"angle": 0, "axis": "y", "origin": [3, 8, 3]},
			"faces": {
				"north": {"uv": [0, 0, 8, 2], "texture": "#8", "tintindex": 1},
				"east": {"uv": [0, 2, 8, 4], "texture": "#8", "tintindex": 1},
				"south": {"uv": [0, 4, 8, 6], "texture": "#8", "tintindex": 1},
				"west": {"uv": [0, 6, 8, 8], "texture": "#8", "tintindex": 1},
				"up": {"uv": [16, 8, 8, 0], "texture": "#8"},
				"down": {"uv": [16, 0, 8, 8], "texture": "#8"}
			}
		},
		{
			"from": [4.5, 5.5, 3],
			"to": [7.5, 8.5, 4],
			"rotation": {"angle": 0, "axis": "y", "origin": [4, 6, 2]},
			"faces": {
				"north": {"uv": [0, 8, 3, 11], "texture": "#8", "tintindex": 1},
				"east": {"uv": [3, 8, 4, 11], "texture": "#8", "tintindex": 1},
				"south": {"uv": [0, 8, 3, 11], "texture": "#8", "tintindex": 1},
				"west": {"uv": [3, 11, 4, 14], "texture": "#8", "tintindex": 1},
				"up": {"uv": [7, 9, 4, 8], "texture": "#8", "tintindex": 1},
				"down": {"uv": [7, 9, 4, 10], "texture": "#8", "tintindex": 1}
			}
		},
		{
			"from": [8.5, 5.5, 3],
			"to": [11.5, 8.5, 4],
			"rotation": {"angle": 0, "axis": "y", "origin": [8, 6, 2]},
			"faces": {
				"north": {"uv": [0, 8, 3, 11], "texture": "#8", "tintindex": 1},
				"east": {"uv": [3, 8, 4, 11], "texture": "#8", "tintindex": 1},
				"south": {"uv": [0, 8, 3, 11], "texture": "#8", "tintindex": 1},
				"west": {"uv": [3, 11, 4, 14], "texture": "#8", "tintindex": 1},
				"up": {"uv": [7, 9, 4, 8], "texture": "#8", "tintindex": 1},
				"down": {"uv": [7, 9, 4, 10], "texture": "#8", "tintindex": 1}
			}
		},
		{
			"from": [4.5, 8.5, 3],
			"to": [7.5, 5.5, 4],
			"rotation": {"angle": 0, "axis": "y", "origin": [4, 14, 2]},
			"faces": {
				"north": {"uv": [0, 11, 3, 14], "texture": "#8", "tintindex": 1},
				"east": {"uv": [7, 8, 8, 11], "texture": "#8", "tintindex": 1},
				"south": {"uv": [0, 11, 3, 14], "texture": "#8", "tintindex": 1},
				"west": {"uv": [7, 11, 8, 14], "texture": "#8", "tintindex": 1},
				"up": {"uv": [7, 11, 4, 10], "texture": "#8", "tintindex": 1},
				"down": {"uv": [7, 11, 4, 12], "texture": "#8", "tintindex": 1}
			}
		},
		{
			"from": [8.5, 8.5, 3],
			"to": [11.5, 5.5, 4],
			"rotation": {"angle": 0, "axis": "y", "origin": [8, 14, 2]},
			"faces": {
				"north": {"uv": [0, 11, 3, 14], "texture": "#8", "tintindex": 1},
				"east": {"uv": [7, 8, 8, 11], "texture": "#8", "tintindex": 1},
				"south": {"uv": [0, 11, 3, 14], "texture": "#8", "tintindex": 1},
				"west": {"uv": [7, 11, 8, 14], "texture": "#8", "tintindex": 1},
				"up": {"uv": [7, 11, 4, 10], "texture": "#8", "tintindex": 1},
				"down": {"uv": [7, 11, 4, 12], "texture": "#8", "tintindex": 1}
			}
		},
		{
			"from": [5, 6, 3],
			"to": [7, 8, 4],
			"rotation": {"angle": 0, "axis": "y", "origin": [5, 6, 2]},
			"faces": {
				"north": {"uv": [0, 14, 2, 16], "texture": "#8", "tintindex": 0},
				"east": {"uv": [2, 14, 3, 16], "texture": "#8"},
				"south": {"uv": [0, 14, 2, 16], "texture": "#8", "tintindex": 0},
				"west": {"uv": [2, 14, 3, 16], "texture": "#8"},
				"up": {"uv": [5, 15, 3, 14], "texture": "#8"},
				"down": {"uv": [5, 14, 3, 15], "texture": "#8"}
			}
		},
		{
			"from": [9, 6, 3],
			"to": [11, 8, 4],
			"rotation": {"angle": 0, "axis": "y", "origin": [9, 6, 2]},
			"faces": {
				"north": {"uv": [0, 14, 2, 16], "texture": "#8", "tintindex": 0},
				"east": {"uv": [2, 14, 3, 16], "texture": "#8"},
				"south": {"uv": [0, 14, 2, 16], "texture": "#8", "tintindex": 0},
				"west": {"uv": [2, 14, 3, 16], "texture": "#8"},
				"up": {"uv": [5, 15, 3, 14], "texture": "#8"},
				"down": {"uv": [5, 14, 3, 15], "texture": "#8"}
			}
		}
	],
	"display": {
		"thirdperson_righthand": {
			"scale": [0.5, 0.5, 0.5]
		},
		"thirdperson_lefthand": {
			"scale": [0.5, 0.5, 0.5]
		},
		"firstperson_righthand": {
			"scale": [0.5, 0.5, 0.5]
		},
		"ground": {
			"scale": [0.8, 0.8, 0.8]
		},
		"gui": {
			"rotation": [0, -180, 0],
			"scale": [0.9, 0.9, 0.9]
		},
		"head": {
			"translation": [0, 0.99, 0],
			"scale": [1.7, 1.7, 1.7]
		},
		"fixed": {
			"translation": [0, 0, 5]
		}
	},
	"groups": [
		{
			"name": "group",
			"origin": [8, 6, 2],
			"color": 0,
			"children": [0, 1]
		},
		{
			"name": "group",
			"origin": [8, 6, 2],
			"color": 0,
			"children": [2, 3, 4, 5, 6, 7]
		}
	]
}