{
	"credit": "Made with Blockbench",
	"texture_size": [32, 32],
	"textures": {
		"0": "wandering_hat_creator:custom/hat_piece/hat_helmet/greek_long/golden"
	},
	"elements": [
				{
			"from": [3.3, -3.05, 3.3],
			"to": [12.7, 8.7, 12.7],
			"rotation": {"angle": 0, "axis": "y", "origin": [4, 0, 4]},
			"faces": {
				"north": {"uv": [4, 4, 8, 9], "texture": "#0", "tintindex": 0},
				"east": {"uv": [0, 4, 4, 9], "texture": "#0", "tintindex": 0},
				"south": {"uv": [12, 4, 16, 9], "texture": "#0", "tintindex": 0},
				"west": {"uv": [8, 4, 12, 9], "texture": "#0", "tintindex": 0},
				"up": {"uv": [8, 4, 4, 0], "texture": "#0", "tintindex": 0},
				"down": {"uv": [12, 0, 8, 4], "texture": "#0", "tintindex": 0}
			}
		},
		{
			"from": [3.3, 8.7, 3.3],
			"to": [12.7, -3.05, 12.7],
			"rotation": {"angle": 0, "axis": "y", "origin": [4, 9, 4]},
			"faces": {
				"north": {"uv": [4, 9, 8, 4], "texture": "#0", "tintindex": 0},
				"east": {"uv": [0, 9, 4, 4], "texture": "#0", "tintindex": 0},
				"south": {"uv": [12, 9, 16, 4], "texture": "#0", "tintindex": 0},
				"west": {"uv": [8, 9, 12, 4], "texture": "#0", "tintindex": 0},
				"up": {"uv": [12, 4, 8, 0], "texture": "#0", "tintindex": 0},
				"down": {"uv": [8, 0, 4, 4], "texture": "#0", "tintindex": 0}
			}
		}
	],
	"display": {
		"head": {
			"translation": [0, 6.7, 0],
			"scale": [1.7, 1.7, 1.7]
		}
	}
}