{
	"credit": "Made with Blockbench",
	"texture_size": [32, 32],
	"textures": {
		"0": "wandering_hat_creator:custom/hat_piece/hat_helmet/morion/diamond"
	},
	"elements": [
		{
			"from": [4, 3, 4],
			"to": [12, 8, 12],
			"rotation": {"angle": 0, "axis": "y", "origin": [4, 0, 4]},
			"faces": {
				"north": {"uv": [4, 4, 8, 6.5], "texture": "#0"},
				"east": {"uv": [0, 4, 4, 6.5], "texture": "#0"},
				"south": {"uv": [12, 4, 16, 6.5], "texture": "#0"},
				"west": {"uv": [8, 4, 12, 6.5], "texture": "#0"},
				"up": {"uv": [8, 4, 4, 0], "texture": "#0"},
				"down": {"uv": [4, 0, 0, 4], "texture": "#0"}
			}
		},
		{
			"from": [4, 8, 4],
			"to": [12, 3, 12],
			"rotation": {"angle": 0, "axis": "y", "origin": [4, 9, 4]},
			"faces": {
				"north": {"uv": [4, 6.5, 8, 4], "texture": "#0"},
				"east": {"uv": [0, 6.5, 4, 4], "texture": "#0"},
				"south": {"uv": [12, 6.5, 16, 4], "texture": "#0"},
				"west": {"uv": [8, 6.5, 12, 4], "texture": "#0"},
				"up": {"uv": [4, 4, 0, 0], "texture": "#0"},
				"down": {"uv": [8, 0, 4, 4], "texture": "#0"}
			}
		},
		{
			"from": [3, 3, 8],
			"to": [13, 3, 13],
			"rotation": {"angle": 0, "axis": "y", "origin": [7, 2, -2]},
			"faces": {
				"north": {"uv": [0, 0, 0, 0], "texture": "#0"},
				"east": {"uv": [0, 0, 0, 0], "texture": "#0"},
				"south": {"uv": [0, 0, 0, 0], "texture": "#0"},
				"west": {"uv": [0, 0, 0, 0], "texture": "#0"},
				"up": {"uv": [5, 9.5, 0, 7], "texture": "#0"},
				"down": {"uv": [5, 7, 0, 9.5], "texture": "#0"}
			}
		},
		{
			"from": [3, 4, 3],
			"to": [13, 4, 8],
			"rotation": {"angle": 0, "axis": "y", "origin": [7, 3, -2]},
			"faces": {
				"north": {"uv": [0, 0, 0, 0], "texture": "#0"},
				"east": {"uv": [0, 0, 0, 0], "texture": "#0"},
				"south": {"uv": [0, 0, 0, 0], "texture": "#0"},
				"west": {"uv": [0, 0, 0, 0], "texture": "#0"},
				"up": {"uv": [5, 9.5, 0, 7], "rotation": 180, "texture": "#0"},
				"down": {"uv": [5, 7, 0, 9.5], "rotation": 180, "texture": "#0"}
			}
		},
		{
			"from": [3, 3, 8],
			"to": [13, 4, 8],
			"rotation": {"angle": 0, "axis": "y", "origin": [3, 2, 6]},
			"faces": {
				"north": {"uv": [0, 9.5, 5, 10], "texture": "#0"},
				"east": {"uv": [0, 0, 0, 0.5], "texture": "#0"},
				"south": {"uv": [0, 9.5, 5, 10], "texture": "#0"},
				"west": {"uv": [0, 0, 0, 0.5], "texture": "#0"},
				"up": {"uv": [0, 0, 5, 0], "texture": "#0"},
				"down": {"uv": [0, 0, 5, 0], "texture": "#0"}
			}
		},
		{
			"from": [5, 4, 3],
			"to": [11, 5, 4],
			"rotation": {"angle": 0, "axis": "y", "origin": [8, 4, 8]},
			"faces": {
				"north": {"uv": [1, 11.5, 4, 12], "texture": "#0"},
				"east": {"uv": [0.5, 10, 1, 10.5], "texture": "#0"},
				"south": {"uv": [1, 11.5, 4, 12], "texture": "#0"},
				"west": {"uv": [4, 10, 4.5, 10.5], "texture": "#0"},
				"up": {"uv": [1, 10, 4, 10.5], "texture": "#0"},
				"down": {"uv": [1, 11.5, 4, 12], "texture": "#0"}
			}
		},
		{
			"from": [5, 5, 3],
			"to": [11, 4, 4],
			"rotation": {"angle": 0, "axis": "y", "origin": [8, 4, 8]},
			"faces": {
				"north": {"uv": [1, 11.5, 4, 12], "texture": "#0"},
				"east": {"uv": [0.5, 10, 1, 10.5], "texture": "#0"},
				"south": {"uv": [1, 11.5, 4, 12], "texture": "#0"},
				"west": {"uv": [4, 10, 4.5, 10.5], "texture": "#0"},
				"up": {"uv": [1, 11.5, 4, 12], "texture": "#0"},
				"down": {"uv": [1, 10, 4, 10.5], "texture": "#0"}
			}
		},
		{
			"from": [5, 3, 12],
			"to": [11, 4, 13],
			"rotation": {"angle": 0, "axis": "y", "origin": [8, 3, 8]},
			"faces": {
				"north": {"uv": [1, 11.5, 4, 12], "texture": "#0"},
				"east": {"uv": [4, 10, 4.5, 10.5], "texture": "#0"},
				"south": {"uv": [1, 11.5, 4, 12], "texture": "#0"},
				"west": {"uv": [0.5, 10, 1, 10.5], "texture": "#0"},
				"up": {"uv": [1, 10, 4, 10.5], "rotation": 180, "texture": "#0"},
				"down": {"uv": [1, 11.5, 4, 12], "rotation": 180, "texture": "#0"}
			}
		},
		{
			"from": [5, 4, 12],
			"to": [11, 3, 13],
			"rotation": {"angle": 0, "axis": "y", "origin": [8, 3, 8]},
			"faces": {
				"north": {"uv": [1, 11.5, 4, 12], "texture": "#0"},
				"east": {"uv": [4, 10, 4.5, 10.5], "texture": "#0"},
				"south": {"uv": [1, 11.5, 4, 12], "texture": "#0"},
				"west": {"uv": [0.5, 10, 1, 10.5], "texture": "#0"},
				"up": {"uv": [1, 11.5, 4, 12], "rotation": 180, "texture": "#0"},
				"down": {"uv": [1, 10, 4, 10.5], "rotation": 180, "texture": "#0"}
			}
		},
		{
			"from": [7, 5, 3],
			"to": [9, 6, 4],
			"rotation": {"angle": 0, "axis": "z", "origin": [8, 0, 8]},
			"faces": {
				"north": {"uv": [2, 11.5, 3, 12], "texture": "#0"},
				"east": {"uv": [1.5, 10.5, 2, 11], "texture": "#0"},
				"south": {"uv": [2, 11.5, 3, 12], "texture": "#0"},
				"west": {"uv": [3, 10.5, 3.5, 11], "texture": "#0"},
				"up": {"uv": [2, 10.5, 3, 11], "texture": "#0"},
				"down": {"uv": [2, 11.5, 3, 12], "texture": "#0"}
			}
		},
		{
			"from": [7, 6, 3],
			"to": [9, 5, 4],
			"rotation": {"angle": 0, "axis": "z", "origin": [8, 0, 8]},
			"faces": {
				"north": {"uv": [2, 11.5, 3, 12], "texture": "#0"},
				"east": {"uv": [1.5, 10.5, 2, 11], "texture": "#0"},
				"south": {"uv": [2, 11.5, 3, 12], "texture": "#0"},
				"west": {"uv": [3, 10.5, 3.5, 11], "texture": "#0"},
				"up": {"uv": [2, 11.5, 3, 12], "texture": "#0"},
				"down": {"uv": [2, 10.5, 3, 11], "texture": "#0"}
			}
		},
		{
			"from": [7, 4, 12],
			"to": [9, 5, 13],
			"rotation": {"angle": 0, "axis": "y", "origin": [8, -1, 8]},
			"faces": {
				"north": {"uv": [2, 11.5, 3, 12], "texture": "#0"},
				"east": {"uv": [3, 10.5, 3.5, 11], "texture": "#0"},
				"south": {"uv": [2, 11.5, 3, 12], "texture": "#0"},
				"west": {"uv": [1.5, 10.5, 2, 11], "texture": "#0"},
				"up": {"uv": [2, 10.5, 3, 11], "rotation": 180, "texture": "#0"},
				"down": {"uv": [2, 11.5, 3, 12], "rotation": 180, "texture": "#0"}
			}
		},
		{
			"from": [7, 5, 12],
			"to": [9, 4, 13],
			"rotation": {"angle": 0, "axis": "y", "origin": [8, -1, 8]},
			"faces": {
				"north": {"uv": [2, 11.5, 3, 12], "texture": "#0"},
				"east": {"uv": [3, 10.5, 3.5, 11], "texture": "#0"},
				"south": {"uv": [2, 11.5, 3, 12], "texture": "#0"},
				"west": {"uv": [1.5, 10.5, 2, 11], "texture": "#0"},
				"up": {"uv": [2, 11.5, 3, 12], "rotation": 180, "texture": "#0"},
				"down": {"uv": [2, 10.5, 3, 11], "rotation": 180, "texture": "#0"}
			}
		},
		{
			"from": [8, 5, 3],
			"to": [8, 11, 13],
			"rotation": {"angle": 0, "axis": "y", "origin": [8, 5, 11]},
			"faces": {
				"north": {"uv": [0, 0, 0, 3], "texture": "#0"},
				"east": {"uv": [0, 13, 5, 16], "texture": "#0"},
				"south": {"uv": [0, 0, 0, 3], "texture": "#0"},
				"west": {"uv": [5, 13, 0, 16], "texture": "#0"},
				"up": {"uv": [0, 0, 0, 5], "texture": "#0"},
				"down": {"uv": [0, 0, 0, 5], "texture": "#0"}
			}
		}
	],
	"display": {
		"head": {
			"translation": [0, 7.889, 0],
			"scale": [1.99, 1.99, 1.99]
		}
	}
}