{
	"credit": "Made with Blockbench",
	"texture_size": [32, 32],
	"textures": {
		"0": "wandering_hat_creator:custom/hat_piece/hat_helmet/kabuto/leather_copy",
		"1": "wandering_hat_creator:custom/hat_piece/hat_helmet/kabuto/leather_overlay"
	},
	"elements": [
		{
			"from": [4, 4, 4],
			"to": [12, 8, 12],
			"rotation": {"angle": 0, "axis": "y", "origin": [4, 0, 4]},
			"faces": {
				"north": {"uv": [4, 4, 8, 6], "texture": "#0", "tintindex": 0},
				"east": {"uv": [0, 4, 4, 6], "texture": "#0", "tintindex": 0},
				"south": {"uv": [12, 4, 16, 6], "texture": "#0", "tintindex": 0},
				"west": {"uv": [8, 4, 12, 6], "texture": "#0", "tintindex": 0},
				"up": {"uv": [8, 4, 4, 0], "texture": "#0", "tintindex": 0},
				"down": {"uv": [4, 0, 0, 4], "texture": "#0", "tintindex": 0}
			}
		},
		{
			"from": [4, 8, 4],
			"to": [12, 4, 12],
			"rotation": {"angle": 0, "axis": "y", "origin": [4, 9, 4]},
			"faces": {
				"north": {"uv": [4, 6, 8, 4], "texture": "#0", "tintindex": 0},
				"east": {"uv": [0, 6, 4, 4], "texture": "#0", "tintindex": 0},
				"south": {"uv": [12, 6, 16, 4], "texture": "#0", "tintindex": 0},
				"west": {"uv": [8, 6, 12, 4], "texture": "#0", "tintindex": 0},
				"up": {"uv": [4, 4, 0, 0], "texture": "#0", "tintindex": 0},
				"down": {"uv": [8, 0, 4, 4], "texture": "#0", "tintindex": 0}
			}
		},
		{
			"from": [3, 2, 5],
			"to": [13, 4, 13],
			"rotation": {"angle": 0, "axis": "y", "origin": [7, 3, 0]},
			"faces": {
				"north": {"uv": [8.5, 0, 10, 0.5], "texture": "#0"},
				"east": {"uv": [12, 14, 16, 15], "texture": "#0", "tintindex": 0},
				"south": {"uv": [5.5, 15, 10.5, 16], "texture": "#0", "tintindex": 0},
				"west": {"uv": [0, 14, 4, 15], "texture": "#0", "tintindex": 0},
				"up": {"uv": [14.5, 12.5, 10.5, 7.5], "rotation": 90, "texture": "#0", "tintindex": 0},
				"down": {"uv": [12.5, 0, 13, 0.5], "texture": "#0"}
			}
		},
		{
			"from": [2, 1, 5],
			"to": [14, 2, 14],
			"rotation": {"angle": 0, "axis": "y", "origin": [2, -1, 5]},
			"faces": {
				"north": {"uv": [8.5, 0, 10, 0.5], "texture": "#0"},
				"east": {"uv": [11.5, 15, 16, 15.5], "texture": "#0", "tintindex": 0},
				"south": {"uv": [5, 14.5, 11, 15], "texture": "#0", "tintindex": 0},
				"west": {"uv": [0, 15, 4.5, 15.5], "texture": "#0", "tintindex": 0},
				"up": {"uv": [10, 13, 5.5, 7], "rotation": 90, "texture": "#0", "tintindex": 0},
				"down": {"uv": [10, 0, 11.5, 1], "texture": "#0"}
			}
		},
		{
			"from": [1, 0, 5],
			"to": [15, 1, 15],
			"rotation": {"angle": 0, "axis": "y", "origin": [1, 0, 5]},
			"faces": {
				"north": {"uv": [8.5, 0, 10, 0.5], "texture": "#0"},
				"east": {"uv": [11, 15.5, 16, 16], "texture": "#0", "tintindex": 0},
				"south": {"uv": [4.5, 14, 11.5, 14.5], "texture": "#0", "tintindex": 0},
				"west": {"uv": [0, 15.5, 5, 16], "texture": "#0", "tintindex": 0},
				"up": {"uv": [5, 13.5, 0, 6.5], "rotation": 90, "texture": "#0", "tintindex": 0},
				"down": {"uv": [13.5, 0, 13, 0.5], "texture": "#0"}
			}
		},
		{
			"from": [3, 4, 5],
			"to": [13, 2, 13],
			"rotation": {"angle": 0, "axis": "y", "origin": [7, 3, 0]},
			"faces": {
				"north": {"uv": [8.5, 0, 10, 0.5], "texture": "#0"},
				"east": {"uv": [12, 15, 16, 14], "texture": "#0", "tintindex": 0},
				"south": {"uv": [5.5, 16, 10.5, 15], "texture": "#0", "tintindex": 0},
				"west": {"uv": [0, 15, 4, 14], "texture": "#0", "tintindex": 0},
				"up": {"uv": [16, 2.5, 15, 1.5], "texture": "#0"},
				"down": {"uv": [10.5, 7.5, 14.5, 12.5], "rotation": 90, "texture": "#0", "tintindex": 0}
			}
		},
		{
			"from": [2, 2, 5],
			"to": [14, 1, 14],
			"rotation": {"angle": 0, "axis": "y", "origin": [2, -1, 5]},
			"faces": {
				"north": {"uv": [8.5, 0, 10, 0.5], "texture": "#0"},
				"east": {"uv": [11.5, 15.5, 16, 15], "texture": "#0", "tintindex": 0},
				"south": {"uv": [5, 15, 11, 14.5], "texture": "#0", "tintindex": 0},
				"west": {"uv": [0, 15.5, 4.5, 15], "texture": "#0", "tintindex": 0},
				"up": {"uv": [14, 3.5, 13, 2], "rotation": 90, "texture": "#0"},
				"down": {"uv": [5.5, 7, 10, 13], "rotation": 90, "texture": "#0", "tintindex": 0}
			}
		},
		{
			"from": [1, 1, 5],
			"to": [15, 0, 15],
			"rotation": {"angle": 0, "axis": "y", "origin": [1, 0, 5]},
			"faces": {
				"north": {"uv": [8.5, 0, 10, 0.5], "texture": "#0"},
				"east": {"uv": [11, 16, 16, 15.5], "texture": "#0", "tintindex": 0},
				"south": {"uv": [4.5, 14.5, 11.5, 14], "texture": "#0", "tintindex": 0},
				"west": {"uv": [0, 16, 5, 15.5], "texture": "#0", "tintindex": 0},
				"up": {"uv": [16, 1.5, 15, 0], "rotation": 90, "texture": "#0"},
				"down": {"uv": [0, 13.5, 5, 6.5], "rotation": 90, "texture": "#0", "tintindex": 0}
			}
		},
		{
			"from": [4.01, 7.99, 4.01],
			"to": [11.99, -0.01, 11.99],
			"rotation": {"angle": 0, "axis": "y", "origin": [4, 0, 4]},
			"faces": {
				"north": {"uv": [4, 8, 8, 4], "texture": "#1"},
				"east": {"uv": [0, 8, 4, 4], "texture": "#1"},
				"south": {"uv": [12, 8, 16, 4], "texture": "#1"},
				"west": {"uv": [8, 8, 12, 4], "texture": "#1"},
				"up": {"uv": [12, 4, 8, 0], "texture": "#1"},
				"down": {"uv": [8, 0, 4, 4], "texture": "#1"}
			}
		},
		{
			"from": [3, 4, 5],
			"to": [13, 2, 13],
			"rotation": {"angle": 0, "axis": "y", "origin": [7, 3, 0]},
			"faces": {
				"north": {"uv": [8.5, 0, 10, 0.5], "texture": "#1"},
				"east": {"uv": [12, 15, 16, 14], "texture": "#1"},
				"south": {"uv": [5.5, 15, 10.5, 16], "texture": "#1"},
				"west": {"uv": [0, 15, 4, 14], "texture": "#1"},
				"up": {"uv": [16, 2.5, 15, 1.5], "texture": "#1"},
				"down": {"uv": [10.5, 7.5, 14.5, 12.5], "rotation": 90, "texture": "#1"}
			}
		},
		{
			"from": [2, 2, 5],
			"to": [14, 1, 14],
			"rotation": {"angle": 0, "axis": "y", "origin": [2, -1, 5]},
			"faces": {
				"north": {"uv": [8.5, 0, 10, 0.5], "texture": "#1"},
				"east": {"uv": [11.5, 15.5, 16, 15], "texture": "#1"},
				"south": {"uv": [5, 14.5, 11, 15], "texture": "#1"},
				"west": {"uv": [0, 15.5, 4.5, 15], "texture": "#1"},
				"up": {"uv": [14, 3.5, 13, 2], "rotation": 90, "texture": "#1"},
				"down": {"uv": [5.5, 7, 10, 13], "rotation": 90, "texture": "#1"}
			}
		},
		{
			"from": [1, 1, 5],
			"to": [15, 0, 15],
			"rotation": {"angle": 0, "axis": "y", "origin": [1, 0, 5]},
			"faces": {
				"north": {"uv": [8.5, 0, 10, 0.5], "texture": "#1"},
				"east": {"uv": [11, 16, 16, 15.5], "texture": "#1"},
				"south": {"uv": [4.5, 14, 11.5, 14.5], "texture": "#1"},
				"west": {"uv": [0, 16, 5, 15.5], "texture": "#1"},
				"up": {"uv": [16, 1.5, 15, 0], "rotation": 90, "texture": "#1"},
				"down": {"uv": [0, 13.5, 5, 6.5], "rotation": 90, "texture": "#1"}
			}
		}
	],
	"display": {
		"head": {
			"translation": [0, 7.7, 0],
			"scale": [1.95, 1.95, 1.95]
		}
	}
}