{
	"credit": "Made with Blockbench",
	"texture_size": [32, 32],
	"textures": {
		"0": "wandering_hat_creator:custom/chin_piece/bandana"
	},
	"elements": [
		{
			"from": [4, -6, 4],
			"to": [12, 10, 12],
			"rotation": {"angle": 0, "axis": "y", "origin": [4, 0, 4]},
			"faces": {
				"north": {"uv": [4, 0, 8, 8], "texture": "#0", "tintindex": 0},
				"east": {"uv": [0, 0, 4, 8], "texture": "#0", "tintindex": 0},
				"south": {"uv": [12, 0, 16, 8], "texture": "#0", "tintindex": 0},
				"west": {"uv": [8, 0, 12, 8], "texture": "#0", "tintindex": 0},
				"up": {"uv": [4, 16, 0, 12], "texture": "#0"},
				"down": {"uv": [8, 12, 4, 16], "texture": "#0"}
			}
		},
		{
			"from": [4, 10, 4],
			"to": [12, -6, 12],
			"rotation": {"angle": 0, "axis": "y", "origin": [4, 10, 4]},
			"faces": {
				"north": {"uv": [4, 8, 8, 0], "texture": "#0", "tintindex": 0},
				"east": {"uv": [0, 8, 4, 0], "texture": "#0", "tintindex": 0},
				"south": {"uv": [12, 8, 16, 0], "texture": "#0", "tintindex": 0},
				"west": {"uv": [8, 8, 12, 0], "texture": "#0", "tintindex": 0},
				"up": {"uv": [4, 16, 0, 12], "texture": "#0"},
				"down": {"uv": [8, 12, 4, 16], "texture": "#0"}
			}
		}
	],
	"display": {
		"head": {
			"translation": [0, 3.5, 0],
			"scale": [1.8, 1.8, 1.8]
		}
	}
}