{
	"credit": "Made with Blockbench",
	"texture_size": [32, 32],
	"textures": {
		"0": "wandering_hat_creator:custom/chin_piece/handlebar_mustache"
	},
	"elements": [
		{
			"from": [0, -2, 4],
			"to": [16, 4, 4],
			"rotation": {"angle": 0, "axis": "y", "origin": [4, -2, 4]},
			"faces": {
				"north": {"uv": [0, 0, 8, 3], "texture": "#0", "tintindex": 0},
				"east": {"uv": [0, 4, 4, 8], "texture": "#0"},
				"south": {"uv": [8, 0, 0, 3], "texture": "#0", "tintindex": 0},
				"west": {"uv": [4, 4, 8, 8], "texture": "#0"},
				"up": {"uv": [4, 12, 0, 8], "texture": "#0"},
				"down": {"uv": [8, 8, 4, 12], "texture": "#0"}
			}
		}
	],
	"display": {
		"head": {
			"translation": [0, 6.5, 0],
			"scale": [1.45, 1.45, 1.65]
		}
	}
}