{
	"credit": "Made with Blockbench",
	"texture_size": [32, 32],
	"textures": {
		"0": "wandering_hat_creator:custom/chin_piece/messy_beard"
	},
	"elements": [
		{
			"from": [4, 0, 4],
			"to": [12, 8, 12],
			"rotation": {"angle": 0, "axis": "y", "origin": [4, 0, 4]},
			"faces": {
				"north": {"uv": [4, 0, 8, 4], "texture": "#0", "tintindex": 0},
				"east": {"uv": [0, 4, 4, 8], "texture": "#0", "tintindex": 0},
				"south": {"uv": [0, 12, 4, 16], "texture": "#0"},
				"west": {"uv": [4, 4, 8, 8], "texture": "#0", "tintindex": 0},
				"up": {"uv": [4, 12, 0, 8], "texture": "#0"},
				"down": {"uv": [8, 8, 4, 12], "texture": "#0"}
			}
		},
		{
			"from": [4, 8, 4],
			"to": [12, 0, 12],
			"rotation": {"angle": 0, "axis": "y", "origin": [4, 8, 4]},
			"faces": {
				"north": {"uv": [4, 4, 8, 0], "texture": "#0", "tintindex": 0},
				"east": {"uv": [0, 8, 4, 4], "texture": "#0", "tintindex": 0},
				"south": {"uv": [0, 12, 4, 16], "texture": "#0"},
				"west": {"uv": [4, 8, 8, 4], "texture": "#0", "tintindex": 0},
				"up": {"uv": [4, 12, 0, 8], "texture": "#0"},
				"down": {"uv": [8, 8, 4, 12], "texture": "#0"}
			}
		},
		{
			"from": [9, 5, 4],
			"to": [10, 6, 4],
			"rotation": {"angle": 45, "axis": "x", "origin": [9, 6, 4]},
			"faces": {
				"north": {"uv": [0, 0, 0.5, 0.5], "texture": "#0", "tintindex": 0},
				"east": {"uv": [0, 0, 0, 0.5], "texture": "#0", "tintindex": 0},
				"south": {"uv": [0, 0, 0.5, 0.5], "texture": "#0", "tintindex": 0},
				"west": {"uv": [0, 0, 0, 0.5], "texture": "#0", "tintindex": 0},
				"up": {"uv": [0, 0, 0.5, 0], "texture": "#0"},
				"down": {"uv": [0, 0, 0.5, 0], "texture": "#0"}
			}
		},
		{
			"from": [5, 3, 4],
			"to": [6, 4, 4],
			"rotation": {"angle": 45, "axis": "x", "origin": [5, 4, 4]},
			"faces": {
				"north": {"uv": [1.5, 0, 2, 0.5], "texture": "#0", "tintindex": 0},
				"east": {"uv": [0, 0, 0, 0.5], "texture": "#0", "tintindex": 0},
				"south": {"uv": [1.5, 0, 2, 0.5], "texture": "#0", "tintindex": 0},
				"west": {"uv": [0, 0, 0, 0.5], "texture": "#0", "tintindex": 0},
				"up": {"uv": [0, 0, 0.5, 0], "texture": "#0"},
				"down": {"uv": [0, 0, 0.5, 0], "texture": "#0"}
			}
		},
		{
			"from": [3, 5, 6],
			"to": [4, 6, 6],
			"rotation": {"angle": -45, "axis": "y", "origin": [4, 6, 6]},
			"faces": {
				"north": {"uv": [1.5, 0, 2, 0.5], "texture": "#0", "tintindex": 0},
				"east": {"uv": [0, 0, 0, 0.5], "texture": "#0", "tintindex": 0},
				"south": {"uv": [1.5, 0, 2, 0.5], "texture": "#0", "tintindex": 0},
				"west": {"uv": [0, 0, 0, 0.5], "texture": "#0", "tintindex": 0},
				"up": {"uv": [0, 0, 0.5, 0], "rotation": 180, "texture": "#0"},
				"down": {"uv": [0, 0, 0.5, 0], "rotation": 180, "texture": "#0"}
			}
		},
		{
			"from": [4, 6, 4],
			"to": [5, 7, 4],
			"rotation": {"angle": 45, "axis": "x", "origin": [4, 7, 4]},
			"faces": {
				"north": {"uv": [1, 0, 1.5, 0.5], "texture": "#0", "tintindex": 0},
				"east": {"uv": [1, 0, 1, 0.5], "texture": "#0", "tintindex": 0},
				"south": {"uv": [1, 0, 1.5, 0.5], "texture": "#0", "tintindex": 0},
				"west": {"uv": [1, 0, 1, 0.5], "texture": "#0", "tintindex": 0},
				"up": {"uv": [1, 0, 1.5, 0], "texture": "#0"},
				"down": {"uv": [1, 0, 1.5, 0], "texture": "#0"}
			}
		},
		{
			"from": [8, 1, 4],
			"to": [9, 2, 4],
			"rotation": {"angle": 45, "axis": "x", "origin": [8, 2, 4]},
			"faces": {
				"north": {"uv": [0.5, 0, 1, 0.5], "texture": "#0", "tintindex": 0},
				"east": {"uv": [0.5, 0, 0.5, 0.5], "texture": "#0", "tintindex": 0},
				"south": {"uv": [0.5, 0, 1, 0.5], "texture": "#0", "tintindex": 0},
				"west": {"uv": [0.5, 0, 0.5, 0.5], "texture": "#0", "tintindex": 0},
				"up": {"uv": [0.5, 0, 1, 0], "texture": "#0"},
				"down": {"uv": [0.5, 0, 1, 0], "texture": "#0"}
			}
		},
		{
			"from": [12, 6, 4],
			"to": [13, 6, 5],
			"rotation": {"angle": 22.5, "axis": "z", "origin": [12, 6, 5]},
			"faces": {
				"north": {"uv": [2, 0, 2, 0.5], "rotation": 270, "texture": "#0", "tintindex": 0},
				"east": {"uv": [0, 0, 0.5, 0], "texture": "#0"},
				"south": {"uv": [2, 0, 2, 0.5], "rotation": 90, "texture": "#0", "tintindex": 0},
				"west": {"uv": [0, 0, 0.5, 0], "rotation": 180, "texture": "#0"},
				"up": {"uv": [2, 0, 2.5, 0.5], "rotation": 90, "texture": "#0", "tintindex": 0},
				"down": {"uv": [2, 0, 2.5, 0.5], "rotation": 90, "texture": "#0", "tintindex": 0}
			}
		},
		{
			"from": [5, 5, 3],
			"to": [5, 6, 4],
			"rotation": {"angle": -22.5, "axis": "y", "origin": [5, 6, 4]},
			"faces": {
				"north": {"uv": [2, 0, 2, 0.5], "texture": "#0", "tintindex": 0},
				"east": {"uv": [3.5, 0, 4, 0.5], "texture": "#0", "tintindex": 0},
				"south": {"uv": [2, 0, 2, 0.5], "texture": "#0", "tintindex": 0},
				"west": {"uv": [3.5, 0, 4, 0.5], "texture": "#0", "tintindex": 0},
				"up": {"uv": [0, 0, 0.5, 0], "rotation": 270, "texture": "#0"},
				"down": {"uv": [0, 0, 0.5, 0], "rotation": 90, "texture": "#0"}
			}
		},
		{
			"from": [11, 4, 4],
			"to": [12, 5, 4],
			"rotation": {"angle": 45, "axis": "y", "origin": [11, 4, 4]},
			"faces": {
				"north": {"uv": [3, 0, 3.5, 0.5], "texture": "#0", "tintindex": 0},
				"east": {"uv": [3, 0, 3, 0.5], "texture": "#0", "tintindex": 0},
				"south": {"uv": [3, 0, 3.5, 0.5], "texture": "#0", "tintindex": 0},
				"west": {"uv": [3, 0, 3, 0.5], "texture": "#0", "tintindex": 0},
				"up": {"uv": [1, 0, 1.5, 0], "texture": "#0"},
				"down": {"uv": [1, 0, 1.5, 0], "texture": "#0"}
			}
		},
		{
			"from": [11, 7, 3],
			"to": [12, 7, 4],
			"rotation": {"angle": 45, "axis": "x", "origin": [11, 7, 4]},
			"faces": {
				"north": {"uv": [1, 0, 1.5, 0], "rotation": 180, "texture": "#0"},
				"east": {"uv": [3, 0, 3, 0.5], "rotation": 90, "texture": "#0", "tintindex": 0},
				"south": {"uv": [1, 0, 1.5, 0], "texture": "#0"},
				"west": {"uv": [3, 0, 3, 0.5], "rotation": 270, "texture": "#0", "tintindex": 0},
				"up": {"uv": [0.5, 0.5, 1, 1], "texture": "#0", "tintindex": 0},
				"down": {"uv": [0.5, 0.5, 1, 1], "rotation": 180, "texture": "#0", "tintindex": 0}
			}
		},
		{
			"from": [6, 1, 4],
			"to": [7, 2, 4],
			"rotation": {"angle": -45, "axis": "x", "origin": [6, 1, 4]},
			"faces": {
				"north": {"uv": [2.5, 0, 3, 0.5], "texture": "#0", "tintindex": 0},
				"east": {"uv": [2.5, 0, 2.5, 0.5], "texture": "#0", "tintindex": 0},
				"south": {"uv": [2.5, 0, 3, 0.5], "texture": "#0", "tintindex": 0},
				"west": {"uv": [2.5, 0, 2.5, 0.5], "texture": "#0", "tintindex": 0},
				"up": {"uv": [0.5, 0, 1, 0], "texture": "#0"},
				"down": {"uv": [0.5, 0, 1, 0], "texture": "#0"}
			}
		},
		{
			"from": [12, 8, 7],
			"to": [13, 8, 8],
			"rotation": {"angle": 45, "axis": "z", "origin": [12, 8, 8]},
			"faces": {
				"north": {"uv": [0.5, 0, 1, 0], "rotation": 180, "texture": "#0"},
				"east": {"uv": [2.5, 0, 2.5, 0.5], "rotation": 90, "texture": "#0", "tintindex": 0},
				"south": {"uv": [0.5, 0, 1, 0], "texture": "#0"},
				"west": {"uv": [2.5, 0, 2.5, 0.5], "rotation": 270, "texture": "#0", "tintindex": 0},
				"up": {"uv": [2.5, 0, 3, 0.5], "texture": "#0", "tintindex": 0},
				"down": {"uv": [2.5, 0, 3, 0.5], "rotation": 180, "texture": "#0", "tintindex": 0}
			}
		},
		{
			"from": [6, 7, 4],
			"to": [7, 8, 4],
			"rotation": {"angle": -45, "axis": "x", "origin": [6, 7, 4]},
			"faces": {
				"north": {"uv": [1, 0.5, 1.5, 1], "texture": "#0", "tintindex": 0},
				"east": {"uv": [1, 0.5, 1, 1], "texture": "#0", "tintindex": 0},
				"south": {"uv": [1, 0.5, 1.5, 1], "texture": "#0", "tintindex": 0},
				"west": {"uv": [1, 0.5, 1, 1], "texture": "#0", "tintindex": 0},
				"up": {"uv": [0.5, 0, 1, 0], "texture": "#0"},
				"down": {"uv": [0.5, 0, 1, 0], "texture": "#0"}
			}
		}
	],
	"display": {
		"head": {
			"scale": [1.8, 1.8, 1.8]
		}
	}
}