{
	"credit": "Made with Blockbench",
	"texture_size": [32, 32],
	"textures": {
		"0": "wandering_hat_creator:custom/chin_piece/respirator"
	},
	"elements": [
		{
			"name": "strap",
			"from": [3.95, -0.05, 3.95],
			"to": [12.05, 8.05, 12.05],
			"faces": {
				"north": {"uv": [0, 12, 4, 16], "texture": "#0", "tintindex": 0},
				"east": {"uv": [4, 12, 8, 16], "texture": "#0", "tintindex": 0},
				"south": {"uv": [8, 12, 12, 16], "texture": "#0", "tintindex": 0},
				"west": {"uv": [12, 12, 16, 16], "texture": "#0", "tintindex": 0},
				"up": {"uv": [8, 8, 12, 12], "texture": "#0", "tintindex": 0},
				"down": {"uv": [12, 8, 16, 12], "texture": "#0", "tintindex": 0}
			}
		},
		{
			"name": "center",
			"from": [6.5, -0.5, 1],
			"to": [9.5, 3.5, 5],
			"rotation": {"angle": 0, "axis": "y", "origin": [0, 0, -1]},
			"faces": {
				"north": {"uv": [2, 0, 3.5, 2], "texture": "#0", "tintindex": 0},
				"east": {"uv": [0, 0, 2, 2], "texture": "#0", "tintindex": 0},
				"south": {"uv": [5.5, 0, 7, 2], "texture": "#0", "tintindex": 0},
				"west": {"uv": [3.5, 0, 5.5, 2], "texture": "#0", "tintindex": 0},
				"up": {"uv": [8.5, 2, 7, 0], "texture": "#0", "tintindex": 0},
				"down": {"uv": [8.5, 0, 10, 2], "texture": "#0", "tintindex": 0}
			}
		},
		{
			"name": "right_filter",
			"from": [10.75, -0.5, 1],
			"to": [11.75, 2.5, 4],
			"rotation": {"angle": 22.5, "axis": "y", "origin": [10, 1, 2]},
			"faces": {
				"north": {"uv": [0.5, 2, 0, 3.5], "texture": "#0", "tintindex": 1},
				"east": {"uv": [4, 2, 2.5, 3.5], "texture": "#0", "tintindex": 1},
				"south": {"uv": [2.5, 2, 2, 3.5], "texture": "#0", "tintindex": 1},
				"west": {"uv": [2, 2, 0.5, 3.5], "texture": "#0", "tintindex": 1},
				"up": {"uv": [4.5, 2, 4, 3.5], "texture": "#0", "tintindex": 1},
				"down": {"uv": [5, 2, 4.5, 3.5], "texture": "#0", "tintindex": 1}
			}
		},
		{
			"name": "right_cylinder",
			"from": [8.75, 0.01, 1.5],
			"to": [10.75, 2.01, 3.5],
			"rotation": {"angle": 22.5, "axis": "y", "origin": [10, 1, 2]},
			"faces": {
				"north": {"uv": [1, 3.5, 0, 4.5], "texture": "#0", "tintindex": 0},
				"east": {"uv": [4, 3.5, 3, 4.5], "texture": "#0", "tintindex": 0},
				"south": {"uv": [3, 3.5, 2, 4.5], "texture": "#0", "tintindex": 0},
				"west": {"uv": [2, 3.5, 1, 4.5], "texture": "#0", "tintindex": 0},
				"up": {"uv": [5, 3.5, 4, 4.5], "texture": "#0", "tintindex": 0},
				"down": {"uv": [6, 3.5, 5, 4.5], "texture": "#0", "tintindex": 0}
			}
		},
		{
			"name": "left _filter",
			"from": [4.25, -0.5, 1],
			"to": [5.25, 2.5, 4],
			"rotation": {"angle": -22.5, "axis": "y", "origin": [6, 1, 2]},
			"faces": {
				"north": {"uv": [0, 2, 0.5, 3.5], "texture": "#0", "tintindex": 1},
				"east": {"uv": [0.5, 2, 2, 3.5], "texture": "#0", "tintindex": 1},
				"south": {"uv": [2, 2, 2.5, 3.5], "texture": "#0", "tintindex": 1},
				"west": {"uv": [2.5, 2, 4, 3.5], "texture": "#0", "tintindex": 1},
				"up": {"uv": [4, 2, 4.5, 3.5], "texture": "#0", "tintindex": 1},
				"down": {"uv": [4.5, 2, 5, 3.5], "texture": "#0", "tintindex": 1}
			}
		},
		{
			"name": "left_cylinder",
			"from": [5.25, 0.01, 1.5],
			"to": [7.25, 2.01, 3.5],
			"rotation": {"angle": -22.5, "axis": "y", "origin": [6, 1, 2]},
			"faces": {
				"north": {"uv": [0, 3.5, 1, 4.5], "texture": "#0", "tintindex": 0},
				"east": {"uv": [1, 3.5, 2, 4.5], "texture": "#0", "tintindex": 0},
				"south": {"uv": [2, 3.5, 3, 4.5], "texture": "#0", "tintindex": 0},
				"west": {"uv": [3, 3.5, 4, 4.5], "texture": "#0", "tintindex": 0},
				"up": {"uv": [4, 3.5, 5, 4.5], "texture": "#0", "tintindex": 0},
				"down": {"uv": [5, 3.5, 6, 4.5], "texture": "#0", "tintindex": 0}
			}
		}
	],
	"display": {
		"ground": {
			"translation": [0, 3.25, 0]
		},
		"gui": {
			"rotation": [0, -180, 0],
			"translation": [0, 5, 0],
			"scale": [1.6, 1.6, 1.6]
		},
		"head": {
			"translation": [0, 6.4, 0],
			"scale": [1.6, 1.6, 1.6]
		},
		"fixed": {
			"translation": [0, 6, 7],
			"scale": [2, 2, 2]
		}
	}
}