{
	"credit": "Made with Blockbench",
	"texture_size": [32, 32],
	"textures": {
		"0": "wandering_hat_creator:custom/chin_piece/villager_nose"
	},
	"elements": [
		{
			"name": "nose",
			"from": [7, -1, 2],
			"to": [9, 3, 4],
			"faces": {
				"north": {"uv": [13, 1, 14, 3], "texture": "#0", "tintindex": 0},
				"east": {"uv": [12, 1, 13, 3], "texture": "#0", "tintindex": 0},
				"south": {"uv": [15, 1, 16, 3], "texture": "#0", "tintindex": 0},
				"west": {"uv": [14, 1, 15, 3], "texture": "#0", "tintindex": 0},
				"up": {"uv": [14, 1, 13, 0], "texture": "#0", "tintindex": 0},
				"down": {"uv": [14, 0, 15, 1], "texture": "#0", "tintindex": 0}
			}
		},
		{
			"name": "nose_stud",
			"from": [6.5, 0, 2.5],
			"to": [7.5, 1, 3.5],
			"rotation": {"angle": 0, "axis": "y", "origin": [7, 0, 0]},
			"faces": {
				"north": {"uv": [0, 0, 0.5, 0.5], "texture": "#0", "tintindex": 1},
				"east": {"uv": [0, 0, 0.5, 0.5], "texture": "#0", "tintindex": 1},
				"south": {"uv": [0, 0, 0.5, 0.5], "texture": "#0", "tintindex": 1},
				"west": {"uv": [0, 0, 0.5, 0.5], "texture": "#0", "tintindex": 1},
				"up": {"uv": [0, 0, 0.5, 0.5], "texture": "#0", "tintindex": 1},
				"down": {"uv": [0, 0, 0.5, 0.5], "texture": "#0", "tintindex": 1}
			}
		}
	],
	"display": {
		"ground": {
			"translation": [0, 3.25, 0]
		},
		"gui": {
			"rotation": [0, -180, 0],
			"translation": [0, 5, 0],
			"scale": [1.6, 1.6, 1.6]
		},
		"head": {
			"translation": [0, 6.4, 0],
			"scale": [1.6, 1.6, 1.6]
		},
		"fixed": {
			"translation": [0, 6, 7],
			"scale": [2, 2, 2]
		}
	}
}