{
	"credit": "Made with Blockbench",
	"textures": {
		"2": "wandering_hat_creator:custom/chin_piece/whiskers"
	},
	"elements": [
		{
			"from": [8, 2, 2],
			"to": [15, 7, 2],
			"rotation": {"angle": 22.5, "axis": "y", "origin": [8, 9.5, 2]},
			"faces": {
				"north": {"uv": [6.5, 4.5, 0.5, 9], "texture": "#2", "tintindex": 0},
				"east": {"uv": [0, 0, 0, 3.5], "texture": "#2"},
				"south": {"uv": [0.5, 4.5, 6.5, 9], "texture": "#2", "tintindex": 0},
				"west": {"uv": [0, 0, 0, 3.5], "texture": "#2"},
				"up": {"uv": [0, 0, 4, 0], "texture": "#2"},
				"down": {"uv": [0, 0, 4, 0], "texture": "#2"}
			}
		},
		{
			"from": [1, 2, 2],
			"to": [8, 7, 2],
			"rotation": {"angle": -22.5, "axis": "y", "origin": [8, 9.5, 2]},
			"faces": {
				"north": {"uv": [0.5, 4.5, 6.5, 9], "texture": "#2", "tintindex": 0},
				"east": {"uv": [0, 0, 0, 3.5], "texture": "#2"},
				"south": {"uv": [6.5, 4.5, 0.5, 9], "texture": "#2", "tintindex": 0},
				"west": {"uv": [0, 0, 0, 3.5], "texture": "#2"},
				"up": {"uv": [0, 0, 4, 0], "texture": "#2"},
				"down": {"uv": [0, 0, 4, 0], "texture": "#2"}
			}
		}
	],
	"display": {
		"head": {
			"translation": [0, 1, -0.5]
		}
	}
}