{
	"credit": "Made with Blockbench",
	"textures": {
		"8": "wandering_hat_creator:custom/eyes_piece/eyes_villager/armorer"
	},
	"elements": [
		{
			"name": "strap",
			"from": [-1, -1, 1.25],
			"to": [17, 17, 17],
			"faces": {
				"north": {"uv": [1, 11.5, 1.5, 12], "texture": "#8"},
				"east": {"uv": [0, 12, 3.5, 16], "texture": "#8", "tintindex": 0},
				"south": {"uv": [16, 12, 12, 16], "texture": "#8", "tintindex": 0},
				"west": {"uv": [8.5, 12, 12, 16], "texture": "#8", "tintindex": 0},
				"up": {"uv": [4, 11.5, 8, 8], "texture": "#8"},
				"down": {"uv": [0, 11.5, 0.5, 12], "texture": "#8"}
			}
		},
		{
			"name": "mask",
			"from": [-1, -1, -1],
			"to": [17, 17, 1.25],
			"faces": {
				"north": {"uv": [4, 12, 8, 16], "texture": "#8", "tintindex": 1},
				"east": {"uv": [3.5, 12, 4, 16], "texture": "#8", "tintindex": 1},
				"south": {"uv": [1, 11.5, 0.5, 12], "texture": "#8"},
				"west": {"uv": [8, 12, 8.5, 16], "texture": "#8", "tintindex": 1},
				"up": {"uv": [4, 12, 8, 11.5], "texture": "#8", "tintindex": 1},
				"down": {"uv": [0, 11.5, 0.5, 12], "texture": "#8"}
			}
		}
	],
	"display": {
		"thirdperson_righthand": {
			"scale": [0.5, 0.5, 0.5]
		},
		"thirdperson_lefthand": {
			"scale": [0.5, 0.5, 0.5]
		},
		"firstperson_righthand": {
			"scale": [0.5, 0.5, 0.5]
		},
		"ground": {
			"scale": [0.8, 0.8, 0.8]
		},
		"gui": {
			"rotation": [0, -180, 0],
			"scale": [0.9, 0.9, 0.9]
		},
		"head": {
			"translation": [0, 1.75, 0],
			"scale": [0.91, 0.91, 0.91]
		},
		"fixed": {
			"translation": [0, 0, 5]
		}
	}
}