{
	"credit": "Made with Blockbench",
	"textures": {
		"9": "wandering_hat_creator:custom/eyes_piece/eyes_villager/butcher"
	},
	"elements": [
		{
			"from": [0, 0, 0],
			"to": [16, 16, 16],
			"faces": {
				"north": {"uv": [4, 4, 8, 8], "texture": "#9"},
				"east": {"uv": [0, 4, 4, 8], "texture": "#9"},
				"south": {"uv": [12, 4, 16, 8], "texture": "#9"},
				"west": {"uv": [8, 4, 12, 8], "texture": "#9"},
				"up": {"uv": [4, 4, 8, 0], "texture": "#9"},
				"down": {"uv": [0, 0, 4, 4], "texture": "#9"}
			}
		},
		{
			"from": [-1, -1, -1],
			"to": [17, 17, 17],
			"faces": {
				"north": {"uv": [4, 12, 8, 16], "texture": "#9", "tintindex": 0},
				"east": {"uv": [0, 12, 4, 16], "texture": "#9", "tintindex": 0},
				"south": {"uv": [12, 12, 16, 16], "texture": "#9", "tintindex": 0},
				"west": {"uv": [8, 12, 12, 16], "texture": "#9", "tintindex": 0},
				"up": {"uv": [4, 12, 8, 8], "texture": "#9"},
				"down": {"uv": [0, 8, 4, 12], "texture": "#9"}
			}
		}
	],
	"display": {
		"thirdperson_righthand": {
			"scale": [0.5, 0.5, 0.5]
		},
		"thirdperson_lefthand": {
			"scale": [0.5, 0.5, 0.5]
		},
		"firstperson_righthand": {
			"scale": [0.5, 0.5, 0.5]
		},
		"ground": {
			"scale": [0.8, 0.8, 0.8]
		},
		"gui": {
			"rotation": [0, -180, 0],
			"scale": [0.9, 0.9, 0.9]
		},
		"head": {
			"translation": [0, 2.25, 0],
			"scale": [0.91, 0.91, 0.91]
		},
		"fixed": {
			"translation": [0, 0, 5]
		}
	}
}