{
	"credit": "Made with Blockbench",
	"textures": {
		"10": "wandering_hat_creator:custom/eyes_piece/eyes_villager/cartographer"
	},
	"elements": [
		{
			"from": [-1, -1, -1],
			"to": [17, 17, 17],
			"faces": {
				"north": {"uv": [4, 12, 8, 16], "texture": "#10", "tintindex": 1},
				"east": {"uv": [4, 4, 4.5, 4.5], "texture": "#10"},
				"south": {"uv": [4, 4, 4.5, 4.5], "texture": "#10"},
				"west": {"uv": [8, 12, 12, 16], "texture": "#10", "tintindex": 1},
				"up": {"uv": [4, 4.5, 4.5, 4], "texture": "#10"},
				"down": {"uv": [4, 4, 4.5, 4.5], "texture": "#10"}
			}
		},
		{
			"from": [-1, -1, -1],
			"to": [17, 17, 17],
			"faces": {
				"north": {"uv": [4, 8, 8, 12], "texture": "#10", "tintindex": 0},
				"east": {"uv": [4, 4, 4.5, 4.5], "texture": "#10"},
				"south": {"uv": [4, 4, 4.5, 4.5], "texture": "#10"},
				"west": {"uv": [4, 4, 4.5, 4.5], "texture": "#10"},
				"up": {"uv": [4, 4.5, 4.5, 4], "texture": "#10"},
				"down": {"uv": [4, 4, 4.5, 4.5], "texture": "#10"}
			}
		}
	],
	"display": {
		"thirdperson_righthand": {
			"scale": [0.5, 0.5, 0.5]
		},
		"thirdperson_lefthand": {
			"scale": [0.5, 0.5, 0.5]
		},
		"firstperson_righthand": {
			"scale": [0.5, 0.5, 0.5]
		},
		"ground": {
			"scale": [0.8, 0.8, 0.8]
		},
		"gui": {
			"rotation": [0, 174, 0],
			"translation": [-3.5, 1.75, 0],
			"scale": [1.1, 1.1, 1.1]
		},
		"head": {
			"scale": [0.91, 0.91, 0.91]
		},
		"fixed": {
			"translation": [0, 0, 5]
		}
	}
}