{
	"credit": "Made with Blockbench",
	"texture_size": [64, 64],
	"textures": {
		"1": "wandering_hat_creator:custom/hair_piece/afro"
	},
	"elements": [
		{
			"from": [4, 8, 4],
			"to": [12, 9, 12],
			"rotation": {"angle": 0, "axis": "y", "origin": [4, 8, 4]},
			"faces": {
				"north": {"uv": [1.5, 9.75, 3.5, 10], "texture": "#1", "tintindex": 0},
				"east": {"uv": [6, 9.75, 8, 10], "texture": "#1", "tintindex": 0},
				"south": {"uv": [8, 9.75, 10, 10], "texture": "#1", "tintindex": 0},
				"west": {"uv": [1.5, 10, 3.5, 10.25], "texture": "#1", "tintindex": 0},
				"up": {"uv": [7.5, 4.5, 5.5, 2.5], "texture": "#1", "tintindex": 0},
				"down": {"uv": [7.5, 4.5, 5.5, 6.5], "texture": "#1", "tintindex": 0}
			}
		},
		{
			"from": [3, 7, 3],
			"to": [13, 10, 13],
			"faces": {
				"north": {"uv": [3, 7.5, 5.5, 8.25], "texture": "#1", "tintindex": 0},
				"east": {"uv": [7.5, 3.75, 10, 4.5], "texture": "#1", "tintindex": 0},
				"south": {"uv": [7.5, 4.5, 10, 5.25], "texture": "#1", "tintindex": 0},
				"west": {"uv": [7.5, 5.25, 10, 6], "texture": "#1", "tintindex": 0},
				"up": {"uv": [5.5, 2.5, 3, 0], "texture": "#1", "tintindex": 0},
				"down": {"uv": [5.5, 2.5, 3, 5], "texture": "#1", "tintindex": 0}
			}
		},
		{
			"from": [2, 6, 2],
			"to": [14, 11, 14],
			"rotation": {"angle": 0, "axis": "y", "origin": [2, 6, 2]},
			"faces": {
				"north": {"uv": [0, 6, 3, 7.25], "texture": "#1", "tintindex": 0},
				"east": {"uv": [5.5, 6.5, 8.5, 7.75], "texture": "#1", "tintindex": 0},
				"south": {"uv": [0, 7.25, 3, 8.5], "texture": "#1", "tintindex": 0},
				"west": {"uv": [7.5, 2.5, 10.5, 3.75], "texture": "#1", "tintindex": 0},
				"up": {"uv": [3, 3, 0, 0], "texture": "#1", "tintindex": 0},
				"down": {"uv": [3, 3, 0, 6], "texture": "#1", "tintindex": 0}
			}
		},
		{
			"from": [3, 4, 10],
			"to": [13, 7, 13],
			"rotation": {"angle": 0, "axis": "y", "origin": [4, 5, 11]},
			"faces": {
				"north": {"uv": [5.5, 7.75, 8, 8.5], "texture": "#1", "tintindex": 0},
				"east": {"uv": [0, 9.75, 0.75, 10.5], "texture": "#1", "tintindex": 0},
				"south": {"uv": [8, 0, 10.5, 0.75], "texture": "#1", "tintindex": 0},
				"west": {"uv": [0.75, 9.75, 1.5, 10.5], "texture": "#1", "tintindex": 0},
				"up": {"uv": [10.5, 1.5, 8, 0.75], "texture": "#1", "tintindex": 0},
				"down": {"uv": [10.5, 1.5, 8, 2.25], "texture": "#1", "tintindex": 0}
			}
		},
		{
			"from": [3, 11, 3],
			"to": [13, 12, 13],
			"rotation": {"angle": 0, "axis": "y", "origin": [1, 6, 1]},
			"faces": {
				"north": {"uv": [8, 2.25, 10.5, 2.5], "texture": "#1", "tintindex": 0},
				"east": {"uv": [8.5, 7.5, 11, 7.75], "texture": "#1", "tintindex": 0},
				"south": {"uv": [0, 9.25, 2.5, 9.5], "texture": "#1", "tintindex": 0},
				"west": {"uv": [5, 9.25, 7.5, 9.5], "texture": "#1", "tintindex": 0},
				"up": {"uv": [5.5, 7.5, 3, 5], "texture": "#1", "tintindex": 0},
				"down": {"uv": [8, 0, 5.5, 2.5], "texture": "#1", "tintindex": 0}
			}
		},
		{
			"from": [3, 7, 1],
			"to": [13, 10, 2],
			"rotation": {"angle": 0, "axis": "y", "origin": [0, 7, 0]},
			"faces": {
				"north": {"uv": [8, 7.75, 10.5, 8.5], "texture": "#1", "tintindex": 0},
				"east": {"uv": [3.5, 9.75, 3.75, 10.5], "texture": "#1", "tintindex": 0},
				"south": {"uv": [3, 8.25, 5.5, 9], "texture": "#1", "tintindex": 0},
				"west": {"uv": [3.75, 9.75, 4, 10.5], "texture": "#1", "tintindex": 0},
				"up": {"uv": [10, 9.5, 7.5, 9.25], "texture": "#1", "tintindex": 0},
				"down": {"uv": [2.5, 9.5, 0, 9.75], "texture": "#1", "tintindex": 0}
			}
		},
		{
			"from": [14, 7, 3],
			"to": [15, 10, 13],
			"rotation": {"angle": 0, "axis": "y", "origin": [1, 0, 3]},
			"faces": {
				"north": {"uv": [4, 9.75, 4.25, 10.5], "texture": "#1", "tintindex": 0},
				"east": {"uv": [0, 8.5, 2.5, 9.25], "texture": "#1", "tintindex": 0},
				"south": {"uv": [4.25, 9.75, 4.5, 10.5], "texture": "#1", "tintindex": 0},
				"west": {"uv": [5.5, 8.5, 8, 9.25], "texture": "#1", "tintindex": 0},
				"up": {"uv": [5.25, 12, 5, 9.5], "texture": "#1", "tintindex": 0},
				"down": {"uv": [5.5, 9.5, 5.25, 12], "texture": "#1", "tintindex": 0}
			}
		},
		{
			"from": [1, 7, 3],
			"to": [2, 10, 13],
			"faces": {
				"north": {"uv": [4.5, 9.75, 4.75, 10.5], "texture": "#1", "tintindex": 0},
				"east": {"uv": [8.5, 6, 11, 6.75], "texture": "#1", "tintindex": 0},
				"south": {"uv": [4.75, 9.75, 5, 10.5], "texture": "#1", "tintindex": 0},
				"west": {"uv": [8.5, 6.75, 11, 7.5], "texture": "#1", "tintindex": 0},
				"up": {"uv": [5.75, 12, 5.5, 9.5], "texture": "#1", "tintindex": 0},
				"down": {"uv": [6, 9.5, 5.75, 12], "texture": "#1", "tintindex": 0}
			}
		},
		{
			"from": [3, 7, 14],
			"to": [13, 10, 15],
			"rotation": {"angle": 0, "axis": "y", "origin": [11, 8, 14]},
			"faces": {
				"north": {"uv": [8, 8.5, 10.5, 9.25], "texture": "#1", "tintindex": 0},
				"east": {"uv": [10, 3.75, 10.25, 4.5], "texture": "#1", "tintindex": 0},
				"south": {"uv": [2.5, 9, 5, 9.75], "texture": "#1", "tintindex": 0},
				"west": {"uv": [10, 4.5, 10.25, 5.25], "texture": "#1", "tintindex": 0},
				"up": {"uv": [8.5, 9.75, 6, 9.5], "texture": "#1", "tintindex": 0},
				"down": {"uv": [11, 9.5, 8.5, 9.75], "texture": "#1", "tintindex": 0}
			}
		},
		{
			"from": [4, 9, 4],
			"to": [12, 8, 12],
			"rotation": {"angle": 0, "axis": "y", "origin": [4, 9, 4]},
			"faces": {
				"north": {"uv": [1.5, 9.75, 3.5, 10], "texture": "#1", "tintindex": 0},
				"east": {"uv": [6, 9.75, 8, 10], "texture": "#1", "tintindex": 0},
				"south": {"uv": [8, 9.75, 10, 10], "texture": "#1", "tintindex": 0},
				"west": {"uv": [1.5, 10, 3.5, 10.25], "texture": "#1", "tintindex": 0},
				"up": {"uv": [7.5, 6.5, 5.5, 4.5], "texture": "#1", "tintindex": 0},
				"down": {"uv": [7.5, 2.5, 5.5, 4.5], "texture": "#1", "tintindex": 0}
			}
		},
		{
			"from": [3, 10, 3],
			"to": [13, 7, 13],
			"rotation": {"angle": 0, "axis": "y", "origin": [0, 3, 0]},
			"faces": {
				"north": {"uv": [3, 8.25, 5.5, 7.5], "texture": "#1", "tintindex": 0},
				"east": {"uv": [7.5, 4.5, 10, 3.75], "texture": "#1", "tintindex": 0},
				"south": {"uv": [7.5, 5.25, 10, 4.5], "texture": "#1", "tintindex": 0},
				"west": {"uv": [7.5, 6, 10, 5.25], "texture": "#1", "tintindex": 0},
				"up": {"uv": [5.5, 5, 3, 2.5], "texture": "#1", "tintindex": 0},
				"down": {"uv": [5.5, 0, 3, 2.5], "texture": "#1", "tintindex": 0}
			}
		},
		{
			"from": [2, 11, 2],
			"to": [14, 6, 14],
			"rotation": {"angle": 0, "axis": "y", "origin": [2, 11, 2]},
			"faces": {
				"north": {"uv": [0, 7.25, 3, 6], "texture": "#1", "tintindex": 0},
				"east": {"uv": [5.5, 7.75, 8.5, 6.5], "texture": "#1", "tintindex": 0},
				"south": {"uv": [0, 8.5, 3, 7.25], "texture": "#1", "tintindex": 0},
				"west": {"uv": [7.5, 3.75, 10.5, 2.5], "texture": "#1", "tintindex": 0},
				"up": {"uv": [3, 6, 0, 3], "texture": "#1", "tintindex": 0},
				"down": {"uv": [3, 0, 0, 3], "texture": "#1", "tintindex": 0}
			}
		},
		{
			"from": [3, 7, 10],
			"to": [13, 4, 13],
			"rotation": {"angle": 0, "axis": "y", "origin": [4, 8, 11]},
			"faces": {
				"north": {"uv": [5.5, 7.75, 8, 8.5], "texture": "#1", "tintindex": 0},
				"east": {"uv": [0, 9.75, 0.75, 10.5], "texture": "#1", "tintindex": 0},
				"south": {"uv": [8, 0, 10.5, 0.75], "texture": "#1", "tintindex": 0},
				"west": {"uv": [0.75, 9.75, 1.5, 10.5], "texture": "#1", "tintindex": 0},
				"up": {"uv": [10.5, 2.25, 8, 1.5], "texture": "#1", "tintindex": 0},
				"down": {"uv": [10.5, 0.75, 8, 1.5], "texture": "#1", "tintindex": 0}
			}
		},
		{
			"from": [3, 12, 3],
			"to": [13, 11, 13],
			"rotation": {"angle": 0, "axis": "y", "origin": [1, 7, 1]},
			"faces": {
				"north": {"uv": [8, 2.25, 10.5, 2.5], "texture": "#1", "tintindex": 0},
				"east": {"uv": [8.5, 7.5, 11, 7.75], "texture": "#1", "tintindex": 0},
				"south": {"uv": [0, 9.25, 2.5, 9.5], "texture": "#1", "tintindex": 0},
				"west": {"uv": [5, 9.25, 7.5, 9.5], "texture": "#1", "tintindex": 0},
				"up": {"uv": [8, 2.5, 5.5, 0], "texture": "#1", "tintindex": 0},
				"down": {"uv": [5.5, 5, 3, 7.5], "texture": "#1", "tintindex": 0}
			}
		},
		{
			"from": [3, 10, 1],
			"to": [13, 7, 2],
			"rotation": {"angle": 0, "axis": "y", "origin": [0, 10, 0]},
			"faces": {
				"north": {"uv": [8, 8.5, 10.5, 7.75], "texture": "#1", "tintindex": 0},
				"east": {"uv": [3.5, 10.5, 3.75, 9.75], "texture": "#1", "tintindex": 0},
				"south": {"uv": [3, 9, 5.5, 8.25], "texture": "#1", "tintindex": 0},
				"west": {"uv": [3.75, 10.5, 4, 9.75], "texture": "#1", "tintindex": 0},
				"up": {"uv": [10, 9.5, 7.5, 9.25], "texture": "#1", "tintindex": 0},
				"down": {"uv": [2.5, 9.5, 0, 9.75], "texture": "#1", "tintindex": 0}
			}
		},
		{
			"from": [14, 10, 3],
			"to": [15, 7, 13],
			"rotation": {"angle": 0, "axis": "y", "origin": [1, 3, 3]},
			"faces": {
				"north": {"uv": [4, 9.75, 4.25, 10.5], "texture": "#1", "tintindex": 0},
				"east": {"uv": [0, 8.5, 2.5, 9.25], "texture": "#1", "tintindex": 0},
				"south": {"uv": [4.25, 9.75, 4.5, 10.5], "texture": "#1", "tintindex": 0},
				"west": {"uv": [5.5, 8.5, 8, 9.25], "texture": "#1", "tintindex": 0},
				"up": {"uv": [5.25, 12, 5, 9.5], "texture": "#1", "tintindex": 0},
				"down": {"uv": [5.5, 9.5, 5.25, 12], "texture": "#1", "tintindex": 0}
			}
		},
		{
			"from": [1, 10, 3],
			"to": [2, 7, 13],
			"rotation": {"angle": 0, "axis": "y", "origin": [0, 3, 0]},
			"faces": {
				"north": {"uv": [4.5, 9.75, 4.75, 10.5], "texture": "#1", "tintindex": 0},
				"east": {"uv": [8.5, 6, 11, 6.75], "texture": "#1", "tintindex": 0},
				"south": {"uv": [4.75, 9.75, 5, 10.5], "texture": "#1", "tintindex": 0},
				"west": {"uv": [8.5, 6.75, 11, 7.5], "texture": "#1", "tintindex": 0},
				"up": {"uv": [5.75, 12, 5.5, 9.5], "texture": "#1", "tintindex": 0},
				"down": {"uv": [6, 9.5, 5.75, 12], "texture": "#1", "tintindex": 0}
			}
		},
		{
			"from": [3, 10, 14],
			"to": [13, 7, 15],
			"rotation": {"angle": 0, "axis": "y", "origin": [11, 11, 14]},
			"faces": {
				"north": {"uv": [8, 8.5, 10.5, 9.25], "texture": "#1", "tintindex": 0},
				"east": {"uv": [10, 3.75, 10.25, 4.5], "texture": "#1", "tintindex": 0},
				"south": {"uv": [2.5, 9, 5, 9.75], "texture": "#1", "tintindex": 0},
				"west": {"uv": [10, 4.5, 10.25, 5.25], "texture": "#1", "tintindex": 0},
				"up": {"uv": [8.5, 9.75, 6, 9.5], "texture": "#1", "tintindex": 0},
				"down": {"uv": [11, 9.5, 8.5, 9.75], "texture": "#1", "tintindex": 0}
			}
		}
	],
	"display": {
		"head": {
			"translation": [0, 6.4, 0],
			"scale": [1.6, 1.6, 1.6]
		}
	}
}