{
	"credit": "Made with Blockbench",
	"textures": {
		"1": "wandering_hat_creator:custom/hair_piece/buns"
	},
	"elements": [
		{
			"from": [3, 7, 3],
			"to": [13, 10, 13],
			"faces": {
				"north": {"uv": [5, 0, 7.5, 0.75], "texture": "#1", "tintindex": 0},
				"east": {"uv": [5, 0.75, 7.5, 1.5], "texture": "#1", "tintindex": 0},
				"south": {"uv": [7.5, 0, 10, 0.75], "texture": "#1", "tintindex": 0},
				"west": {"uv": [7.5, 0.75, 10, 1.5], "texture": "#1", "tintindex": 0},
				"up": {"uv": [5, 2.5, 2.5, 0], "texture": "#1", "tintindex": 0},
				"down": {"uv": [2.5, 0, 0, 2.5], "texture": "#1", "tintindex": 0}
			}
		},
		{
			"from": [3.98, 6.98, 3.98],
			"to": [12.02, 9.02, 12.02],
			"rotation": {"angle": 0, "axis": "y", "origin": [4, 8, 4]},
			"faces": {
				"north": {"uv": [14, 4, 16, 4.5], "texture": "#1", "tintindex": 0},
				"east": {"uv": [14, 4.5, 16, 5], "texture": "#1", "tintindex": 0},
				"south": {"uv": [14, 5, 16, 5.5], "texture": "#1", "tintindex": 0},
				"west": {"uv": [14, 5.5, 16, 6], "texture": "#1", "tintindex": 0},
				"up": {"uv": [16, 2, 14, 0], "texture": "#1", "tintindex": 0},
				"down": {"uv": [16, 2, 14, 4], "texture": "#1", "tintindex": 0}
			}
		},
		{
			"from": [3.98, 6.98, 3.98],
			"to": [12.02, 9.02, 12.02],
			"rotation": {"angle": 0, "axis": "y", "origin": [4, 8, 4]},
			"faces": {
				"north": {"uv": [14, 4, 16, 4.5], "texture": "#1", "tintindex": 0},
				"east": {"uv": [14, 4.5, 16, 5], "texture": "#1", "tintindex": 0},
				"south": {"uv": [14, 5, 16, 5.5], "texture": "#1", "tintindex": 0},
				"west": {"uv": [14, 5.5, 16, 6], "texture": "#1", "tintindex": 0},
				"up": {"uv": [16, 2, 14, 0], "texture": "#1", "tintindex": 0},
				"down": {"uv": [16, 2, 14, 4], "texture": "#1", "tintindex": 0}
			}
		},
		{
			"from": [3.75, 6.75, 3.75],
			"to": [12.25, 9.25, 12.25],
			"rotation": {"angle": 0, "axis": "y", "origin": [4, 8, 4]},
			"faces": {
				"north": {"uv": [12, 4, 14, 4.5], "texture": "#1", "tintindex": 0},
				"east": {"uv": [12, 4.5, 14, 5], "texture": "#1", "tintindex": 0},
				"south": {"uv": [12, 5, 14, 5.5], "texture": "#1", "tintindex": 0},
				"west": {"uv": [12, 5.5, 14, 6], "texture": "#1", "tintindex": 0},
				"up": {"uv": [14, 2, 12, 0], "texture": "#1", "tintindex": 0},
				"down": {"uv": [14, 2, 12, 4], "texture": "#1", "tintindex": 0}
			}
		},
		{
			"from": [3.99, 2.99, 10.99],
			"to": [12.01, 9.01, 13.01],
			"rotation": {"angle": 0, "axis": "y", "origin": [4, 1, 11]},
			"faces": {
				"north": {"uv": [14, 9, 16, 10.5], "texture": "#1", "tintindex": 0},
				"east": {"uv": [15, 13, 15.5, 14.5], "texture": "#1", "tintindex": 0},
				"south": {"uv": [14, 10.5, 16, 12], "texture": "#1", "tintindex": 0},
				"west": {"uv": [15.5, 13, 16, 14.5], "texture": "#1", "tintindex": 0},
				"up": {"uv": [16, 12.5, 14, 12], "texture": "#1", "tintindex": 0},
				"down": {"uv": [16, 12.5, 14, 13], "texture": "#1", "tintindex": 0}
			}
		},
		{
			"from": [9, 6, 12],
			"to": [13, 10, 16],
			"rotation": {"angle": 0, "axis": "y", "origin": [10, 8, 12]},
			"faces": {
				"north": {"uv": [0, 9, 1, 10], "texture": "#1", "tintindex": 0},
				"east": {"uv": [1, 9, 2, 10], "texture": "#1", "tintindex": 0},
				"south": {"uv": [2, 9, 3, 10], "texture": "#1", "tintindex": 0},
				"west": {"uv": [3, 9, 4, 10], "texture": "#1", "tintindex": 0},
				"up": {"uv": [5, 10, 4, 9], "texture": "#1", "tintindex": 0},
				"down": {"uv": [6, 9, 5, 10], "texture": "#1", "tintindex": 0}
			}
		},
		{
			"from": [3, 6, 12],
			"to": [7, 10, 16],
			"rotation": {"angle": 0, "axis": "y", "origin": [5, 6, 12]},
			"faces": {
				"north": {"uv": [0, 8, 1, 9], "texture": "#1", "tintindex": 0},
				"east": {"uv": [1, 8, 2, 9], "texture": "#1", "tintindex": 0},
				"south": {"uv": [2, 8, 3, 9], "texture": "#1", "tintindex": 0},
				"west": {"uv": [3, 8, 4, 9], "texture": "#1", "tintindex": 0},
				"up": {"uv": [5, 9, 4, 8], "texture": "#1", "tintindex": 0},
				"down": {"uv": [6, 8, 5, 9], "texture": "#1", "tintindex": 0}
			}
		},
		{
			"from": [8.75, 5.75, 11.75],
			"to": [13.25, 10.25, 16.25],
			"rotation": {"angle": 0, "axis": "y", "origin": [10, 8, 12]},
			"faces": {
				"north": {"uv": [0, 11, 1, 12], "texture": "#1", "tintindex": 0},
				"east": {"uv": [1, 11, 2, 12], "texture": "#1", "tintindex": 0},
				"south": {"uv": [2, 11, 3, 12], "texture": "#1", "tintindex": 0},
				"west": {"uv": [3, 11, 4, 12], "texture": "#1", "tintindex": 0},
				"up": {"uv": [5, 12, 4, 11], "texture": "#1", "tintindex": 0},
				"down": {"uv": [6, 11, 5, 12], "texture": "#1", "tintindex": 0}
			}
		},
		{
			"from": [2.75, 5.75, 11.75],
			"to": [7.25, 10.25, 16.25],
			"rotation": {"angle": 0, "axis": "y", "origin": [5, 6, 12]},
			"faces": {
				"north": {"uv": [0, 10, 1, 11], "texture": "#1", "tintindex": 0},
				"east": {"uv": [1, 10, 2, 11], "texture": "#1", "tintindex": 0},
				"south": {"uv": [2, 10, 3, 11], "texture": "#1", "tintindex": 0},
				"west": {"uv": [3, 10, 4, 11], "texture": "#1", "tintindex": 0},
				"up": {"uv": [5, 11, 4, 10], "texture": "#1", "tintindex": 0},
				"down": {"uv": [6, 10, 5, 11], "texture": "#1", "tintindex": 0}
			}
		}
	],
	"display": {
		"head": {
			"translation": [0, 6.4, 0],
			"scale": [1.6, 1.6, 1.6]
		}
	},
	"groups": [
		{
			"name": "group",
			"origin": [4, 0, 4],
			"color": 0,
			"children": [0, 1, 2, 3, 4, 5, 6, 7, 8]
		}
	]
}