{
	"credit": "Made with Blockbench",
	"textures": {
		"1": "wandering_hat_creator:custom/hair_piece/long_undercut"
	},
	"elements": [
		{
			"from": [3.98, 6.98, 3.98],
			"to": [12.02, 9.02, 12.02],
			"rotation": {"angle": 0, "axis": "y", "origin": [4, 8, 4]},
			"faces": {
				"north": {"uv": [14, 4, 16, 4.5], "texture": "#1", "tintindex": 0},
				"east": {"uv": [14, 4.5, 16, 5], "texture": "#1", "tintindex": 0},
				"south": {"uv": [14, 5, 16, 5.5], "texture": "#1", "tintindex": 0},
				"west": {"uv": [14, 5.5, 16, 6], "texture": "#1", "tintindex": 0},
				"up": {"uv": [16, 2, 14, 0], "texture": "#1", "tintindex": 0},
				"down": {"uv": [16, 2, 14, 4], "texture": "#1", "tintindex": 0}
			}
		},
		{
			"from": [3.99, 2.99, 10.99],
			"to": [12.01, 9.01, 13.01],
			"rotation": {"angle": 0, "axis": "y", "origin": [4, 1, 11]},
			"faces": {
				"north": {"uv": [14, 9, 16, 10.5], "texture": "#1", "tintindex": 0},
				"east": {"uv": [15, 13, 15.5, 14.5], "texture": "#1", "tintindex": 0},
				"south": {"uv": [14, 10.5, 16, 12], "texture": "#1", "tintindex": 0},
				"west": {"uv": [15.5, 13, 16, 14.5], "texture": "#1", "tintindex": 0},
				"up": {"uv": [16, 12.5, 14, 12], "texture": "#1", "tintindex": 0},
				"down": {"uv": [16, 12.5, 14, 13], "texture": "#1", "tintindex": 0}
			}
		},
		{
			"from": [2.75, 1.75, 3.75],
			"to": [12.25, 9.25, 13.25],
			"rotation": {"angle": 0, "axis": "y", "origin": [4, 8, 4]},
			"faces": {
				"north": {"uv": [11.75, 0, 14, 2.25], "texture": "#1", "tintindex": 0},
				"east": {"uv": [11.75, 2.25, 14, 4.5], "texture": "#1", "tintindex": 0},
				"south": {"uv": [11.75, 4.5, 14, 6.75], "texture": "#1", "tintindex": 0},
				"west": {"uv": [11.75, 6.75, 14, 9], "texture": "#1", "tintindex": 0},
				"up": {"uv": [14, 11.25, 11.75, 9], "texture": "#1", "tintindex": 0},
				"down": {"uv": [14, 11.25, 11.75, 13.5], "texture": "#1", "tintindex": 0}
			}
		},
		{
			"from": [3, 2, 5],
			"to": [4, 4, 6],
			"rotation": {"angle": 0, "axis": "y", "origin": [2, 1, 1]},
			"faces": {
				"north": {"uv": [0, 14.25, 0.25, 14.75], "texture": "#1", "tintindex": 0},
				"east": {"uv": [0.75, 14.25, 0.5, 14.75], "texture": "#1", "tintindex": 0},
				"south": {"uv": [2.25, 14.25, 2.5, 14.75], "texture": "#1", "tintindex": 0},
				"west": {"uv": [0.5, 14.25, 0.75, 14.75], "texture": "#1", "tintindex": 0},
				"up": {"uv": [2.75, 14.25, 2.5, 14], "texture": "#1", "tintindex": 0},
				"down": {"uv": [3, 14, 2.75, 14.25], "texture": "#1", "tintindex": 0}
			}
		},
		{
			"from": [3, 4, 5],
			"to": [4, 5, 7],
			"rotation": {"angle": 0, "axis": "y", "origin": [2, 2, 1]},
			"faces": {
				"north": {"uv": [0, 14, 0.25, 14.25], "texture": "#1", "tintindex": 0},
				"east": {"uv": [1, 14, 0.5, 14.25], "texture": "#1", "tintindex": 0},
				"south": {"uv": [2.25, 14, 2.5, 14.25], "texture": "#1", "tintindex": 0},
				"west": {"uv": [0.5, 14, 1, 14.25], "texture": "#1", "tintindex": 0},
				"up": {"uv": [2.75, 14.25, 2.5, 13.75], "texture": "#1", "tintindex": 0},
				"down": {"uv": [3, 13.75, 2.75, 14.25], "texture": "#1", "tintindex": 0}
			}
		},
		{
			"from": [3, 5, 5],
			"to": [4, 6, 8],
			"rotation": {"angle": 0, "axis": "y", "origin": [2, 3, 1]},
			"faces": {
				"north": {"uv": [0, 13.75, 0.25, 14], "texture": "#1", "tintindex": 0},
				"east": {"uv": [1.25, 13.75, 0.5, 14], "texture": "#1", "tintindex": 0},
				"south": {"uv": [2.25, 13.75, 2.5, 14], "texture": "#1", "tintindex": 0},
				"west": {"uv": [0.5, 13.75, 1.25, 14], "texture": "#1", "tintindex": 0},
				"up": {"uv": [2.75, 14.25, 2.5, 13.5], "texture": "#1", "tintindex": 0},
				"down": {"uv": [3, 13.5, 2.75, 14.25], "texture": "#1", "tintindex": 0}
			}
		},
		{
			"from": [3, 6, 4],
			"to": [4, 7, 9],
			"rotation": {"angle": 0, "axis": "y", "origin": [2, 5, 1]},
			"faces": {
				"north": {"uv": [0, 13.5, 0.25, 13.75], "texture": "#1", "tintindex": 0},
				"east": {"uv": [1.5, 13.5, 0.25, 13.75], "texture": "#1", "tintindex": 0},
				"south": {"uv": [2.25, 13.5, 2.5, 13.75], "texture": "#1", "tintindex": 0},
				"west": {"uv": [0.25, 13.5, 1.5, 13.75], "texture": "#1", "tintindex": 0},
				"up": {"uv": [2.5, 13.25, 2.75, 14.5], "texture": "#1", "tintindex": 0},
				"down": {"uv": [2.75, 13.25, 3, 14.5], "texture": "#1", "tintindex": 0}
			}
		},
		{
			"from": [3, 7, 4],
			"to": [4, 9, 10],
			"rotation": {"angle": 0, "axis": "y", "origin": [2, 7, 0]},
			"faces": {
				"north": {"uv": [0, 13, 0.25, 13.5], "texture": "#1", "tintindex": 0},
				"east": {"uv": [1.75, 13, 0.25, 13.5], "texture": "#1", "tintindex": 0},
				"south": {"uv": [2.25, 13, 2.5, 13.5], "texture": "#1", "tintindex": 0},
				"west": {"uv": [0.25, 13, 1.75, 13.5], "texture": "#1", "tintindex": 0},
				"up": {"uv": [2.5, 13, 2.75, 14.5], "texture": "#1", "tintindex": 0},
				"down": {"uv": [2.75, 13, 3, 14.5], "texture": "#1", "tintindex": 0}
			}
		}
	],
	"display": {
		"head": {
			"translation": [0, 6.4, 0],
			"scale": [1.6, 1.6, 1.6]
		}
	},
	"groups": [
		{
			"name": "group",
			"origin": [4, 0, 4],
			"color": 0,
			"children": [0, 1, 2, 3, 4, 5, 6, 7]
		}
	]
}