{
	"credit": "Made with Blockbench",
	"texture_size": [32, 32],
	"textures": {
		"1": "wandering_hat_creator:custom/hair_piece/mad_scientist"
	},
	"elements": [
		{
			"from": [6, 4, 8],
			"to": [6, 18, 19],
			"rotation": {"angle": 0, "axis": "y", "origin": [8, 11, 8]},
			"faces": {
				"north": {"uv": [0, 0, 0, 7], "texture": "#1", "tintindex": 0},
				"east": {"uv": [11, 0, 5.5, 7], "texture": "#1", "tintindex": 0},
				"south": {"uv": [0, 0, 0, 7], "texture": "#1", "tintindex": 0},
				"west": {"uv": [5.5, 0, 11, 7], "texture": "#1", "tintindex": 0},
				"up": {"uv": [0, 0, 11, 0], "rotation": 270, "texture": "#1", "tintindex": 0},
				"down": {"uv": [0, 0, 11, 0], "rotation": 90, "texture": "#1", "tintindex": 0}
			}
		},
		{
			"from": [10, 4, 8],
			"to": [10, 18, 19],
			"rotation": {"angle": 0, "axis": "y", "origin": [8, 11, 8]},
			"faces": {
				"north": {"uv": [0, 0, 0, 7], "texture": "#1", "tintindex": 0},
				"east": {"uv": [0, 0, 5.5, 7], "texture": "#1", "tintindex": 0},
				"south": {"uv": [0, 0, 0, 7], "texture": "#1", "tintindex": 0},
				"west": {"uv": [5.5, 0, 0, 7], "texture": "#1", "tintindex": 0},
				"up": {"uv": [0, 0, 11, 0], "rotation": 270, "texture": "#1", "tintindex": 0},
				"down": {"uv": [0, 0, 11, 0], "rotation": 90, "texture": "#1", "tintindex": 0}
			}
		},
		{
			"from": [6, 4, 8],
			"to": [6, 18, 19],
			"rotation": {"angle": 22.5, "axis": "y", "origin": [8, 11, 8]},
			"faces": {
				"north": {"uv": [0, 0, 0, 7], "texture": "#1", "tintindex": 0},
				"east": {"uv": [11, 0, 5.5, 7], "texture": "#1", "tintindex": 0},
				"south": {"uv": [0, 0, 0, 7], "texture": "#1", "tintindex": 0},
				"west": {"uv": [5.5, 0, 11, 7], "texture": "#1", "tintindex": 0},
				"up": {"uv": [0, 0, 11, 0], "rotation": 270, "texture": "#1", "tintindex": 0},
				"down": {"uv": [0, 0, 11, 0], "rotation": 90, "texture": "#1", "tintindex": 0}
			}
		},
		{
			"from": [10, 4, 8],
			"to": [10, 18, 19],
			"rotation": {"angle": 22.5, "axis": "y", "origin": [8, 11, 8]},
			"faces": {
				"north": {"uv": [0, 0, 0, 7], "texture": "#1", "tintindex": 0},
				"east": {"uv": [0, 0, 5.5, 7], "texture": "#1", "tintindex": 0},
				"south": {"uv": [0, 0, 0, 7], "texture": "#1", "tintindex": 0},
				"west": {"uv": [5.5, 0, 0, 7], "texture": "#1", "tintindex": 0},
				"up": {"uv": [0, 0, 11, 0], "rotation": 270, "texture": "#1", "tintindex": 0},
				"down": {"uv": [0, 0, 11, 0], "rotation": 90, "texture": "#1", "tintindex": 0}
			}
		},
		{
			"from": [6, 4, 8],
			"to": [6, 18, 19],
			"rotation": {"angle": 45, "axis": "y", "origin": [8, 11, 8]},
			"faces": {
				"north": {"uv": [0, 0, 0, 7], "texture": "#1", "tintindex": 0},
				"east": {"uv": [11, 0, 5.5, 7], "texture": "#1", "tintindex": 0},
				"south": {"uv": [0, 0, 0, 7], "texture": "#1", "tintindex": 0},
				"west": {"uv": [5.5, 0, 11, 7], "texture": "#1", "tintindex": 0},
				"up": {"uv": [0, 0, 11, 0], "rotation": 270, "texture": "#1", "tintindex": 0},
				"down": {"uv": [0, 0, 11, 0], "rotation": 90, "texture": "#1", "tintindex": 0}
			}
		},
		{
			"from": [10, 4, 8],
			"to": [10, 18, 19],
			"rotation": {"angle": 45, "axis": "y", "origin": [8, 11, 8]},
			"faces": {
				"north": {"uv": [0, 0, 0, 7], "texture": "#1", "tintindex": 0},
				"east": {"uv": [0, 0, 5.5, 7], "texture": "#1", "tintindex": 0},
				"south": {"uv": [0, 0, 0, 7], "texture": "#1", "tintindex": 0},
				"west": {"uv": [5.5, 0, 0, 7], "texture": "#1", "tintindex": 0},
				"up": {"uv": [0, 0, 11, 0], "rotation": 270, "texture": "#1", "tintindex": 0},
				"down": {"uv": [0, 0, 11, 0], "rotation": 90, "texture": "#1", "tintindex": 0}
			}
		},
		{
			"from": [8, 4, 10],
			"to": [19, 18, 10],
			"rotation": {"angle": -22.5, "axis": "y", "origin": [8, 11, 8]},
			"faces": {
				"north": {"uv": [11, 0, 5.5, 7], "texture": "#1", "tintindex": 0},
				"east": {"uv": [0, 0, 0, 7], "texture": "#1", "tintindex": 0},
				"south": {"uv": [5.5, 0, 11, 7], "texture": "#1", "tintindex": 0},
				"west": {"uv": [0, 0, 0, 7], "texture": "#1", "tintindex": 0},
				"up": {"uv": [0, 0, 11, 0], "rotation": 180, "texture": "#1", "tintindex": 0},
				"down": {"uv": [0, 0, 11, 0], "rotation": 180, "texture": "#1", "tintindex": 0}
			}
		},
		{
			"from": [8, 4, 6],
			"to": [19, 18, 6],
			"rotation": {"angle": -22.5, "axis": "y", "origin": [8, 11, 8]},
			"faces": {
				"north": {"uv": [0, 0, 5.5, 7], "texture": "#1", "tintindex": 0},
				"east": {"uv": [0, 0, 0, 7], "texture": "#1", "tintindex": 0},
				"south": {"uv": [5.5, 0, 0, 7], "texture": "#1", "tintindex": 0},
				"west": {"uv": [0, 0, 0, 7], "texture": "#1", "tintindex": 0},
				"up": {"uv": [0, 0, 11, 0], "rotation": 180, "texture": "#1", "tintindex": 0},
				"down": {"uv": [0, 0, 11, 0], "rotation": 180, "texture": "#1", "tintindex": 0}
			}
		},
		{
			"from": [6, 4, 8],
			"to": [6, 18, 19],
			"rotation": {"angle": -22.5, "axis": "y", "origin": [8, 11, 8]},
			"faces": {
				"north": {"uv": [0, 0, 0, 7], "texture": "#1", "tintindex": 0},
				"east": {"uv": [11, 0, 5.5, 7], "texture": "#1", "tintindex": 0},
				"south": {"uv": [0, 0, 0, 7], "texture": "#1", "tintindex": 0},
				"west": {"uv": [5.5, 0, 11, 7], "texture": "#1", "tintindex": 0},
				"up": {"uv": [0, 0, 11, 0], "rotation": 270, "texture": "#1", "tintindex": 0},
				"down": {"uv": [0, 0, 11, 0], "rotation": 90, "texture": "#1", "tintindex": 0}
			}
		},
		{
			"from": [10, 4, 8],
			"to": [10, 18, 19],
			"rotation": {"angle": -22.5, "axis": "y", "origin": [8, 11, 8]},
			"faces": {
				"north": {"uv": [0, 0, 0, 7], "texture": "#1", "tintindex": 0},
				"east": {"uv": [0, 0, 5.5, 7], "texture": "#1", "tintindex": 0},
				"south": {"uv": [0, 0, 0, 7], "texture": "#1", "tintindex": 0},
				"west": {"uv": [5.5, 0, 0, 7], "texture": "#1", "tintindex": 0},
				"up": {"uv": [0, 0, 11, 0], "rotation": 270, "texture": "#1", "tintindex": 0},
				"down": {"uv": [0, 0, 11, 0], "rotation": 90, "texture": "#1", "tintindex": 0}
			}
		},
		{
			"from": [6, 4, 8],
			"to": [6, 18, 19],
			"rotation": {"angle": -45, "axis": "y", "origin": [8, 11, 8]},
			"faces": {
				"north": {"uv": [0, 0, 0, 7], "texture": "#1", "tintindex": 0},
				"east": {"uv": [11, 0, 5.5, 7], "texture": "#1", "tintindex": 0},
				"south": {"uv": [0, 0, 0, 7], "texture": "#1", "tintindex": 0},
				"west": {"uv": [5.5, 0, 11, 7], "texture": "#1", "tintindex": 0},
				"up": {"uv": [0, 0, 11, 0], "rotation": 270, "texture": "#1", "tintindex": 0},
				"down": {"uv": [0, 0, 11, 0], "rotation": 90, "texture": "#1", "tintindex": 0}
			}
		},
		{
			"from": [10, 4, 8],
			"to": [10, 18, 19],
			"rotation": {"angle": -45, "axis": "y", "origin": [8, 11, 8]},
			"faces": {
				"north": {"uv": [0, 0, 0, 7], "texture": "#1", "tintindex": 0},
				"east": {"uv": [0, 0, 5.5, 7], "texture": "#1", "tintindex": 0},
				"south": {"uv": [0, 0, 0, 7], "texture": "#1", "tintindex": 0},
				"west": {"uv": [5.5, 0, 0, 7], "texture": "#1", "tintindex": 0},
				"up": {"uv": [0, 0, 11, 0], "rotation": 270, "texture": "#1", "tintindex": 0},
				"down": {"uv": [0, 0, 11, 0], "rotation": 90, "texture": "#1", "tintindex": 0}
			}
		},
		{
			"from": [-3, 4, 6],
			"to": [8, 18, 6],
			"rotation": {"angle": 22.5, "axis": "y", "origin": [8, 11, 8]},
			"faces": {
				"north": {"uv": [5.5, 0, 11, 7], "texture": "#1", "tintindex": 0},
				"east": {"uv": [0, 0, 0, 7], "texture": "#1", "tintindex": 0},
				"south": {"uv": [11, 0, 5.5, 7], "texture": "#1", "tintindex": 0},
				"west": {"uv": [0, 0, 0, 7], "texture": "#1", "tintindex": 0},
				"up": {"uv": [0, 0, 11, 0], "texture": "#1", "tintindex": 0},
				"down": {"uv": [0, 0, 11, 0], "texture": "#1", "tintindex": 0}
			}
		},
		{
			"from": [-3, 4, 10],
			"to": [8, 18, 10],
			"rotation": {"angle": 22.5, "axis": "y", "origin": [8, 11, 8]},
			"faces": {
				"north": {"uv": [5.5, 0, 0, 7], "texture": "#1", "tintindex": 0},
				"east": {"uv": [0, 0, 0, 7], "texture": "#1", "tintindex": 0},
				"south": {"uv": [0, 0, 5.5, 7], "texture": "#1", "tintindex": 0},
				"west": {"uv": [0, 0, 0, 7], "texture": "#1", "tintindex": 0},
				"up": {"uv": [0, 0, 11, 0], "texture": "#1", "tintindex": 0},
				"down": {"uv": [0, 0, 11, 0], "texture": "#1", "tintindex": 0}
			}
		},
		{
			"from": [-3, 3, 8],
			"to": [19, 17, 8],
			"faces": {
				"north": {"uv": [11, 0, 0, 7], "texture": "#1", "tintindex": 0},
				"east": {"uv": [0, 0, 0, 7], "texture": "#1", "tintindex": 0},
				"south": {"uv": [0, 0, 11, 7], "texture": "#1", "tintindex": 0},
				"west": {"uv": [0, 0, 0, 7], "texture": "#1", "tintindex": 0},
				"up": {"uv": [0, 0, 11, 0], "texture": "#1", "tintindex": 0},
				"down": {"uv": [0, 0, 11, 0], "texture": "#1", "tintindex": 0}
			}
		},
		{
			"from": [-3, 4, 6],
			"to": [19, 18, 6],
			"faces": {
				"north": {"uv": [0, 0, 11, 7], "texture": "#1", "tintindex": 0},
				"east": {"uv": [0, 0, 0, 7], "texture": "#1", "tintindex": 0},
				"south": {"uv": [0, 0, 11, 7], "texture": "#1", "tintindex": 0},
				"west": {"uv": [0, 0, 0, 7], "texture": "#1", "tintindex": 0},
				"up": {"uv": [0, 0, 11, 0], "texture": "#1", "tintindex": 0},
				"down": {"uv": [0, 0, 11, 0], "texture": "#1", "tintindex": 0}
			}
		},
		{
			"from": [-3, 3, 11],
			"to": [19, 17, 11],
			"faces": {
				"north": {"uv": [11, 0, 0, 7], "texture": "#1", "tintindex": 0},
				"east": {"uv": [0, 0, 0, 7], "texture": "#1", "tintindex": 0},
				"south": {"uv": [0, 0, 11, 7], "texture": "#1", "tintindex": 0},
				"west": {"uv": [0, 0, 0, 7], "texture": "#1", "tintindex": 0},
				"up": {"uv": [0, 0, 11, 0], "texture": "#1", "tintindex": 0},
				"down": {"uv": [0, 0, 11, 0], "texture": "#1", "tintindex": 0}
			}
		},
		{
			"from": [5, 4, 8],
			"to": [5, 18, 19],
			"faces": {
				"north": {"uv": [0, 0, 0, 7], "texture": "#1", "tintindex": 0},
				"east": {"uv": [11, 0, 5.5, 7], "texture": "#1", "tintindex": 0},
				"south": {"uv": [0, 0, 0, 7], "texture": "#1", "tintindex": 0},
				"west": {"uv": [5.5, 0, 11, 7], "texture": "#1", "tintindex": 0},
				"up": {"uv": [0, 0, 11, 0], "rotation": 270, "texture": "#1", "tintindex": 0},
				"down": {"uv": [0, 0, 11, 0], "rotation": 90, "texture": "#1", "tintindex": 0}
			}
		},
		{
			"from": [11, 4, 8],
			"to": [11, 18, 19],
			"faces": {
				"north": {"uv": [0, 0, 0, 7], "texture": "#1", "tintindex": 0},
				"east": {"uv": [0, 0, 5.5, 7], "texture": "#1", "tintindex": 0},
				"south": {"uv": [0, 0, 0, 7], "texture": "#1", "tintindex": 0},
				"west": {"uv": [5.5, 0, 0, 7], "texture": "#1", "tintindex": 0},
				"up": {"uv": [0, 0, 11, 0], "rotation": 270, "texture": "#1", "tintindex": 0},
				"down": {"uv": [0, 0, 11, 0], "rotation": 90, "texture": "#1", "tintindex": 0}
			}
		}
	],
	"display": {
		"ground": {
			"translation": [0, 3.25, 0]
		},
		"gui": {
			"rotation": [0, -180, 0],
			"translation": [0, 1, 0],
			"scale": [0.9, 0.9, 0.9]
		},
		"head": {
			"translation": [0, 7, 0],
			"scale": [1.7, 1.7, 1.7]
		},
		"fixed": {
			"translation": [0, 6, 7],
			"scale": [2, 2, 2]
		}
	},
	"groups": [
		{
			"name": "hair",
			"origin": [0, 0, 0],
			"color": 0,
			"children": [
				{
					"name": "group",
					"origin": [0, 0, 0],
					"color": 0,
					"children": [0, 1]
				},
				{
					"name": "group",
					"origin": [0, 0, 0],
					"color": 0,
					"children": [2, 3]
				},
				{
					"name": "group",
					"origin": [0, 0, 0],
					"color": 0,
					"children": [4, 5]
				},
				{
					"name": "group",
					"origin": [0, 0, 0],
					"color": 0,
					"children": [6, 7]
				},
				{
					"name": "group",
					"origin": [0, 0, 0],
					"color": 0,
					"children": [8, 9]
				},
				{
					"name": "group",
					"origin": [0, 0, 0],
					"color": 0,
					"children": [10, 11]
				},
				{
					"name": "group",
					"origin": [0, 0, 0],
					"color": 0,
					"children": [12, 13]
				},
				14,
				15,
				16,
				{
					"name": "group",
					"origin": [0, 0, 0],
					"color": 0,
					"children": [17, 18]
				}
			]
		}
	]
}