{
	"credit": "Made with Blockbench",
	"texture_size": [32, 32],
	"textures": {
		"1": "wandering_hat_creator:custom/hair_piece/mullet"
	},
	"elements": [
		{
			"from": [3, 7, 3],
			"to": [13, 10, 13],
			"faces": {
				"north": {"uv": [5, 0, 7.5, 0.75], "texture": "#1", "tintindex": 0},
				"east": {"uv": [5, 0.75, 7.5, 1.5], "texture": "#1", "tintindex": 0},
				"south": {"uv": [7.5, 0, 10, 0.75], "texture": "#1", "tintindex": 0},
				"west": {"uv": [7.5, 0.75, 10, 1.5], "texture": "#1", "tintindex": 0},
				"up": {"uv": [5, 2.5, 2.5, 0], "texture": "#1", "tintindex": 0},
				"down": {"uv": [2.5, 0, 0, 2.5], "texture": "#1", "tintindex": 0}
			}
		},
		{
			"from": [3.98, 6.98, 3.98],
			"to": [12.02, 9.02, 12.02],
			"rotation": {"angle": 0, "axis": "y", "origin": [4, 8, 4]},
			"faces": {
				"north": {"uv": [14, 4, 16, 4.5], "texture": "#1", "tintindex": 0},
				"east": {"uv": [14, 4.5, 16, 5], "texture": "#1", "tintindex": 0},
				"south": {"uv": [14, 5, 16, 5.5], "texture": "#1", "tintindex": 0},
				"west": {"uv": [14, 5.5, 16, 6], "texture": "#1", "tintindex": 0},
				"up": {"uv": [16, 2, 14, 0], "texture": "#1", "tintindex": 0},
				"down": {"uv": [16, 2, 14, 4], "texture": "#1", "tintindex": 0}
			}
		},
		{
			"from": [3, -1, 11],
			"to": [13, 9, 14],
			"rotation": {"angle": 0, "axis": "y", "origin": [4, 5, 11]},
			"faces": {
				"north": {"uv": [0, 2.5, 2.5, 5], "texture": "#1", "tintindex": 0},
				"east": {"uv": [2.5, 2.5, 3.25, 5], "texture": "#1", "tintindex": 0},
				"south": {"uv": [3.25, 2.5, 5.75, 5], "texture": "#1", "tintindex": 0},
				"west": {"uv": [5.75, 2.5, 6.5, 5], "texture": "#1", "tintindex": 0},
				"up": {"uv": [9, 3.25, 6.5, 2.5], "texture": "#1", "tintindex": 0},
				"down": {"uv": [9, 3.25, 6.5, 4], "texture": "#1", "tintindex": 0}
			}
		},
		{
			"from": [3.99, 0.99, 10.99],
			"to": [12.01, 9.01, 13.01],
			"rotation": {"angle": 0, "axis": "y", "origin": [4, 1, 11]},
			"faces": {
				"north": {"uv": [14, 9, 16, 11], "texture": "#1", "tintindex": 0},
				"east": {"uv": [15, 14, 15.5, 16], "texture": "#1", "tintindex": 0},
				"south": {"uv": [14, 11, 16, 13], "texture": "#1", "tintindex": 0},
				"west": {"uv": [15.5, 14, 16, 16], "texture": "#1", "tintindex": 0},
				"up": {"uv": [16, 13.5, 14, 13], "texture": "#1", "tintindex": 0},
				"down": {"uv": [16, 13.5, 14, 14], "texture": "#1", "tintindex": 0}
			}
		}
	],
	"display": {
		"head": {
			"translation": [0, 6.4, 0],
			"scale": [1.6, 1.6, 1.6]
		}
	},
	"groups": [
		{
			"name": "group",
			"origin": [4, 0, 4],
			"color": 0,
			"children": [0, 1, 2, 3]
		}
	]
}