{
	"credit": "Made with Blockbench",
	"textures": {
		"1": "wandering_hat_creator:custom/hair_piece/undercut"
	},
	"elements": [
		{
			"from": [3.98, 6.98, 3.98],
			"to": [12.02, 9.02, 12.02],
			"rotation": {"angle": 0, "axis": "y", "origin": [4, 8, 4]},
			"faces": {
				"north": {"uv": [14, 4, 16, 4.5], "texture": "#1", "tintindex": 0},
				"east": {"uv": [14, 4.5, 16, 5], "texture": "#1", "tintindex": 0},
				"south": {"uv": [14, 5, 16, 5.5], "texture": "#1", "tintindex": 0},
				"west": {"uv": [14, 5.5, 16, 6], "texture": "#1", "tintindex": 0},
				"up": {"uv": [16, 2, 14, 0], "texture": "#1", "tintindex": 0},
				"down": {"uv": [16, 2, 14, 4], "texture": "#1", "tintindex": 0}
			}
		},
		{
			"from": [4, 9, 4],
			"to": [12, 13, 12],
			"rotation": {"angle": 0, "axis": "y", "origin": [4, 9, 4]},
			"faces": {
				"north": {"uv": [0, 6, 2, 7], "texture": "#1", "tintindex": 0},
				"east": {"uv": [2, 6, 4, 7], "texture": "#1", "tintindex": 0},
				"south": {"uv": [4, 6, 6, 7], "texture": "#1", "tintindex": 0},
				"west": {"uv": [6, 6, 8, 7], "texture": "#1", "tintindex": 0},
				"up": {"uv": [5.25, 9.5, 7.25, 11.5], "texture": "#1", "tintindex": 0},
				"down": {"uv": [5.25, 9.5, 7.25, 11.5], "texture": "#1", "tintindex": 0}
			}
		},
		{
			"from": [4, 13, 4],
			"to": [12, 9, 12],
			"rotation": {"angle": 0, "axis": "y", "origin": [4, 13, 4]},
			"faces": {
				"north": {"uv": [0, 7, 2, 6], "texture": "#1", "tintindex": 0},
				"east": {"uv": [2, 7, 4, 6], "texture": "#1", "tintindex": 0},
				"south": {"uv": [4, 7, 6, 6], "texture": "#1", "tintindex": 0},
				"west": {"uv": [6, 7, 8, 6], "texture": "#1", "tintindex": 0},
				"up": {"uv": [0, 4, 2, 6], "texture": "#1", "tintindex": 0},
				"down": {"uv": [0, 4, 2, 6], "texture": "#1", "tintindex": 0}
			}
		},
		{
			"from": [4, 9, 5],
			"to": [12, 13, 5],
			"rotation": {"angle": 0, "axis": "y", "origin": [8, 11, 8]},
			"faces": {
				"north": {"uv": [4, 0, 6, 1], "texture": "#1", "tintindex": 0},
				"east": {"uv": [4, 0, 4, 4], "texture": "#1", "tintindex": 0},
				"south": {"uv": [6, 0, 4, 1], "texture": "#1", "tintindex": 0},
				"west": {"uv": [4, 0, 4, 4], "texture": "#1", "tintindex": 0},
				"up": {"uv": [4, 8, 4, 0], "rotation": 270, "texture": "#1", "tintindex": 0},
				"down": {"uv": [4, 0, 4, 8], "rotation": 90, "texture": "#1", "tintindex": 0}
			}
		},
		{
			"from": [4, 9, 6],
			"to": [12, 13, 6],
			"rotation": {"angle": 0, "axis": "y", "origin": [8, 11, 8]},
			"faces": {
				"north": {"uv": [4, 1, 6, 2], "texture": "#1", "tintindex": 0},
				"east": {"uv": [4, 0, 4, 4], "texture": "#1", "tintindex": 0},
				"south": {"uv": [6, 1, 4, 2], "texture": "#1", "tintindex": 0},
				"west": {"uv": [4, 0, 4, 4], "texture": "#1", "tintindex": 0},
				"up": {"uv": [4, 8, 4, 0], "rotation": 270, "texture": "#1", "tintindex": 0},
				"down": {"uv": [4, 0, 4, 8], "rotation": 90, "texture": "#1", "tintindex": 0}
			}
		},
		{
			"from": [4, 9, 7],
			"to": [12, 13, 7],
			"rotation": {"angle": 0, "axis": "y", "origin": [8, 11, 8]},
			"faces": {
				"north": {"uv": [4, 2, 6, 3], "texture": "#1", "tintindex": 0},
				"east": {"uv": [4, 0, 4, 4], "texture": "#1", "tintindex": 0},
				"south": {"uv": [6, 2, 4, 3], "texture": "#1", "tintindex": 0},
				"west": {"uv": [4, 0, 4, 4], "texture": "#1", "tintindex": 0},
				"up": {"uv": [4, 8, 4, 0], "rotation": 270, "texture": "#1", "tintindex": 0},
				"down": {"uv": [4, 0, 4, 8], "rotation": 90, "texture": "#1", "tintindex": 0}
			}
		},
		{
			"from": [4, 9, 8],
			"to": [12, 13, 8],
			"rotation": {"angle": 0, "axis": "y", "origin": [8, 11, 8]},
			"faces": {
				"north": {"uv": [4, 3, 6, 4], "texture": "#1", "tintindex": 0},
				"east": {"uv": [4, 0, 4, 4], "texture": "#1", "tintindex": 0},
				"south": {"uv": [6, 3, 4, 4], "texture": "#1", "tintindex": 0},
				"west": {"uv": [4, 0, 4, 4], "texture": "#1", "tintindex": 0},
				"up": {"uv": [4, 8, 4, 0], "rotation": 270, "texture": "#1", "tintindex": 0},
				"down": {"uv": [4, 0, 4, 8], "rotation": 90, "texture": "#1", "tintindex": 0}
			}
		},
		{
			"from": [4, 9, 9],
			"to": [12, 13, 9],
			"rotation": {"angle": 0, "axis": "y", "origin": [8, 11, 8]},
			"faces": {
				"north": {"uv": [6, 0, 8, 1], "texture": "#1", "tintindex": 0},
				"east": {"uv": [4, 0, 4, 4], "texture": "#1", "tintindex": 0},
				"south": {"uv": [8, 0, 6, 1], "texture": "#1", "tintindex": 0},
				"west": {"uv": [4, 0, 4, 4], "texture": "#1", "tintindex": 0},
				"up": {"uv": [4, 8, 4, 0], "rotation": 270, "texture": "#1", "tintindex": 0},
				"down": {"uv": [4, 0, 4, 8], "rotation": 90, "texture": "#1", "tintindex": 0}
			}
		},
		{
			"from": [4, 9, 10],
			"to": [12, 13, 10],
			"rotation": {"angle": 0, "axis": "y", "origin": [8, 11, 8]},
			"faces": {
				"north": {"uv": [6, 1, 8, 2], "texture": "#1", "tintindex": 0},
				"east": {"uv": [4, 0, 4, 4], "texture": "#1", "tintindex": 0},
				"south": {"uv": [8, 1, 6, 2], "texture": "#1", "tintindex": 0},
				"west": {"uv": [4, 0, 4, 4], "texture": "#1", "tintindex": 0},
				"up": {"uv": [4, 8, 4, 0], "rotation": 270, "texture": "#1", "tintindex": 0},
				"down": {"uv": [4, 0, 4, 8], "rotation": 90, "texture": "#1", "tintindex": 0}
			}
		},
		{
			"from": [4, 9, 11],
			"to": [12, 13, 11],
			"rotation": {"angle": 0, "axis": "y", "origin": [8, 11, 8]},
			"faces": {
				"north": {"uv": [6, 2, 8, 3], "texture": "#1", "tintindex": 0},
				"east": {"uv": [4, 0, 4, 4], "texture": "#1", "tintindex": 0},
				"south": {"uv": [8, 2, 6, 3], "texture": "#1", "tintindex": 0},
				"west": {"uv": [4, 0, 4, 4], "texture": "#1", "tintindex": 0},
				"up": {"uv": [4, 8, 4, 0], "rotation": 270, "texture": "#1", "tintindex": 0},
				"down": {"uv": [4, 0, 4, 8], "rotation": 90, "texture": "#1", "tintindex": 0}
			}
		},
		{
			"from": [11, 9, 4],
			"to": [11, 13, 12],
			"rotation": {"angle": 0, "axis": "y", "origin": [8, 11, 8]},
			"faces": {
				"north": {"uv": [0, 0, 0, 4], "texture": "#1", "tintindex": 0},
				"east": {"uv": [0, 0, 2, 1], "texture": "#1", "tintindex": 0},
				"south": {"uv": [0, 0, 0, 4], "texture": "#1", "tintindex": 0},
				"west": {"uv": [2, 0, 0, 1], "texture": "#1", "tintindex": 0},
				"up": {"uv": [0, 8, 0, 0], "texture": "#1", "tintindex": 0},
				"down": {"uv": [0, 0, 0, 8], "texture": "#1", "tintindex": 0}
			}
		},
		{
			"from": [10, 9, 4],
			"to": [10, 13, 12],
			"rotation": {"angle": 0, "axis": "y", "origin": [8, 11, 8]},
			"faces": {
				"north": {"uv": [0, 0, 0, 4], "texture": "#1", "tintindex": 0},
				"east": {"uv": [0, 1, 2, 2], "texture": "#1", "tintindex": 0},
				"south": {"uv": [0, 0, 0, 4], "texture": "#1", "tintindex": 0},
				"west": {"uv": [2, 1, 0, 2], "texture": "#1", "tintindex": 0},
				"up": {"uv": [0, 8, 0, 0], "texture": "#1", "tintindex": 0},
				"down": {"uv": [0, 0, 0, 8], "texture": "#1", "tintindex": 0}
			}
		},
		{
			"from": [9, 9, 4],
			"to": [9, 13, 12],
			"rotation": {"angle": 0, "axis": "y", "origin": [8, 11, 8]},
			"faces": {
				"north": {"uv": [0, 0, 0, 4], "texture": "#1", "tintindex": 0},
				"east": {"uv": [0, 2, 2, 3], "texture": "#1", "tintindex": 0},
				"south": {"uv": [0, 0, 0, 4], "texture": "#1", "tintindex": 0},
				"west": {"uv": [2, 2, 0, 3], "texture": "#1", "tintindex": 0},
				"up": {"uv": [0, 8, 0, 0], "texture": "#1", "tintindex": 0},
				"down": {"uv": [0, 0, 0, 8], "texture": "#1", "tintindex": 0}
			}
		},
		{
			"from": [8, 9, 4],
			"to": [8, 13, 12],
			"rotation": {"angle": 0, "axis": "y", "origin": [8, 11, 8]},
			"faces": {
				"north": {"uv": [0, 0, 0, 4], "texture": "#1", "tintindex": 0},
				"east": {"uv": [0, 3, 2, 4], "texture": "#1", "tintindex": 0},
				"south": {"uv": [0, 0, 0, 4], "texture": "#1", "tintindex": 0},
				"west": {"uv": [2, 3, 0, 4], "texture": "#1", "tintindex": 0},
				"up": {"uv": [0, 8, 0, 0], "texture": "#1", "tintindex": 0},
				"down": {"uv": [0, 0, 0, 8], "texture": "#1", "tintindex": 0}
			}
		},
		{
			"from": [7, 9, 4],
			"to": [7, 13, 12],
			"rotation": {"angle": 0, "axis": "y", "origin": [8, 11, 8]},
			"faces": {
				"north": {"uv": [0, 0, 0, 4], "texture": "#1", "tintindex": 0},
				"east": {"uv": [2, 0, 4, 1], "texture": "#1", "tintindex": 0},
				"south": {"uv": [0, 0, 0, 4], "texture": "#1", "tintindex": 0},
				"west": {"uv": [4, 0, 2, 1], "texture": "#1", "tintindex": 0},
				"up": {"uv": [0, 8, 0, 0], "texture": "#1", "tintindex": 0},
				"down": {"uv": [0, 0, 0, 8], "texture": "#1", "tintindex": 0}
			}
		},
		{
			"from": [6, 9, 4],
			"to": [6, 13, 12],
			"rotation": {"angle": 0, "axis": "y", "origin": [8, 11, 8]},
			"faces": {
				"north": {"uv": [0, 0, 0, 4], "texture": "#1", "tintindex": 0},
				"east": {"uv": [2, 1, 4, 2], "texture": "#1", "tintindex": 0},
				"south": {"uv": [0, 0, 0, 4], "texture": "#1", "tintindex": 0},
				"west": {"uv": [4, 1, 2, 2], "texture": "#1", "tintindex": 0},
				"up": {"uv": [0, 8, 0, 0], "texture": "#1", "tintindex": 0},
				"down": {"uv": [0, 0, 0, 8], "texture": "#1", "tintindex": 0}
			}
		},
		{
			"from": [5, 9, 4],
			"to": [5, 13, 12],
			"rotation": {"angle": 0, "axis": "y", "origin": [8, 11, 8]},
			"faces": {
				"north": {"uv": [0, 0, 0, 4], "texture": "#1", "tintindex": 0},
				"east": {"uv": [2, 2, 4, 3], "texture": "#1", "tintindex": 0},
				"south": {"uv": [0, 0, 0, 4], "texture": "#1", "tintindex": 0},
				"west": {"uv": [4, 2, 2, 3], "texture": "#1", "tintindex": 0},
				"up": {"uv": [0, 8, 0, 0], "texture": "#1", "tintindex": 0},
				"down": {"uv": [0, 0, 0, 8], "texture": "#1", "tintindex": 0}
			}
		},
		{
			"from": [3.99, 4.99, 9.99],
			"to": [12.01, 9.01, 12.01],
			"rotation": {"angle": 0, "axis": "y", "origin": [4, 1, 10]},
			"faces": {
				"north": {"uv": [14, 9, 16, 10], "texture": "#1", "tintindex": 0},
				"east": {"uv": [15, 12, 15.5, 13], "texture": "#1", "tintindex": 0},
				"south": {"uv": [14, 10, 16, 11], "texture": "#1", "tintindex": 0},
				"west": {"uv": [15.5, 12, 16, 13], "texture": "#1", "tintindex": 0},
				"up": {"uv": [16, 11.5, 14, 11], "texture": "#1", "tintindex": 0},
				"down": {"uv": [16, 11.5, 14, 12], "texture": "#1", "tintindex": 0}
			}
		}
	],
	"display": {
		"head": {
			"translation": [0, 6.4, 0],
			"scale": [1.7, 1.7, 1.7]
		}
	},
	"groups": [
		{
			"name": "group",
			"origin": [4, 0, 4],
			"color": 0,
			"children": [
				0,
				1,
				2,
				{
					"name": "group",
					"origin": [4, 8, 4],
					"color": 0,
					"children": [3, 4, 5, 6, 7, 8, 9]
				},
				{
					"name": "group",
					"origin": [4, 8, 4],
					"color": 0,
					"children": [10, 11, 12, 13, 14, 15, 16]
				},
				{
					"name": "group",
					"origin": [4, 8, 4],
					"color": 0,
					"children": []
				},
				17
			]
		}
	]
}