{"model": {"type": "minecraft:composite","models": [
{"type": "minecraft:select","property": "minecraft:custom_model_data","index": 0,"cases": [{"when": "empty","model": {"type": "minecraft:select","property": "minecraft:custom_model_data","index": 1,"cases": [{"when": "empty","model": {"type": "minecraft:select","property": "minecraft:custom_model_data","index": 2,"cases": [{"when": "empty","model": {"type": "minecraft:select","property": "minecraft:custom_model_data","index": 3,"cases": [{"when": "empty","model": {"type": "minecraft:select","property": "minecraft:custom_model_data","index": 4,"cases": [{"when": "empty","model": {"type": "minecraft:select","property": "minecraft:custom_model_data","index": 5,"cases": [{"when": "empty","model": {"type": "minecraft:select","property": "minecraft:display_context","cases": [{"when": "head","model": {"type": "minecraft:empty"}}],"fallback": {"type": "minecraft:model","model": "wandering_hat_creator:builder_base_empty_gui","tints": []}}}],"fallback": {"type": "minecraft:empty"}}}],"fallback": {"type": "minecraft:empty"}}}],"fallback": {"type": "minecraft:empty"}}}],"fallback": {"type": "minecraft:empty"}}}],"fallback": {"type": "minecraft:empty"}}}],"fallback": {"type": "minecraft:empty"}},
{"type": "minecraft:select","property": "minecraft:custom_model_data","index": 0,"cases": [{"when": "empty","model": {"type": "minecraft:empty"}}],"fallback": {"type": "minecraft:select","property": "minecraft:custom_model_data","index": 0,"cases": [

{"when": "desert_villager","model": {"type": "minecraft:select","property": "minecraft:display_context","cases": [{"when": ["head"],"model": {"type": "minecraft:model","model": "wandering_hat_creator:hat_piece/hat_villager/desert","tints": [{"type": "minecraft:custom_model_data","index": 0,"default": 15514931},{"type": "minecraft:custom_model_data","index": 8,"default": 6897929}]}}],"fallback": {"type": "minecraft:model","model": "wandering_hat_creator:hat_piece/hat_villager/desert_gui","tints": [{"type": "minecraft:custom_model_data","index": 0,"default": 15514931},{"type": "minecraft:custom_model_data","index": 8,"default": 6897929}]}}},
{"when": "farmer_villager","model": {"type": "minecraft:select","property": "minecraft:display_context","cases": [{"when": ["head"],"model": {"type": "minecraft:model","model": "wandering_hat_creator:hat_piece/hat_villager/farmer","tints": [{"type": "minecraft:custom_model_data","index": 0,"default": 15514931},{"type": "minecraft:custom_model_data","index": 8,"default": 6897929}]}}],"fallback": {"type": "minecraft:model","model": "wandering_hat_creator:hat_piece/hat_villager/farmer_gui","tints": [{"type": "minecraft:custom_model_data","index": 0,"default": 15514931},{"type": "minecraft:custom_model_data","index": 8,"default": 6897929}]}}},
{"when": "fisherman_villager","model": {"type": "minecraft:select","property": "minecraft:display_context","cases": [{"when": ["head"],"model": {"type": "minecraft:model","model": "wandering_hat_creator:hat_piece/hat_villager/fisherman","tints": [{"type": "minecraft:custom_model_data","index": 0,"default": 10579763},{"type": "minecraft:custom_model_data","index": 8,"default": 5908738}]}}],"fallback": {"type": "minecraft:model","model": "wandering_hat_creator:hat_piece/hat_villager/fisherman_gui","tints": [{"type": "minecraft:custom_model_data","index": 0,"default": 10579763},{"type": "minecraft:custom_model_data","index": 8,"default": 5908738}]}}},
{"when": "fletcher_villager","model": {"type": "minecraft:select","property": "minecraft:display_context","cases": [{"when": ["head"],"model": {"type": "minecraft:model","model": "wandering_hat_creator:hat_piece/hat_villager/fletcher","tints": [{"type": "minecraft:custom_model_data","index": 0,"default": 16741120},{"type": "minecraft:custom_model_data","index": 8,"default": 16119285}]}}],"fallback": {"type": "minecraft:model","model": "wandering_hat_creator:hat_piece/hat_villager/fletcher_gui","tints": [{"type": "minecraft:custom_model_data","index": 0,"default": 16741120},{"type": "minecraft:custom_model_data","index": 8,"default": 16119285}]}}},
{"when": "librarian_villager","model": {"type": "minecraft:select","property": "minecraft:display_context","cases": [{"when": ["head"],"model": {"type": "minecraft:model","model": "wandering_hat_creator:hat_piece/hat_villager/librarian","tints": [{"type": "minecraft:custom_model_data","index": 0,"default": 16741120},{"type": "minecraft:custom_model_data","index": 8,"default": 16119285}]}}],"fallback": {"type": "minecraft:model","model": "wandering_hat_creator:hat_piece/hat_villager/librarian_gui","tints": [{"type": "minecraft:custom_model_data","index": 0,"default": 16741120},{"type": "minecraft:custom_model_data","index": 8,"default": 16119285}]}}},
{"when": "savanna_villager","model": {"type": "minecraft:select","property": "minecraft:display_context","cases": [{"when": ["head"],"model": {"type": "minecraft:model","model": "wandering_hat_creator:hat_piece/hat_villager/savanna","tints": [{"type": "minecraft:custom_model_data","index": 0,"default": 16741120},{"type": "minecraft:custom_model_data","index": 8,"default": 16119285}]}}],"fallback": {"type": "minecraft:model","model": "wandering_hat_creator:hat_piece/hat_villager/savanna_gui","tints": [{"type": "minecraft:custom_model_data","index": 0,"default": 16741120},{"type": "minecraft:custom_model_data","index": 8,"default": 16119285}]}}},
{"when": "shepherd_villager","model": {"type": "minecraft:select","property": "minecraft:display_context","cases": [{"when": ["head"],"model": {"type": "minecraft:model","model": "wandering_hat_creator:hat_piece/hat_villager/shepherd","tints": [{"type": "minecraft:custom_model_data","index": 0,"default": 16741120},{"type": "minecraft:custom_model_data","index": 8,"default": 16119285}]}}],"fallback": {"type": "minecraft:model","model": "wandering_hat_creator:hat_piece/hat_villager/shepherd_gui","tints": [{"type": "minecraft:custom_model_data","index": 0,"default": 16741120},{"type": "minecraft:custom_model_data","index": 8,"default": 16119285}]}}},
{"when": "snow_villager","model": {"type": "minecraft:select","property": "minecraft:display_context","cases": [{"when": ["head"],"model": {"type": "minecraft:model","model": "wandering_hat_creator:hat_piece/hat_villager/snow","tints": [{"type": "minecraft:custom_model_data","index": 0,"default": 16741120},{"type": "minecraft:custom_model_data","index": 8,"default": 16119285}]}}],"fallback": {"type": "minecraft:model","model": "wandering_hat_creator:hat_piece/hat_villager/snow_gui","tints": [{"type": "minecraft:custom_model_data","index": 0,"default": 16741120},{"type": "minecraft:custom_model_data","index": 8,"default": 16119285}]}}},
{"when": "swamp_villager","model": {"type": "minecraft:select","property": "minecraft:display_context","cases": [{"when": ["head"],"model": {"type": "minecraft:model","model": "wandering_hat_creator:hat_piece/hat_villager/swamp","tints": [{"type": "minecraft:custom_model_data","index": 0,"default": 16741120},{"type": "minecraft:custom_model_data","index": 8,"default": 16119285}]}}],"fallback": {"type": "minecraft:model","model": "wandering_hat_creator:hat_piece/hat_villager/swamp_gui","tints": [{"type": "minecraft:custom_model_data","index": 0,"default": 16741120},{"type": "minecraft:custom_model_data","index": 8,"default": 16119285}]}}},
{"when": "witch","model": {"type": "minecraft:select","property": "minecraft:display_context","cases": [{"when": ["head"],"model": {"type": "minecraft:model","model": "wandering_hat_creator:hat_piece/hat_other/witch","tints": [{"type": "minecraft:custom_model_data","index": 0,"default": 16741120},{"type": "minecraft:custom_model_data","index": 8,"default": 8505121}]}}],"fallback": {"type": "minecraft:model","model": "wandering_hat_creator:hat_piece/hat_other/witch_gui","tints": [{"type": "minecraft:custom_model_data","index": 0,"default": 16741120},{"type": "minecraft:custom_model_data","index": 8,"default": 8505121}]}}},
{"when": "santa","model": {"type": "minecraft:select","property": "minecraft:display_context","cases": [{"when": ["head"],"model": {"type": "minecraft:model","model": "wandering_hat_creator:hat_piece/hat_custom/santa","tints": [{"type": "minecraft:custom_model_data","index": 0,"default": 13567751},{"type": "minecraft:custom_model_data","index": 8,"default": 15527143}]}}],"fallback": {"type": "minecraft:model","model": "wandering_hat_creator:hat_piece/hat_custom/santa_gui","tints": [{"type": "minecraft:custom_model_data","index": 0,"default": 13567751},{"type": "minecraft:custom_model_data","index": 8,"default": 15527143}]}}},

{"when": [
"leather_helmet",
"leather_crescent_helmet",
"leather_slim_helmet",
"leather_small_helmet",
"leather_medium_helmet",
"leather_greek_helmet",
"leather_greek_long_helmet",
"leather_roman_helmet",
"leather_kabuto_helmet",
"leather_morion_helmet",
"leather_sallet_helmet",
"leather_clear_face_helmet"
],"model": {"type": "minecraft:composite","models": [
{"type": "minecraft:select","property": "minecraft:custom_model_data","index": 0,"cases": [

{"when": "leather_helmet","model": {"type": "minecraft:select","property": "minecraft:display_context","cases": [{"when":"head","model": {"type": "minecraft:model","model": "wandering_hat_creator:hat_piece/hat_helmet/leather_helmet","tints": [{"type": "minecraft:dye","default": 13567751}]}}],"fallback": {"type": "minecraft:model","model": "wandering_hat_creator:hat_piece/hat_helmet/leather_helmet_gui","tints": [{"type": "minecraft:dye","default": 13567751}]}}},
{"when": "leather_crescent_helmet","model": {"type": "minecraft:select","property": "minecraft:display_context","cases": [{"when":"head","model": {"type": "minecraft:model","model": "wandering_hat_creator:hat_piece/hat_helmet/crescent/leather_helmet","tints": [{"type": "minecraft:dye","default": 13567751}]}}],"fallback": {"type": "minecraft:model","model": "wandering_hat_creator:hat_piece/hat_helmet/crescent/leather_helmet_gui","tints": [{"type": "minecraft:dye","default": 13567751}]}}},
{"when": "leather_slim_helmet","model": {"type": "minecraft:select","property": "minecraft:display_context","cases": [{"when":"head","model": {"type": "minecraft:model","model": "wandering_hat_creator:hat_piece/hat_helmet/slim/leather_helmet","tints": [{"type": "minecraft:dye","default": 13567751}]}}],"fallback": {"type": "minecraft:model","model": "wandering_hat_creator:hat_piece/hat_helmet/slim/leather_helmet_gui","tints": [{"type": "minecraft:dye","default": 13567751}]}}},
{"when": "leather_small_helmet","model": {"type": "minecraft:select","property": "minecraft:display_context","cases": [{"when":"head","model": {"type": "minecraft:model","model": "wandering_hat_creator:hat_piece/hat_helmet/small/leather_helmet","tints": [{"type": "minecraft:dye","default": 13567751}]}}],"fallback": {"type": "minecraft:model","model": "wandering_hat_creator:hat_piece/hat_helmet/small/leather_helmet_gui","tints": [{"type": "minecraft:dye","default": 13567751}]}}},
{"when": "leather_medium_helmet","model": {"type": "minecraft:select","property": "minecraft:display_context","cases": [{"when":"head","model": {"type": "minecraft:model","model": "wandering_hat_creator:hat_piece/hat_helmet/medium/leather_helmet","tints": [{"type": "minecraft:dye","default": 13567751}]}}],"fallback": {"type": "minecraft:model","model": "wandering_hat_creator:hat_piece/hat_helmet/medium/leather_helmet_gui","tints": [{"type": "minecraft:dye","default": 13567751}]}}},
{"when": "leather_greek_helmet","model": {"type": "minecraft:select","property": "minecraft:display_context","cases": [{"when":"head","model": {"type": "minecraft:model","model": "wandering_hat_creator:hat_piece/hat_helmet/greek/leather_helmet","tints": [{"type": "minecraft:dye","default": 13567751}]}}],"fallback": {"type": "minecraft:model","model": "wandering_hat_creator:hat_piece/hat_helmet/greek/leather_helmet_gui","tints": [{"type": "minecraft:dye","default": 13567751}]}}},
{"when": "leather_greek_long_helmet","model": {"type": "minecraft:select","property": "minecraft:display_context","cases": [{"when":"head","model": {"type": "minecraft:model","model": "wandering_hat_creator:hat_piece/hat_helmet/greek_long/leather_helmet","tints": [{"type": "minecraft:dye","default": 13567751}]}}],"fallback": {"type": "minecraft:model","model": "wandering_hat_creator:hat_piece/hat_helmet/greek_long/leather_helmet_gui","tints": [{"type": "minecraft:dye","default": 13567751}]}}},
{"when": "leather_roman_helmet","model": {"type": "minecraft:select","property": "minecraft:display_context","cases": [{"when":"head","model": {"type": "minecraft:model","model": "wandering_hat_creator:hat_piece/hat_helmet/roman/leather_helmet","tints": [{"type": "minecraft:dye","default": 13567751}]}}],"fallback": {"type": "minecraft:model","model": "wandering_hat_creator:hat_piece/hat_helmet/roman/leather_helmet_gui","tints": [{"type": "minecraft:dye","default": 13567751}]}}},
{"when": "leather_kabuto_helmet","model": {"type": "minecraft:select","property": "minecraft:display_context","cases": [{"when":"head","model": {"type": "minecraft:model","model": "wandering_hat_creator:hat_piece/hat_helmet/kabuto/leather_helmet","tints": [{"type": "minecraft:dye","default": 13567751}]}}],"fallback": {"type": "minecraft:model","model": "wandering_hat_creator:hat_piece/hat_helmet/kabuto/leather_helmet_gui","tints": [{"type": "minecraft:dye","default": 13567751}]}}},
{"when": "leather_morion_helmet","model": {"type": "minecraft:select","property": "minecraft:display_context","cases": [{"when":"head","model": {"type": "minecraft:model","model": "wandering_hat_creator:hat_piece/hat_helmet/morion/leather_helmet","tints": [{"type": "minecraft:dye","default": 13567751}]}}],"fallback": {"type": "minecraft:model","model": "wandering_hat_creator:hat_piece/hat_helmet/morion/leather_helmet_gui","tints": [{"type": "minecraft:dye","default": 13567751}]}}},
{"when": "leather_sallet_helmet","model": {"type": "minecraft:select","property": "minecraft:display_context","cases": [{"when":"head","model": {"type": "minecraft:model","model": "wandering_hat_creator:hat_piece/hat_helmet/sallet/leather_helmet","tints": [{"type": "minecraft:dye","default": 13567751}]}}],"fallback": {"type": "minecraft:model","model": "wandering_hat_creator:hat_piece/hat_helmet/sallet/leather_helmet_gui","tints": [{"type": "minecraft:dye","default": 13567751}]}}},
{"when": "leather_clear_face_helmet","model": {"type": "minecraft:select","property": "minecraft:display_context","cases": [{"when":"head","model": {"type": "minecraft:model","model": "wandering_hat_creator:hat_piece/hat_helmet/clear_face/leather_helmet","tints": [{"type": "minecraft:dye","default": 13567751}]}}],"fallback": {"type": "minecraft:model","model": "wandering_hat_creator:hat_piece/hat_helmet/clear_face/leather_helmet_gui","tints": [{"type": "minecraft:dye","default": 13567751}]}}}

]},
{"type": "minecraft:select","property": "minecraft:display_context","cases": [{"when": "head","model": {"type": "minecraft:select","property": "minecraft:custom_model_data","index": 8,"cases": [{"when": "empty","model": {"type": "minecraft:empty"}},

{"when": "minecraft:sentry","model": {"type": "minecraft:model","model": "wandering_hat_creator:hat_piece/hat_helmet/trim/sentry","tints": [{ "type": "minecraft:custom_model_data","index": 8,"default": 0}]}},
{"when": "minecraft:vex","model": {"type": "minecraft:model","model": "wandering_hat_creator:hat_piece/hat_helmet/trim/vex","tints": [{ "type": "minecraft:custom_model_data","index": 8,"default": 0}]}},
{"when": "minecraft:wild","model": {"type": "minecraft:model","model": "wandering_hat_creator:hat_piece/hat_helmet/trim/wild","tints": [{ "type": "minecraft:custom_model_data","index": 8,"default": 0}]}},
{"when": "minecraft:coast","model": {"type": "minecraft:model","model": "wandering_hat_creator:hat_piece/hat_helmet/trim/coast","tints": [{ "type": "minecraft:custom_model_data","index": 8,"default": 0}]}},
{"when": "minecraft:dune","model": {"type": "minecraft:model","model": "wandering_hat_creator:hat_piece/hat_helmet/trim/dune","tints": [{ "type": "minecraft:custom_model_data","index": 8,"default": 0}]}},
{"when": "minecraft:wayfinder","model": {"type": "minecraft:model","model": "wandering_hat_creator:hat_piece/hat_helmet/trim/wayfinder","tints": [{ "type": "minecraft:custom_model_data","index": 8,"default": 0}]}},
{"when": "minecraft:raiser","model": {"type": "minecraft:model","model": "wandering_hat_creator:hat_piece/hat_helmet/trim/raiser","tints": [{ "type": "minecraft:custom_model_data","index": 8,"default": 0}]}},
{"when": "minecraft:shaper","model": {"type": "minecraft:model","model": "wandering_hat_creator:hat_piece/hat_helmet/trim/shaper","tints": [{ "type": "minecraft:custom_model_data","index": 8,"default": 0}]}},
{"when": "minecraft:host","model": {"type": "minecraft:model","model": "wandering_hat_creator:hat_piece/hat_helmet/trim/host","tints": [{ "type": "minecraft:custom_model_data","index": 8,"default": 0}]}},
{"when": "minecraft:ward","model": {"type": "minecraft:model","model": "wandering_hat_creator:hat_piece/hat_helmet/trim/ward","tints": [{ "type": "minecraft:custom_model_data","index": 8,"default": 0}]}},
{"when": "minecraft:silence","model": {"type": "minecraft:model","model": "wandering_hat_creator:hat_piece/hat_helmet/trim/silence","tints": [{ "type": "minecraft:custom_model_data","index": 8,"default": 0}]}},
{"when": "minecraft:tide","model": {"type": "minecraft:model","model": "wandering_hat_creator:hat_piece/hat_helmet/trim/tide","tints": [{ "type": "minecraft:custom_model_data","index": 8,"default": 0}]}},
{"when": "minecraft:snout","model": {"type": "minecraft:model","model": "wandering_hat_creator:hat_piece/hat_helmet/trim/snout","tints": [{ "type": "minecraft:custom_model_data","index": 8,"default": 0}]}},
{"when": "minecraft:rib","model": {"type": "minecraft:model","model": "wandering_hat_creator:hat_piece/hat_helmet/trim/rib","tints": [{ "type": "minecraft:custom_model_data","index": 8,"default": 0}]}},
{"when": "minecraft:eye","model": {"type": "minecraft:model","model": "wandering_hat_creator:hat_piece/hat_helmet/trim/eye","tints": [{ "type": "minecraft:custom_model_data","index": 8,"default": 0}]}},
{"when": "minecraft:spire","model": {"type": "minecraft:model","model": "wandering_hat_creator:hat_piece/hat_helmet/trim/spire","tints": [{ "type": "minecraft:custom_model_data","index": 8,"default": 0}]}},
{"when": "minecraft:flow","model": {"type": "minecraft:model","model": "wandering_hat_creator:hat_piece/hat_helmet/trim/flow","tints": [{ "type": "minecraft:custom_model_data","index": 8,"default": 0}]}},
{"when": "minecraft:bolt","model": {"type": "minecraft:model","model": "wandering_hat_creator:hat_piece/hat_helmet/trim/bolt","tints": [{ "type": "minecraft:custom_model_data","index": 8,"default": 0}]}}

],"fallback": {"type": "minecraft:empty"}}}],"fallback": {"type": "minecraft:select","property": "minecraft:custom_model_data","index": 8,"cases": [{"when": "empty","model": {"type": "minecraft:empty"}},{"when": ["minecraft:sentry","minecraft:vex","minecraft:wild","minecraft:coast","minecraft:dune","minecraft:wayfinder","minecraft:raiser","minecraft:shaper","minecraft:host","minecraft:ward","minecraft:silence","minecraft:tide","minecraft:snout","minecraft:rib","minecraft:eye","minecraft:spire","minecraft:flow","minecraft:bolt"],"model": {"type": "minecraft:model","model": "wandering_hat_creator:hat_piece/hat_helmet/trim/gui","tints": [{"type": "minecraft:custom_model_data","index": 8,"default": 0}]}}],"fallback": {"type": "minecraft:empty"}}}]}}
],"fallback": {"type": "minecraft:model","model": "minecraft:item/leather_helmet","tints": [{"type": "minecraft:constant","value": 16711680}]}}},
{"type": "minecraft:select","property": "minecraft:custom_model_data","index": 1,"cases": [{"when": "empty","model": {"type": "minecraft:empty"}}],"fallback": {"type": "minecraft:select","property": "minecraft:custom_model_data","index": 1,"cases": [

{"when": "curved_goat","model": {"type": "minecraft:select","property": "minecraft:display_context","cases": [{"when": ["head"],"model": {"type": "minecraft:model","model": "wandering_hat_creator:horn_piece/curved_goat","tints": [{"type": "minecraft:custom_model_data","index": 1,"default": 8606770},{"type": "minecraft:custom_model_data","index": 9,"default": 10987431}]}}],"fallback": {"type": "minecraft:model","model": "wandering_hat_creator:horn_piece/curved_goat_gui_for_combined","tints": [{"type": "minecraft:custom_model_data","index": 1,"default": 8606770},{"type": "minecraft:custom_model_data","index": 9,"default": 10987431}]}}},
{"when": "deer_antlers","model": {"type": "minecraft:select","property": "minecraft:display_context","cases": [{"when": ["head"],"model": {"type": "minecraft:model","model": "wandering_hat_creator:horn_piece/deer_antlers","tints": [{"type": "minecraft:custom_model_data","index": 1,"default": 8606770},{"type": "minecraft:custom_model_data","index": 9,"default": 10987431}]}}],"fallback": {"type": "minecraft:model","model": "wandering_hat_creator:horn_piece/deer_antlers_gui_for_combined","tints": [{"type": "minecraft:custom_model_data","index": 1,"default": 8606770},{"type": "minecraft:custom_model_data","index": 9,"default": 10987431}]}}},
{"when": "goat","model": {"type": "minecraft:select","property": "minecraft:display_context","cases": [{"when": ["head"],"model": {"type": "minecraft:model","model": "wandering_hat_creator:horn_piece/goat","tints": [{"type": "minecraft:custom_model_data","index": 1,"default": 8606770},{"type": "minecraft:custom_model_data","index": 9,"default": 10987431}]}}],"fallback": {"type": "minecraft:model","model": "wandering_hat_creator:horn_piece/goat_gui_for_combined","tints": [{"type": "minecraft:custom_model_data","index": 1,"default": 8606770},{"type": "minecraft:custom_model_data","index": 9,"default": 10987431}]}}},
{"when": "s_curve_goat","model": {"type": "minecraft:select","property": "minecraft:display_context","cases": [{"when": ["head"],"model": {"type": "minecraft:model","model": "wandering_hat_creator:horn_piece/s_curve_goat","tints": [{"type": "minecraft:custom_model_data","index": 1,"default": 8606770},{"type": "minecraft:custom_model_data","index": 9,"default": 10987431}]}}],"fallback": {"type": "minecraft:model","model": "wandering_hat_creator:horn_piece/s_curve_goat_gui_for_combined","tints": [{"type": "minecraft:custom_model_data","index": 1,"default": 8606770},{"type": "minecraft:custom_model_data","index": 9,"default": 10987431}]}}},
{"when": "small_goat","model": {"type": "minecraft:select","property": "minecraft:display_context","cases": [{"when": ["head"],"model": {"type": "minecraft:model","model": "wandering_hat_creator:horn_piece/small_goat","tints": [{"type": "minecraft:custom_model_data","index": 1,"default": 8606770},{"type": "minecraft:custom_model_data","index": 9,"default": 10987431}]}}],"fallback": {"type": "minecraft:model","model": "wandering_hat_creator:horn_piece/small_goat_gui_for_combined","tints": [{"type": "minecraft:custom_model_data","index": 1,"default": 8606770},{"type": "minecraft:custom_model_data","index": 9,"default": 10987431}]}}}

],"fallback": {"type": "minecraft:model","model": "minecraft:item/leather_helmet","tints": [{"type": "minecraft:constant","value": 16756765}]}}},
{"type": "minecraft:select","property": "minecraft:custom_model_data","index": 2,"cases": [{"when": "empty","model": {"type": "minecraft:empty"}}],"fallback": {"type": "minecraft:select","property": "minecraft:custom_model_data","index": 2,"cases": [

{"when": "mad_scientist","model": {"type": "minecraft:select","property": "minecraft:display_context","cases": [{"when": ["head"],"model": {"type": "minecraft:model","model": "wandering_hat_creator:hair_piece/mad_scientist","tints": [{"type": "minecraft:custom_model_data","index": 2,"default": 10987431},{"type": "minecraft:custom_model_data","index": 10,"default": 10987431}]}}],"fallback": {"type": "minecraft:composite","models": [{"type": "minecraft:model","model": "wandering_hat_creator:hair_piece/mad_scientist_gui","tints": [{"type": "minecraft:custom_model_data","index": 2,"default": 10987431},{"type": "minecraft:custom_model_data","index": 10,"default": 10987431}]}]}}},
{"when": "afro","model": {"type": "minecraft:select","property": "minecraft:display_context","cases": [{"when": ["head"],"model": {"type": "minecraft:model","model": "wandering_hat_creator:hair_piece/afro","tints": [{"type": "minecraft:custom_model_data","index": 2,"default": 10987431},{"type": "minecraft:custom_model_data","index": 10,"default": 10987431}]}}],"fallback": {"type": "minecraft:composite","models": [{"type": "minecraft:model","model": "wandering_hat_creator:hair_piece/afro_gui","tints": [{"type": "minecraft:custom_model_data","index": 2,"default": 10987431},{"type": "minecraft:custom_model_data","index": 10,"default": 10987431}]}]}}},
{"when": "mullet","model": {"type": "minecraft:select","property": "minecraft:display_context","cases": [{"when": ["head"],"model": {"type": "minecraft:model","model": "wandering_hat_creator:hair_piece/mullet","tints": [{"type": "minecraft:custom_model_data","index": 2,"default": 10987431},{"type": "minecraft:custom_model_data","index": 10,"default": 10987431}]}}],"fallback": {"type": "minecraft:composite","models": [{"type": "minecraft:model","model": "wandering_hat_creator:hair_piece/mullet_gui","tints": [{"type": "minecraft:custom_model_data","index": 2,"default": 10987431},{"type": "minecraft:custom_model_data","index": 10,"default": 10987431}]}]}}},
{"when": "buns","model": {"type": "minecraft:select","property": "minecraft:display_context","cases": [{"when": ["head"],"model": {"type": "minecraft:model","model": "wandering_hat_creator:hair_piece/buns","tints": [{"type": "minecraft:custom_model_data","index": 2,"default": 10987431},{"type": "minecraft:custom_model_data","index": 10,"default": 10987431}]}}],"fallback": {"type": "minecraft:composite","models": [{"type": "minecraft:model","model": "wandering_hat_creator:hair_piece/buns_gui","tints": [{"type": "minecraft:custom_model_data","index": 2,"default": 10987431},{"type": "minecraft:custom_model_data","index": 10,"default": 10987431}]}]}}},
{"when": "buns_undercut","model": {"type": "minecraft:select","property": "minecraft:display_context","cases": [{"when": ["head"],"model": {"type": "minecraft:model","model": "wandering_hat_creator:hair_piece/buns_undercut","tints": [{"type": "minecraft:custom_model_data","index": 2,"default": 10987431},{"type": "minecraft:custom_model_data","index": 10,"default": 10987431}]}}],"fallback": {"type": "minecraft:composite","models": [{"type": "minecraft:model","model": "wandering_hat_creator:hair_piece/buns_undercut_gui","tints": [{"type": "minecraft:custom_model_data","index": 2,"default": 10987431},{"type": "minecraft:custom_model_data","index": 10,"default": 10987431}]}]}}},
{"when": "pony_undercut","model": {"type": "minecraft:select","property": "minecraft:display_context","cases": [{"when": ["head"],"model": {"type": "minecraft:model","model": "wandering_hat_creator:hair_piece/pony_undercut","tints": [{"type": "minecraft:custom_model_data","index": 2,"default": 10987431},{"type": "minecraft:custom_model_data","index": 10,"default": 10987431}]}}],"fallback": {"type": "minecraft:composite","models": [{"type": "minecraft:model","model": "wandering_hat_creator:hair_piece/pony_undercut_gui","tints": [{"type": "minecraft:custom_model_data","index": 2,"default": 10987431},{"type": "minecraft:custom_model_data","index": 10,"default": 10987431}]}]}}},
{"when": "long_undercut","model": {"type": "minecraft:select","property": "minecraft:display_context","cases": [{"when": ["head"],"model": {"type": "minecraft:model","model": "wandering_hat_creator:hair_piece/long_undercut","tints": [{"type": "minecraft:custom_model_data","index": 2,"default": 10987431},{"type": "minecraft:custom_model_data","index": 10,"default": 10987431}]}}],"fallback": {"type": "minecraft:composite","models": [{"type": "minecraft:model","model": "wandering_hat_creator:hair_piece/long_undercut_gui","tints": [{"type": "minecraft:custom_model_data","index": 2,"default": 10987431},{"type": "minecraft:custom_model_data","index": 10,"default": 10987431}]}]}}},
{"when": "undercut","model": {"type": "minecraft:select","property": "minecraft:display_context","cases": [{"when": ["head"],"model": {"type": "minecraft:model","model": "wandering_hat_creator:hair_piece/undercut","tints": [{"type": "minecraft:custom_model_data","index": 2,"default": 10987431},{"type": "minecraft:custom_model_data","index": 10,"default": 10987431}]}}],"fallback": {"type": "minecraft:composite","models": [{"type": "minecraft:model","model": "wandering_hat_creator:hair_piece/undercut_gui","tints": [{"type": "minecraft:custom_model_data","index": 2,"default": 10987431},{"type": "minecraft:custom_model_data","index": 10,"default": 10987431}]}]}}},
{"when": "buns_undercut_dual_color","model": {"type": "minecraft:select","property": "minecraft:display_context","cases": [{"when": ["head"],"model": {"type": "minecraft:model","model": "wandering_hat_creator:hair_piece/buns_undercut_dual_color","tints": [{"type": "minecraft:custom_model_data","index": 2,"default": 10987431},{"type": "minecraft:custom_model_data","index": 10,"default": 10987431}]}}],"fallback": {"type": "minecraft:composite","models": [{"type": "minecraft:model","model": "wandering_hat_creator:hair_piece/buns_undercut_dual_color_gui","tints": [{"type": "minecraft:custom_model_data","index": 2,"default": 10987431},{"type": "minecraft:custom_model_data","index": 10,"default": 10987431}]}]}}},
{"when": "pony_undercut_dual_color","model": {"type": "minecraft:select","property": "minecraft:display_context","cases": [{"when": ["head"],"model": {"type": "minecraft:model","model": "wandering_hat_creator:hair_piece/pony_undercut_dual_color","tints": [{"type": "minecraft:custom_model_data","index": 2,"default": 10987431},{"type": "minecraft:custom_model_data","index": 10,"default": 10987431}]}}],"fallback": {"type": "minecraft:composite","models": [{"type": "minecraft:model","model": "wandering_hat_creator:hair_piece/pony_undercut_dual_color_gui","tints": [{"type": "minecraft:custom_model_data","index": 2,"default": 10987431},{"type": "minecraft:custom_model_data","index": 10,"default": 10987431}]}]}}},
{"when": "long_undercut_dual_color","model": {"type": "minecraft:select","property": "minecraft:display_context","cases": [{"when": ["head"],"model": {"type": "minecraft:model","model": "wandering_hat_creator:hair_piece/long_undercut_dual_color","tints": [{"type": "minecraft:custom_model_data","index": 2,"default": 10987431},{"type": "minecraft:custom_model_data","index": 10,"default": 10987431}]}}],"fallback": {"type": "minecraft:composite","models": [{"type": "minecraft:model","model": "wandering_hat_creator:hair_piece/long_undercut_dual_color_gui","tints": [{"type": "minecraft:custom_model_data","index": 2,"default": 10987431},{"type": "minecraft:custom_model_data","index": 10,"default": 10987431}]}]}}}

],"fallback": {"type": "minecraft:model","model": "minecraft:item/leather_helmet","tints": [{"type": "minecraft:constant","value": 16773149}]}}},
{"type": "minecraft:select","property": "minecraft:custom_model_data","index": 3,"cases": [{"when": "empty","model": {"type": "minecraft:empty"}}],"fallback": {"type": "minecraft:select","property": "minecraft:custom_model_data","index": 3,"cases": [

{"when": "kitty","model": {"type": "minecraft:select","property": "minecraft:display_context","cases": [{"when": ["head"],"model": {"type": "minecraft:model","model": "wandering_hat_creator:ears_piece/kitty","tints": [{"type": "minecraft:custom_model_data","index": 3,"default": 8606770},{"type": "minecraft:custom_model_data","index": 11,"default": 10987431}]}}],"fallback": {"type": "minecraft:composite","models": [{"type": "minecraft:model","model": "wandering_hat_creator:ears_piece/kitty_gui","tints": [{"type": "minecraft:custom_model_data","index": 3,"default": 8606770},{"type": "minecraft:custom_model_data","index": 11,"default": 10987431}]}]}}},
{"when": "long_vertical_horizontal_tip","model": {"type": "minecraft:select","property": "minecraft:display_context","cases": [{"when": ["head"],"model": {"type": "minecraft:model","model": "wandering_hat_creator:ears_piece/long_vertical_horizontal_tip","tints": [{"type": "minecraft:custom_model_data","index": 3,"default": 8606770},{"type": "minecraft:custom_model_data","index": 11,"default": 10987431}]}}],"fallback": {"type": "minecraft:composite","models": [{"type": "minecraft:model","model": "wandering_hat_creator:ears_piece/long_vertical_horizontal_tip_gui","tints": [{"type": "minecraft:custom_model_data","index": 3,"default": 8606770},{"type": "minecraft:custom_model_data","index": 11,"default": 10987431}]}]}}},
{"when": "short_vertical_horizontal_tip","model": {"type": "minecraft:select","property": "minecraft:display_context","cases": [{"when": ["head"],"model": {"type": "minecraft:model","model": "wandering_hat_creator:ears_piece/short_vertical_horizontal_tip","tints": [{"type": "minecraft:custom_model_data","index": 3,"default": 8606770},{"type": "minecraft:custom_model_data","index": 11,"default": 10987431}]}}],"fallback": {"type": "minecraft:composite","models": [{"type": "minecraft:model","model": "wandering_hat_creator:ears_piece/short_vertical_horizontal_tip_gui","tints": [{"type": "minecraft:custom_model_data","index": 3,"default": 8606770},{"type": "minecraft:custom_model_data","index": 11,"default": 10987431}]}]}}},
{"when": "large_horizontal","model": {"type": "minecraft:select","property": "minecraft:display_context","cases": [{"when": ["head"],"model": {"type": "minecraft:model","model": "wandering_hat_creator:ears_piece/large_horizontal","tints": [{"type": "minecraft:custom_model_data","index": 3,"default": 8606770},{"type": "minecraft:custom_model_data","index": 11,"default": 10987431}]}}],"fallback": {"type": "minecraft:composite","models": [{"type": "minecraft:model","model": "wandering_hat_creator:ears_piece/large_horizontal_gui","tints": [{"type": "minecraft:custom_model_data","index": 3,"default": 8606770},{"type": "minecraft:custom_model_data","index": 11,"default": 10987431}]}]}}},
{"when": "long_horizontal_back","model": {"type": "minecraft:select","property": "minecraft:display_context","cases": [{"when": ["head"],"model": {"type": "minecraft:model","model": "wandering_hat_creator:ears_piece/long_horizontal_back","tints": [{"type": "minecraft:custom_model_data","index": 3,"default": 12552757}]}}],"fallback": {"type": "minecraft:composite","models": [{"type": "minecraft:model","model": "wandering_hat_creator:ears_piece/long_horizontal_back_gui","tints": [{"type": "minecraft:custom_model_data","index": 3,"default": 12552757}]}]}}},
{"when": "long_horizontal","model": {"type": "minecraft:select","property": "minecraft:display_context","cases": [{"when": ["head"],"model": {"type": "minecraft:model","model": "wandering_hat_creator:ears_piece/long_horizontal","tints": [{"type": "minecraft:custom_model_data","index": 3,"default": 12552757}]}}],"fallback": {"type": "minecraft:composite","models": [{"type": "minecraft:model","model": "wandering_hat_creator:ears_piece/long_horizontal_gui","tints": [{"type": "minecraft:custom_model_data","index": 3,"default": 12552757}]}]}}},
{"when": "medium_horizontal","model": {"type": "minecraft:select","property": "minecraft:display_context","cases": [{"when": ["head"],"model": {"type": "minecraft:model","model": "wandering_hat_creator:ears_piece/medium_horizontal","tints": [{"type": "minecraft:custom_model_data","index": 3,"default": 12552757}]}}],"fallback": {"type": "minecraft:composite","models": [{"type": "minecraft:model","model": "wandering_hat_creator:ears_piece/medium_horizontal_gui","tints": [{"type": "minecraft:custom_model_data","index": 3,"default": 12552757}]}]}}},
{"when": "short_horizontal","model": {"type": "minecraft:select","property": "minecraft:display_context","cases": [{"when": ["head"],"model": {"type": "minecraft:model","model": "wandering_hat_creator:ears_piece/short_horizontal","tints": [{"type": "minecraft:custom_model_data","index": 3,"default": 12552757}]}}],"fallback": {"type": "minecraft:composite","models": [{"type": "minecraft:model","model": "wandering_hat_creator:ears_piece/short_horizontal_gui","tints": [{"type": "minecraft:custom_model_data","index": 3,"default": 12552757}]}]}}},
{"when": "short_horizontal_vertical_tip","model": {"type": "minecraft:select","property": "minecraft:display_context","cases": [{"when": ["head"],"model": {"type": "minecraft:model","model": "wandering_hat_creator:ears_piece/short_horizontal_vertical_tip","tints": [{"type": "minecraft:custom_model_data","index": 3,"default": 12552757}]}}],"fallback": {"type": "minecraft:composite","models": [{"type": "minecraft:model","model": "wandering_hat_creator:ears_piece/short_horizontal_vertical_tip_gui","tints": [{"type": "minecraft:custom_model_data","index": 3,"default": 12552757}]}]}}},
{"when": "warden_antlers","model": {"type": "minecraft:select","property": "minecraft:display_context","cases": [{"when": ["head"],"model": {"type": "minecraft:model","model": "wandering_hat_creator:ears_piece/warden_antlers","tints": [{"type": "minecraft:custom_model_data","index": 3,"default": 12552757}]}}],"fallback": {"type": "minecraft:composite","models": [{"type": "minecraft:model","model": "wandering_hat_creator:ears_piece/warden_antlers_gui","tints": [{"type": "minecraft:custom_model_data","index": 3,"default": 12552757}]}]}}}

],"fallback": {"type": "minecraft:model","model": "minecraft:item/leather_helmet","tints": [{"type": "minecraft:constant","value": 7405341}]}}},
{"type": "minecraft:select","property": "minecraft:custom_model_data","index": 4,"cases": [{"when": "empty","model": {"type": "minecraft:empty"}}],"fallback": {"type": "minecraft:select","property": "minecraft:custom_model_data","index": 4,"cases": [

{"when": "armorer_villager","model": {"type": "minecraft:select","property": "minecraft:display_context","cases": [{"when": ["head"],"model": {"type": "minecraft:model","model": "wandering_hat_creator:eyes_piece/eyes_villager/armorer","tints": [{"type": "minecraft:custom_model_data","index": 4,"default": 8606770},{"type": "minecraft:custom_model_data","index": 12,"default": 10987431}]}}],"fallback": {"type": "minecraft:composite","models": [{"type": "minecraft:model","model": "wandering_hat_creator:eyes_piece/eyes_villager/armorer_gui","tints": [{"type": "minecraft:custom_model_data","index": 4,"default": 8606770},{"type": "minecraft:custom_model_data","index": 12,"default": 10987431}]}]}}},
{"when": "butcher_villager","model": {"type": "minecraft:select","property": "minecraft:display_context","cases": [{"when": ["head"],"model": {"type": "minecraft:model","model": "wandering_hat_creator:eyes_piece/eyes_villager/butcher","tints": [{"type": "minecraft:custom_model_data","index": 4,"default": 12552757}]}}],"fallback": {"type": "minecraft:composite","models": [{"type": "minecraft:model","model": "wandering_hat_creator:eyes_piece/eyes_villager/butcher_gui","tints": [{"type": "minecraft:custom_model_data","index": 4,"default": 12552757}]}]}}},
{"when": "cartographer_villager","model": {"type": "minecraft:select","property": "minecraft:display_context","cases": [{"when": ["head"],"model": {"type": "minecraft:model","model": "wandering_hat_creator:eyes_piece/eyes_villager/cartographer","tints": [{"type": "minecraft:custom_model_data","index": 4,"default": 7444944},{"type": "minecraft:custom_model_data","index": 12,"default": 16770560}]}}],"fallback": {"type": "minecraft:composite","models": [{"type": "minecraft:model","model": "wandering_hat_creator:eyes_piece/eyes_villager/cartographer_gui","tints": [{"type": "minecraft:custom_model_data","index": 4,"default": 7444944},{"type": "minecraft:custom_model_data","index": 12,"default": 16770560}]}]}}},
{"when": "weaponsmith_villager","model": {"type": "minecraft:select","property": "minecraft:display_context","cases": [{"when": ["head"],"model": {"type": "minecraft:model","model": "wandering_hat_creator:eyes_piece/eyes_villager/weaponsmith","tints": [{"type": "minecraft:custom_model_data","index": 4,"default": 16741120}]}}],"fallback": {"type": "minecraft:composite","models": [{"type": "minecraft:model","model": "wandering_hat_creator:eyes_piece/eyes_villager/weaponsmith_gui","tints": [{"type": "minecraft:custom_model_data","index": 4,"default": 16741120}]}]}}},
{"when": "tinted_goggles","model": {"type": "minecraft:select","property": "minecraft:display_context","cases": [{"when": ["head"],"model": {"type": "minecraft:model","model": "wandering_hat_creator:eyes_piece/eyes_custom/tinted_goggles","tints": [{"type": "minecraft:custom_model_data","index": 4,"default": 16741120},{"type": "minecraft:custom_model_data","index": 12,"default": 11824472}]}}],"fallback": {"type": "minecraft:composite","models": [{"type": "minecraft:model","model": "wandering_hat_creator:eyes_piece/eyes_custom/tinted_goggles_gui","tints": [{"type": "minecraft:custom_model_data","index": 4,"default": 16741120},{"type": "minecraft:custom_model_data","index": 12,"default": 11824472}]}]}}},
{"when": "goggles","model": {"type": "minecraft:select","property": "minecraft:display_context","cases": [{"when": ["head"],"model": {"type": "minecraft:model","model": "wandering_hat_creator:eyes_piece/eyes_custom/goggles","tints": [{"type": "minecraft:custom_model_data","index": 4,"default": 16741120},{"type": "minecraft:custom_model_data","index": 12,"default": 11824472}]}}],"fallback": {"type": "minecraft:composite","models": [{"type": "minecraft:model","model": "wandering_hat_creator:eyes_piece/eyes_custom/goggles_gui","tints": [{"type": "minecraft:custom_model_data","index": 4,"default": 16741120},{"type": "minecraft:custom_model_data","index": 12,"default": 11824472}]}]}}},
{"when": "ninja_t","model": {"type": "minecraft:select","property": "minecraft:display_context","cases": [{"when": ["head"],"model": {"type": "minecraft:model","model": "wandering_hat_creator:eyes_piece/eyes_custom/ninja_t","tints": [{"type": "minecraft:custom_model_data","index": 4,"default": 16741120}]}}],"fallback": {"type": "minecraft:composite","models": [{"type": "minecraft:model","model": "wandering_hat_creator:eyes_piece/eyes_custom/ninja_t_gui","tints": [{"type": "minecraft:custom_model_data","index": 4,"default": 16741120}]}]}}}

],"fallback": {"type": "minecraft:model","model": "minecraft:item/leather_helmet","tints": [{"type": "minecraft:constant","value": 1962239}]}}},
{"type": "minecraft:select","property": "minecraft:custom_model_data","index": 5,"cases": [{"when": "empty","model": {"type": "minecraft:empty"}}],"fallback": {"type": "minecraft:select","property": "minecraft:custom_model_data","index": 5,"cases": [

{"when": "whiskers","model": {"type": "minecraft:select","property": "minecraft:display_context","cases": [{"when": ["head"],"model": {"type": "minecraft:model","model": "wandering_hat_creator:chin_piece/whiskers","tints": [{"type": "minecraft:custom_model_data","index": 5,"default": 8606770},{"type": "minecraft:custom_model_data","index": 13,"default": 10987431}]}}],"fallback": {"type": "minecraft:composite","models": [{"type": "minecraft:model","model": "wandering_hat_creator:chin_piece/whiskers_gui","tints": [{"type": "minecraft:custom_model_data","index": 5,"default": 8606770},{"type": "minecraft:custom_model_data","index": 13,"default": 10987431}]}]}}},
{"when": "handlebar_mustache","model": {"type": "minecraft:select","property": "minecraft:display_context","cases": [{"when": ["head"],"model": {"type": "minecraft:model","model": "wandering_hat_creator:chin_piece/handlebar_mustache","tints": [{"type": "minecraft:custom_model_data","index": 5,"default": 8606770},{"type": "minecraft:custom_model_data","index": 13,"default": 10987431}]}}],"fallback": {"type": "minecraft:composite","models": [{"type": "minecraft:model","model": "wandering_hat_creator:chin_piece/handlebar_mustache_gui","tints": [{"type": "minecraft:custom_model_data","index": 5,"default": 8606770},{"type": "minecraft:custom_model_data","index": 13,"default": 10987431}]}]}}},
{"when": "full_beard","model": {"type": "minecraft:select","property": "minecraft:display_context","cases": [{"when": ["head"],"model": {"type": "minecraft:model","model": "wandering_hat_creator:chin_piece/full_beard","tints": [{"type": "minecraft:custom_model_data","index": 5,"default": 8606770},{"type": "minecraft:custom_model_data","index": 13,"default": 10987431}]}}],"fallback": {"type": "minecraft:composite","models": [{"type": "minecraft:model","model": "wandering_hat_creator:chin_piece/full_beard_gui","tints": [{"type": "minecraft:custom_model_data","index": 5,"default": 8606770},{"type": "minecraft:custom_model_data","index": 13,"default": 10987431}]}]}}},
{"when": "messy_beard","model": {"type": "minecraft:select","property": "minecraft:display_context","cases": [{"when": ["head"],"model": {"type": "minecraft:model","model": "wandering_hat_creator:chin_piece/messy_beard","tints": [{"type": "minecraft:custom_model_data","index": 5,"default": 8606770},{"type": "minecraft:custom_model_data","index": 13,"default": 10987431}]}}],"fallback": {"type": "minecraft:composite","models": [{"type": "minecraft:model","model": "wandering_hat_creator:chin_piece/messy_beard_gui","tints": [{"type": "minecraft:custom_model_data","index": 5,"default": 8606770},{"type": "minecraft:custom_model_data","index": 13,"default": 10987431}]}]}}},
{"when": "bandana","model": {"type": "minecraft:select","property": "minecraft:display_context","cases": [{"when": ["head"],"model": {"type": "minecraft:model","model": "wandering_hat_creator:chin_piece/bandana","tints": [{"type": "minecraft:custom_model_data","index": 5,"default": 8606770},{"type": "minecraft:custom_model_data","index": 13,"default": 10987431}]}}],"fallback": {"type": "minecraft:composite","models": [{"type": "minecraft:model","model": "wandering_hat_creator:chin_piece/bandana_gui","tints": [{"type": "minecraft:custom_model_data","index": 5,"default": 8606770},{"type": "minecraft:custom_model_data","index": 13,"default": 10987431}]}]}}},
{"when": "villager_nose","model": {"type": "minecraft:select","property": "minecraft:display_context","cases": [{"when": ["head"],"model": {"type": "minecraft:model","model": "wandering_hat_creator:chin_piece/villager_nose","tints": [{"type": "minecraft:custom_model_data","index": 5,"default": 8606770},{"type": "minecraft:custom_model_data","index": 13,"default": 10987431}]}}],"fallback": {"type": "minecraft:composite","models": [{"type": "minecraft:model","model": "wandering_hat_creator:chin_piece/villager_nose_gui","tints": [{"type": "minecraft:custom_model_data","index": 5,"default": 8606770},{"type": "minecraft:custom_model_data","index": 13,"default": 10987431}]}]}}},
{"when": "respirator","model": {"type": "minecraft:select","property": "minecraft:display_context","cases": [{"when": ["head"],"model": {"type": "minecraft:model","model": "wandering_hat_creator:chin_piece/respirator","tints": [{"type": "minecraft:custom_model_data","index": 5,"default": 4801606},{"type": "minecraft:custom_model_data","index": 13,"default": 7561355}]}}],"fallback": {"type": "minecraft:composite","models": [{"type": "minecraft:model","model": "wandering_hat_creator:chin_piece/respirator_gui","tints": [{"type": "minecraft:custom_model_data","index": 5,"default": 4801606},{"type": "minecraft:custom_model_data","index": 13,"default": 7561355}]}]}}}

],"fallback": {"type": "minecraft:model","model": "minecraft:item/leather_helmet","tints": [{"type": "minecraft:constant","value": 13245951}]}}},
{"type": "minecraft:select","property": "minecraft:custom_model_data","index": 6,"cases": [{"when": "empty","model": {"type": "minecraft:empty"}}],"fallback": {"type": "minecraft:select","property": "minecraft:custom_model_data","index": 6,"cases": [

{"when": "center_feather","model": {"type": "minecraft:select","property": "minecraft:display_context","cases": [{"when": ["head"],"model": {"type": "minecraft:model","model": "wandering_hat_creator:crest_piece/center_feather","tints": [{"type": "minecraft:custom_model_data","index": 6,"default": 8606770},{"type": "minecraft:custom_model_data","index": 14,"default": 10987431}]}}],"fallback": {"type": "minecraft:composite","models": [{"type": "minecraft:model","model": "wandering_hat_creator:crest_piece/center_feather_gui_for_combined","tints": [{"type": "minecraft:custom_model_data","index": 6,"default": 8606770},{"type": "minecraft:custom_model_data","index": 14,"default": 10987431}]}]}}},
{"when": "feathered_spike_plume","model": {"type": "minecraft:select","property": "minecraft:display_context","cases": [{"when": ["head"],"model": {"type": "minecraft:model","model": "wandering_hat_creator:crest_piece/feathered_spike_plume","tints": [{"type": "minecraft:custom_model_data","index": 6,"default": 8606770},{"type": "minecraft:custom_model_data","index": 14,"default": 10987431}]}}],"fallback": {"type": "minecraft:composite","models": [{"type": "minecraft:model","model": "wandering_hat_creator:crest_piece/feathered_spike_plume_gui_for_combined","tints": [{"type": "minecraft:custom_model_data","index": 6,"default": 8606770},{"type": "minecraft:custom_model_data","index": 14,"default": 10987431}]}]}}},
{"when": "feathered_stripe_plume","model": {"type": "minecraft:select","property": "minecraft:display_context","cases": [{"when": ["head"],"model": {"type": "minecraft:model","model": "wandering_hat_creator:crest_piece/feathered_stripe_plume","tints": [{"type": "minecraft:custom_model_data","index": 6,"default": 8606770},{"type": "minecraft:custom_model_data","index": 14,"default": 10987431}]}}],"fallback": {"type": "minecraft:composite","models": [{"type": "minecraft:model","model": "wandering_hat_creator:crest_piece/feathered_stripe_plume_gui_for_combined","tints": [{"type": "minecraft:custom_model_data","index": 6,"default": 8606770},{"type": "minecraft:custom_model_data","index": 14,"default": 10987431}]}]}}},
{"when": "left_drooping_feather","model": {"type": "minecraft:select","property": "minecraft:display_context","cases": [{"when": ["head"],"model": {"type": "minecraft:model","model": "wandering_hat_creator:crest_piece/left_drooping_feather","tints": [{"type": "minecraft:custom_model_data","index": 6,"default": 8606770},{"type": "minecraft:custom_model_data","index": 14,"default": 10987431}]}}],"fallback": {"type": "minecraft:composite","models": [{"type": "minecraft:model","model": "wandering_hat_creator:crest_piece/left_drooping_feather_gui_for_combined","tints": [{"type": "minecraft:custom_model_data","index": 6,"default": 8606770},{"type": "minecraft:custom_model_data","index": 14,"default": 10987431}]}]}}},
{"when": "peacock_feather","model": {"type": "minecraft:select","property": "minecraft:display_context","cases": [{"when": ["head"],"model": {"type": "minecraft:model","model": "wandering_hat_creator:crest_piece/peacock_feather","tints": [{"type": "minecraft:custom_model_data","index": 6,"default": 8606770},{"type": "minecraft:custom_model_data","index": 14,"default": 10987431}]}}],"fallback": {"type": "minecraft:composite","models": [{"type": "minecraft:model","model": "wandering_hat_creator:crest_piece/peacock_feather_gui_for_combined","tints": [{"type": "minecraft:custom_model_data","index": 6,"default": 8606770},{"type": "minecraft:custom_model_data","index": 14,"default": 10987431}]}]}}},
{"when": "centurion","model": {"type": "minecraft:select","property": "minecraft:display_context","cases": [{"when": ["head"],"model": {"type": "minecraft:model","model": "wandering_hat_creator:crest_piece/centurion","tints": [{"type": "minecraft:custom_model_data","index": 6,"default": 8606770},{"type": "minecraft:custom_model_data","index": 14,"default": 10987431}]}}],"fallback": {"type": "minecraft:composite","models": [{"type": "minecraft:model","model": "wandering_hat_creator:crest_piece/centurion_gui_for_combined","tints": [{"type": "minecraft:custom_model_data","index": 6,"default": 8606770},{"type": "minecraft:custom_model_data","index": 14,"default": 10987431}]}]}}},
{"when": "legionary","model": {"type": "minecraft:select","property": "minecraft:display_context","cases": [{"when": ["head"],"model": {"type": "minecraft:model","model": "wandering_hat_creator:crest_piece/legionary","tints": [{"type": "minecraft:custom_model_data","index": 6,"default": 8606770},{"type": "minecraft:custom_model_data","index": 14,"default": 10987431}]}}],"fallback": {"type": "minecraft:composite","models": [{"type": "minecraft:model","model": "wandering_hat_creator:crest_piece/legionary_gui_for_combined","tints": [{"type": "minecraft:custom_model_data","index": 6,"default": 8606770},{"type": "minecraft:custom_model_data","index": 14,"default": 10987431}]}]}}},
{"when": "pony_tail","model": {"type": "minecraft:select","property": "minecraft:display_context","cases": [{"when": ["head"],"model": {"type": "minecraft:model","model": "wandering_hat_creator:crest_piece/pony_tail","tints": [{"type": "minecraft:custom_model_data","index": 6,"default": 8606770},{"type": "minecraft:custom_model_data","index": 14,"default": 10987431}]}}],"fallback": {"type": "minecraft:composite","models": [{"type": "minecraft:model","model": "wandering_hat_creator:crest_piece/pony_tail_gui_for_combined","tints": [{"type": "minecraft:custom_model_data","index": 6,"default": 8606770},{"type": "minecraft:custom_model_data","index": 14,"default": 10987431}]}]}}},
{"when": "rear_half_disc","model": {"type": "minecraft:select","property": "minecraft:display_context","cases": [{"when": ["head"],"model": {"type": "minecraft:model","model": "wandering_hat_creator:crest_piece/rear_half_disc","tints": [{"type": "minecraft:custom_model_data","index": 6,"default": 8606770},{"type": "minecraft:custom_model_data","index": 14,"default": 10987431}]}}],"fallback": {"type": "minecraft:composite","models": [{"type": "minecraft:model","model": "wandering_hat_creator:crest_piece/rear_half_disc_gui_for_combined","tints": [{"type": "minecraft:custom_model_data","index": 6,"default": 8606770},{"type": "minecraft:custom_model_data","index": 14,"default": 10987431}]}]}}}
	
],"fallback": {"type": "minecraft:model","model": "minecraft:item/leather_helmet","tints": [{"type": "minecraft:constant","value": 3868716}]}}}]}}