{
	"model": {
		"type": "minecraft:select",
		"property": "minecraft:custom_model_data",
		"index": 0,
		"cases": [
			{
				"when": "empty",
				"model": {
					"type": "minecraft:select",
					"property": "minecraft:display_context",
					"cases": [
						{
							"when": [
								"head"
							],
							"model": {
								"type": "minecraft:empty"
							}
						}
					],
					"fallback": {"type": "minecraft:composite",
						"models": [
							{
								"type": "minecraft:model",
								"model": "wandering_hat_creator:crest_piece/empty_crest_slot_gui",
								"tints": []
							}
						]
					}
				}
			},
			{
				"when": "center_feather",
				"model": {
					"type": "minecraft:select",
					"property": "minecraft:display_context",
					"cases": [
						{
							"when": [
								"head"
							],
							"model": {
								"type": "minecraft:model",
								"model": "wandering_hat_creator:crest_piece/center_feather",
								"tints": [
									{
										"type": "minecraft:dye",
										"default": 8606770
									},
									{
										"type": "minecraft:custom_model_data",
										"index": 0,
										"default": 10987431
									}
								]
							}
						}
					],
					"fallback": {"type": "minecraft:composite",
						"models": [
							{
								"type": "minecraft:model",
								"model": "wandering_hat_creator:crest_piece/center_feather_gui",
								"tints": [
									{
										"type": "minecraft:dye",
										"default": 8606770
									},
									{
										"type": "minecraft:custom_model_data",
										"index": 0,
										"default": 10987431
									}
								]
							}
						]
					}
				}
			},
			{
				"when": "feathered_spike_plume",
				"model": {
					"type": "minecraft:select",
					"property": "minecraft:display_context",
					"cases": [
						{
							"when": [
								"head"
							],
							"model": {
								"type": "minecraft:model",
								"model": "wandering_hat_creator:crest_piece/feathered_spike_plume",
								"tints": [
									{
										"type": "minecraft:dye",
										"default": 8606770
									},
									{
										"type": "minecraft:custom_model_data",
										"index": 0,
										"default": 10987431
									}
								]
							}
						}
					],
					"fallback": {"type": "minecraft:composite",
						"models": [
							{
								"type": "minecraft:model",
								"model": "wandering_hat_creator:crest_piece/feathered_spike_plume_gui",
								"tints": [
									{
										"type": "minecraft:dye",
										"default": 8606770
									},
									{
										"type": "minecraft:custom_model_data",
										"index": 0,
										"default": 10987431
									}
								]
							}
						]
					}
				}
			},
			{
				"when": "feathered_stripe_plume",
				"model": {
					"type": "minecraft:select",
					"property": "minecraft:display_context",
					"cases": [
						{
							"when": [
								"head"
							],
							"model": {
								"type": "minecraft:model",
								"model": "wandering_hat_creator:crest_piece/feathered_stripe_plume",
								"tints": [
									{
										"type": "minecraft:dye",
										"default": 8606770
									},
									{
										"type": "minecraft:custom_model_data",
										"index": 0,
										"default": 10987431
									}
								]
							}
						}
					],
					"fallback": {"type": "minecraft:composite",
						"models": [
							{
								"type": "minecraft:model",
								"model": "wandering_hat_creator:crest_piece/feathered_stripe_plume_gui",
								"tints": [
									{
										"type": "minecraft:dye",
										"default": 8606770
									},
									{
										"type": "minecraft:custom_model_data",
										"index": 0,
										"default": 10987431
									}
								]
							}
						]
					}
				}
			},
			{
				"when": "left_drooping_feather",
				"model": {
					"type": "minecraft:select",
					"property": "minecraft:display_context",
					"cases": [
						{
							"when": [
								"head"
							],
							"model": {
								"type": "minecraft:model",
								"model": "wandering_hat_creator:crest_piece/left_drooping_feather",
								"tints": [
									{
										"type": "minecraft:dye",
										"default": 8606770
									},
									{
										"type": "minecraft:custom_model_data",
										"index": 0,
										"default": 10987431
									}
								]
							}
						}
					],
					"fallback": {"type": "minecraft:composite",
						"models": [
							{
								"type": "minecraft:model",
								"model": "wandering_hat_creator:crest_piece/left_drooping_feather_gui",
								"tints": [
									{
										"type": "minecraft:dye",
										"default": 8606770
									},
									{
										"type": "minecraft:custom_model_data",
										"index": 0,
										"default": 10987431
									}
								]
							}
						]
					}
				}
			},
			{
				"when": "peacock_feather",
				"model": {
					"type": "minecraft:select",
					"property": "minecraft:display_context",
					"cases": [
						{
							"when": [
								"head"
							],
							"model": {
								"type": "minecraft:model",
								"model": "wandering_hat_creator:crest_piece/peacock_feather",
								"tints": [
									{
										"type": "minecraft:dye",
										"default": 8606770
									},
									{
										"type": "minecraft:custom_model_data",
										"index": 0,
										"default": 10987431
									}
								]
							}
						}
					],
					"fallback": {"type": "minecraft:composite",
						"models": [
							{
								"type": "minecraft:model",
								"model": "wandering_hat_creator:crest_piece/peacock_feather_gui",
								"tints": [
									{
										"type": "minecraft:dye",
										"default": 8606770
									},
									{
										"type": "minecraft:custom_model_data",
										"index": 0,
										"default": 10987431
									}
								]
							}
						]
					}
				}
			},
			{
				"when": "centurion",
				"model": {
					"type": "minecraft:select",
					"property": "minecraft:display_context",
					"cases": [
						{
							"when": [
								"head"
							],
							"model": {
								"type": "minecraft:model",
								"model": "wandering_hat_creator:crest_piece/centurion",
								"tints": [
									{
										"type": "minecraft:dye",
										"default": 8606770
									},
									{
										"type": "minecraft:custom_model_data",
										"index": 0,
										"default": 10987431
									}
								]
							}
						}
					],
					"fallback": {"type": "minecraft:composite",
						"models": [
							{
								"type": "minecraft:model",
								"model": "wandering_hat_creator:crest_piece/centurion_gui",
								"tints": [
									{
										"type": "minecraft:dye",
										"default": 8606770
									},
									{
										"type": "minecraft:custom_model_data",
										"index": 0,
										"default": 10987431
									}
								]
							}
						]
					}
				}
			},
			{
				"when": "legionary",
				"model": {
					"type": "minecraft:select",
					"property": "minecraft:display_context",
					"cases": [
						{
							"when": [
								"head"
							],
							"model": {
								"type": "minecraft:model",
								"model": "wandering_hat_creator:crest_piece/legionary",
								"tints": [
									{
										"type": "minecraft:dye",
										"default": 8606770
									},
									{
										"type": "minecraft:custom_model_data",
										"index": 0,
										"default": 10987431
									}
								]
							}
						}
					],
					"fallback": {"type": "minecraft:composite",
						"models": [
							{
								"type": "minecraft:model",
								"model": "wandering_hat_creator:crest_piece/legionary_gui",
								"tints": [
									{
										"type": "minecraft:dye",
										"default": 8606770
									},
									{
										"type": "minecraft:custom_model_data",
										"index": 0,
										"default": 10987431
									}
								]
							}
						]
					}
				}
			},
			{
				"when": "pony_tail",
				"model": {
					"type": "minecraft:select",
					"property": "minecraft:display_context",
					"cases": [
						{
							"when": [
								"head"
							],
							"model": {
								"type": "minecraft:model",
								"model": "wandering_hat_creator:crest_piece/pony_tail",
								"tints": [
									{
										"type": "minecraft:dye",
										"default": 8606770
									},
									{
										"type": "minecraft:custom_model_data",
										"index": 0,
										"default": 10987431
									}
								]
							}
						}
					],
					"fallback": {"type": "minecraft:composite",
						"models": [
							{
								"type": "minecraft:model",
								"model": "wandering_hat_creator:crest_piece/pony_tail_gui",
								"tints": [
									{
										"type": "minecraft:dye",
										"default": 8606770
									},
									{
										"type": "minecraft:custom_model_data",
										"index": 0,
										"default": 10987431
									}
								]
							}
						]
					}
				}
			},
			{
				"when": "rear_half_disc",
				"model": {
					"type": "minecraft:select",
					"property": "minecraft:display_context",
					"cases": [
						{
							"when": [
								"head"
							],
							"model": {
								"type": "minecraft:model",
								"model": "wandering_hat_creator:crest_piece/rear_half_disc",
								"tints": [
									{
										"type": "minecraft:dye",
										"default": 8606770
									},
									{
										"type": "minecraft:custom_model_data",
										"index": 0,
										"default": 10987431
									}
								]
							}
						}
					],
					"fallback": {"type": "minecraft:composite",
						"models": [
							{
								"type": "minecraft:model",
								"model": "wandering_hat_creator:crest_piece/rear_half_disc_gui",
								"tints": [
									{
										"type": "minecraft:dye",
										"default": 8606770
									},
									{
										"type": "minecraft:custom_model_data",
										"index": 0,
										"default": 10987431
									}
								]
							}
						]
					}
				}
			}
		],
		"fallback": {
			"type": "minecraft:model",
			"model": "minecraft:item/leather_helmet",
			"tints": [
				{
					"type": "minecraft:constant",
					"value": 16711880
				}
			]
		}
	}
}
