{
	"model": {
		"type": "minecraft:select",
		"property": "minecraft:custom_model_data",
		"index": 0,
		"cases": [
			{
				"when": "empty",
				"model": {
					"type": "minecraft:select",
					"property": "minecraft:display_context",
					"cases": [
						{
							"when": [
								"head"
							],
							"model": {
								"type": "minecraft:empty"
							}
						}
					],
					"fallback": {"type": "minecraft:composite",
						"models": [
							{
								"type": "minecraft:model",
								"model": "wandering_hat_creator:ears_piece/empty_ears_slot_gui",
								"tints": []
							}
						]
					}
				}
			},
			{
				"when": "kitty",
				"model": {
					"type": "minecraft:select",
					"property": "minecraft:display_context",
					"cases": [
						{
							"when": [
								"head"
							],
							"model": {
								"type": "minecraft:model",
								"model": "wandering_hat_creator:ears_piece/kitty",
								"tints": [
									{
										"type": "minecraft:dye",
										"default": 8606770
									},
									{
										"type": "minecraft:custom_model_data",
										"index": 0,
										"default": 10987431
									}
								]
							}
						}
					],
					"fallback": {"type": "minecraft:composite",
						"models": [
							{
								"type": "minecraft:model",
								"model": "wandering_hat_creator:ears_piece/kitty_gui",
								"tints": [
									{
										"type": "minecraft:dye",
										"default": 8606770
									},
									{
										"type": "minecraft:custom_model_data",
										"index": 0,
										"default": 10987431
									}
								]
							}
						]
					}
				}
			},
			{
				"when": "long_vertical_horizontal_tip",
				"model": {
					"type": "minecraft:select",
					"property": "minecraft:display_context",
					"cases": [
						{
							"when": [
								"head"
							],
							"model": {
								"type": "minecraft:model",
								"model": "wandering_hat_creator:ears_piece/long_vertical_horizontal_tip",
								"tints": [
									{
										"type": "minecraft:dye",
										"default": 8606770
									},
									{
										"type": "minecraft:custom_model_data",
										"index": 0,
										"default": 10987431
									}
								]
							}
						}
					],
					"fallback": {"type": "minecraft:composite",
						"models": [
							{
								"type": "minecraft:model",
								"model": "wandering_hat_creator:ears_piece/long_vertical_horizontal_tip_gui",
								"tints": [
									{
										"type": "minecraft:dye",
										"default": 8606770
									},
									{
										"type": "minecraft:custom_model_data",
										"index": 0,
										"default": 10987431
									}
								]
							}
						]
					}
				}
			},
			{
				"when": "short_vertical_horizontal_tip",
				"model": {
					"type": "minecraft:select",
					"property": "minecraft:display_context",
					"cases": [
						{
							"when": [
								"head"
							],
							"model": {
								"type": "minecraft:model",
								"model": "wandering_hat_creator:ears_piece/short_vertical_horizontal_tip",
								"tints": [
									{
										"type": "minecraft:dye",
										"default": 8606770
									},
									{
										"type": "minecraft:custom_model_data",
										"index": 0,
										"default": 10987431
									}
								]
							}
						}
					],
					"fallback": {"type": "minecraft:composite",
						"models": [
							{
								"type": "minecraft:model",
								"model": "wandering_hat_creator:ears_piece/short_vertical_horizontal_tip_gui",
								"tints": [
									{
										"type": "minecraft:dye",
										"default": 8606770
									},
									{
										"type": "minecraft:custom_model_data",
										"index": 0,
										"default": 10987431
									}
								]
							}
						]
					}
				}
			},
			{
				"when": "large_horizontal",
				"model": {
					"type": "minecraft:select",
					"property": "minecraft:display_context",
					"cases": [
						{
							"when": [
								"head"
							],
							"model": {
								"type": "minecraft:model",
								"model": "wandering_hat_creator:ears_piece/large_horizontal",
								"tints": [
									{
										"type": "minecraft:dye",
										"default": 8606770
									},
									{
										"type": "minecraft:custom_model_data",
										"index": 0,
										"default": 10987431
									}
								]
							}
						}
					],
					"fallback": {"type": "minecraft:composite",
						"models": [
							{
								"type": "minecraft:model",
								"model": "wandering_hat_creator:ears_piece/large_horizontal_gui",
								"tints": [
									{
										"type": "minecraft:dye",
										"default": 8606770
									},
									{
										"type": "minecraft:custom_model_data",
										"index": 0,
										"default": 10987431
									}
								]
							}
						]
					}
				}
			},
			{
				"when": "long_horizontal_back",
				"model": {
					"type": "minecraft:select",
					"property": "minecraft:display_context",
					"cases": [
						{
							"when": [
								"head"
							],
							"model": {
								"type": "minecraft:model",
								"model": "wandering_hat_creator:ears_piece/long_horizontal_back",
								"tints": [
									{
										"type": "minecraft:dye",
										"default": 12552757
									}
								]
							}
						}
					],
					"fallback": {"type": "minecraft:composite",
						"models": [
							{
								"type": "minecraft:model",
								"model": "wandering_hat_creator:ears_piece/long_horizontal_back_gui",
								"tints": [
									{
										"type": "minecraft:dye",
										"default": 12552757
									}
								]
							}
						]
					}
				}
			},
			{
				"when": "long_horizontal",
				"model": {
					"type": "minecraft:select",
					"property": "minecraft:display_context",
					"cases": [
						{
							"when": [
								"head"
							],
							"model": {
								"type": "minecraft:model",
								"model": "wandering_hat_creator:ears_piece/long_horizontal",
								"tints": [
									{
										"type": "minecraft:dye",
										"default": 12552757
									}
								]
							}
						}
					],
					"fallback": {"type": "minecraft:composite",
						"models": [
							{
								"type": "minecraft:model",
								"model": "wandering_hat_creator:ears_piece/long_horizontal_gui",
								"tints": [
									{
										"type": "minecraft:dye",
										"default": 12552757
									}
								]
							}
						]
					}
				}
			},
			{
				"when": "medium_horizontal",
				"model": {
					"type": "minecraft:select",
					"property": "minecraft:display_context",
					"cases": [
						{
							"when": [
								"head"
							],
							"model": {
								"type": "minecraft:model",
								"model": "wandering_hat_creator:ears_piece/medium_horizontal",
								"tints": [
									{
										"type": "minecraft:dye",
										"default": 12552757
									}
								]
							}
						}
					],
					"fallback": {"type": "minecraft:composite",
						"models": [
							{
								"type": "minecraft:model",
								"model": "wandering_hat_creator:ears_piece/medium_horizontal_gui",
								"tints": [
									{
										"type": "minecraft:dye",
										"default": 12552757
									}
								]
							}
						]
					}
				}
			},
			{
				"when": "short_horizontal",
				"model": {
					"type": "minecraft:select",
					"property": "minecraft:display_context",
					"cases": [
						{
							"when": [
								"head"
							],
							"model": {
								"type": "minecraft:model",
								"model": "wandering_hat_creator:ears_piece/short_horizontal",
								"tints": [
									{
										"type": "minecraft:dye",
										"default": 12552757
									}
								]
							}
						}
					],
					"fallback": {"type": "minecraft:composite",
						"models": [
							{
								"type": "minecraft:model",
								"model": "wandering_hat_creator:ears_piece/short_horizontal_gui",
								"tints": [
									{
										"type": "minecraft:dye",
										"default": 12552757
									}
								]
							}
						]
					}
				}
			},
			{
				"when": "short_horizontal_vertical_tip",
				"model": {
					"type": "minecraft:select",
					"property": "minecraft:display_context",
					"cases": [
						{
							"when": [
								"head"
							],
							"model": {
								"type": "minecraft:model",
								"model": "wandering_hat_creator:ears_piece/short_horizontal_vertical_tip",
								"tints": [
									{
										"type": "minecraft:dye",
										"default": 12552757
									}
								]
							}
						}
					],
					"fallback": {"type": "minecraft:composite",
						"models": [
							{
								"type": "minecraft:model",
								"model": "wandering_hat_creator:ears_piece/short_horizontal_vertical_tip_gui",
								"tints": [
									{
										"type": "minecraft:dye",
										"default": 12552757
									}
								]
							}
						]
					}
				}
			},
			{
				"when": "warden_antlers",
				"model": {
					"type": "minecraft:select",
					"property": "minecraft:display_context",
					"cases": [
						{
							"when": [
								"head"
							],
							"model": {
								"type": "minecraft:model",
								"model": "wandering_hat_creator:ears_piece/warden_antlers",
								"tints": [
									{
										"type": "minecraft:dye",
										"default": 12552757
									}
								]
							}
						}
					],
					"fallback": {"type": "minecraft:composite",
						"models": [
							{
								"type": "minecraft:model",
								"model": "wandering_hat_creator:ears_piece/warden_antlers_gui",
								"tints": [
									{
										"type": "minecraft:dye",
										"default": 12552757
									}
								]
							}
						]
					}
				}
			}
		],
		"fallback": {
			"type": "minecraft:model",
			"model": "minecraft:item/leather_helmet",
			"tints": [
				{
					"type": "minecraft:constant",
					"value": 16711680
				}
			]
		}
	}
}
