{
	"model": {
		"type": "minecraft:select",
		"property": "minecraft:custom_model_data",
		"index": 0,
		"cases": [
			{
				"when": "empty",
				"model": {
					"type": "minecraft:select",
					"property": "minecraft:display_context",
					"cases": [
						{
							"when": [
								"head"
							],
							"model": {
								"type": "minecraft:empty"
							}
						}
					],
					"fallback": {"type": "minecraft:composite",
						"models": [
							{
								"type": "minecraft:model",
								"model": "wandering_hat_creator:eyes_piece/empty_eyes_slot_gui",
								"tints": []
							}
						]
					}
				}
			},
			{
				"when": "armorer_villager",
				"model": {
					"type": "minecraft:select",
					"property": "minecraft:display_context",
					"cases": [
						{
							"when": [
								"head"
							],
							"model": {
								"type": "minecraft:model",
								"model": "wandering_hat_creator:eyes_piece/eyes_villager/armorer",
								"tints": [
									{
										"type": "minecraft:dye",
										"default": 8606770
									},
									{
										"type": "minecraft:custom_model_data",
										"index": 0,
										"default": 10987431
									}
								]
							}
						}
					],
					"fallback": {"type": "minecraft:composite",
						"models": [
							{
								"type": "minecraft:model",
								"model": "wandering_hat_creator:eyes_piece/eyes_villager/armorer_gui",
								"tints": [
									{
										"type": "minecraft:dye",
										"default": 8606770
									},
									{
										"type": "minecraft:custom_model_data",
										"index": 0,
										"default": 10987431
									}
								]
							}
						]
					}
				}
			},
			{
				"when": "butcher_villager",
				"model": {
					"type": "minecraft:select",
					"property": "minecraft:display_context",
					"cases": [
						{
							"when": [
								"head"
							],
							"model": {
								"type": "minecraft:model",
								"model": "wandering_hat_creator:eyes_piece/eyes_villager/butcher",
								"tints": [
									{
										"type": "minecraft:dye",
										"default": 12552757
									}
								]
							}
						}
					],
					"fallback": {"type": "minecraft:composite",
						"models": [
							{
								"type": "minecraft:model",
								"model": "wandering_hat_creator:eyes_piece/eyes_villager/butcher_gui",
								"tints": [
									{
										"type": "minecraft:dye",
										"default": 12552757
									}
								]
							}
						]
					}
				}
			},
			{
				"when": "cartographer_villager",
				"model": {
					"type": "minecraft:select",
					"property": "minecraft:display_context",
					"cases": [
						{
							"when": [
								"head"
							],
							"model": {
								"type": "minecraft:model",
								"model": "wandering_hat_creator:eyes_piece/eyes_villager/cartographer",
								"tints": [
									{
										"type": "minecraft:dye",
										"default": 7444944
									},
									{
										"type": "minecraft:custom_model_data",
										"index": 0,
										"default": 16770560
									}
								]
							}
						}
					],
					"fallback": {"type": "minecraft:composite",
						"models": [
							{
								"type": "minecraft:model",
								"model": "wandering_hat_creator:eyes_piece/eyes_villager/cartographer_gui",
								"tints": [
									{
										"type": "minecraft:dye",
										"default": 7444944
									},
									{
										"type": "minecraft:custom_model_data",
										"index": 0,
										"default": 16770560
									}
								]
							}
						]
					}
				}
			},
			{
				"when": "weaponsmith_villager",
				"model": {
					"type": "minecraft:select",
					"property": "minecraft:display_context",
					"cases": [
						{
							"when": [
								"head"
							],
							"model": {
								"type": "minecraft:model",
								"model": "wandering_hat_creator:eyes_piece/eyes_villager/weaponsmith",
								"tints": [
									{
										"type": "minecraft:dye",
										"default": 16741120
									}
								]
							}
						}
					],
					"fallback": {"type": "minecraft:composite",
						"models": [
							{
								"type": "minecraft:model",
								"model": "wandering_hat_creator:eyes_piece/eyes_villager/weaponsmith_gui",
								"tints": [
									{
										"type": "minecraft:dye",
										"default": 16741120
									}
								]
							}
						]
					}
				}
			},
			{
				"when": "tinted_goggles",
				"model": {
					"type": "minecraft:select",
					"property": "minecraft:display_context",
					"cases": [
						{
							"when": [
								"head"
							],
							"model": {
								"type": "minecraft:model",
								"model": "wandering_hat_creator:eyes_piece/eyes_custom/tinted_goggles",
								"tints": [
									{
										"type": "minecraft:dye",
										"default": 16741120
									},
									{
										"type": "minecraft:custom_model_data",
										"index": 0,
										"default": 11824472
									}
								]
							}
						}
					],
					"fallback": {"type": "minecraft:composite",
						"models": [
							{
								"type": "minecraft:model",
								"model": "wandering_hat_creator:eyes_piece/eyes_custom/tinted_goggles_gui",
								"tints": [
									{
										"type": "minecraft:dye",
										"default": 16741120
									},
									{
										"type": "minecraft:custom_model_data",
										"index": 0,
										"default": 11824472
									}
								]
							}
						]
					}
				}
			},
			{
				"when": "goggles",
				"model": {
					"type": "minecraft:select",
					"property": "minecraft:display_context",
					"cases": [
						{
							"when": [
								"head"
							],
							"model": {
								"type": "minecraft:model",
								"model": "wandering_hat_creator:eyes_piece/eyes_custom/goggles",
								"tints": [
									{
										"type": "minecraft:dye",
										"default": 16741120
									},
									{
										"type": "minecraft:custom_model_data",
										"index": 0,
										"default": 11824472
									}
								]
							}
						}
					],
					"fallback": {"type": "minecraft:composite",
						"models": [
							{
								"type": "minecraft:model",
								"model": "wandering_hat_creator:eyes_piece/eyes_custom/goggles_gui",
								"tints": [
									{
										"type": "minecraft:dye",
										"default": 16741120
									},
									{
										"type": "minecraft:custom_model_data",
										"index": 0,
										"default": 11824472
									}
								]
							}
						]
					}
				}
			},
			{
				"when": "ninja_t",
				"model": {
					"type": "minecraft:select",
					"property": "minecraft:display_context",
					"cases": [
						{
							"when": [
								"head"
							],
							"model": {
								"type": "minecraft:model",
								"model": "wandering_hat_creator:eyes_piece/eyes_custom/ninja_t",
								"tints": [
									{
										"type": "minecraft:dye",
										"default": 16741120
									}
								]
							}
						}
					],
					"fallback": {"type": "minecraft:composite",
						"models": [
							{
								"type": "minecraft:model",
								"model": "wandering_hat_creator:eyes_piece/eyes_custom/ninja_t_gui",
								"tints": [
									{
										"type": "minecraft:dye",
										"default": 16741120
									}
								]
							}
						]
					}
				}
			}
		],
		"fallback": {
			"type": "minecraft:model",
			"model": "minecraft:item/leather_helmet",
			"tints": [
				{
					"type": "minecraft:constant",
					"value": 16711680
				}
			]
		}
	}
}
