{
	"model": {
		"type": "minecraft:select",
		"property": "minecraft:custom_model_data",
		"index": 0,
		"cases": [
			{
				"when": "empty",
				"model": {
					"type": "minecraft:select",
					"property": "minecraft:display_context",
					"cases": [
						{
							"when": [
								"head"
							],
							"model": {
								"type": "minecraft:empty"
							}
						}
					],
					"fallback": {"type": "minecraft:composite",
						"models": [
							{
								"type": "minecraft:model",
								"model": "wandering_hat_creator:hair_piece/empty_hair_slot_gui",
								"tints": []
							}
						]
					}
				}
			},
			{
				"when": "mad_scientist",
				"model": {
					"type": "minecraft:select",
					"property": "minecraft:display_context",
					"cases": [
						{
							"when": [
								"head"
							],
							"model": {
								"type": "minecraft:model",
								"model": "wandering_hat_creator:hair_piece/mad_scientist",
								"tints": [
									{
										"type": "minecraft:dye",
										"default": 8606770
									},
									{
										"type": "minecraft:custom_model_data",
										"index": 0,
										"default": 10987431
									}
								]
							}
						}
					],
					"fallback": {"type": "minecraft:composite",
						"models": [
							{
								"type": "minecraft:model",
								"model": "wandering_hat_creator:hair_piece/mad_scientist_gui",
								"tints": [
									{
										"type": "minecraft:dye",
										"default": 8606770
									},
									{
										"type": "minecraft:custom_model_data",
										"index": 0,
										"default": 10987431
									}
								]
							}
						]
					}
				}
			},
			{
				"when": "afro",
				"model": {
					"type": "minecraft:select",
					"property": "minecraft:display_context",
					"cases": [
						{
							"when": [
								"head"
							],
							"model": {
								"type": "minecraft:model",
								"model": "wandering_hat_creator:hair_piece/afro",
								"tints": [
									{
										"type": "minecraft:dye",
										"default": 8606770
									},
									{
										"type": "minecraft:custom_model_data",
										"index": 0,
										"default": 10987431
									}
								]
							}
						}
					],
					"fallback": {"type": "minecraft:composite",
						"models": [
							{
								"type": "minecraft:model",
								"model": "wandering_hat_creator:hair_piece/afro_gui",
								"tints": [
									{
										"type": "minecraft:dye",
										"default": 8606770
									},
									{
										"type": "minecraft:custom_model_data",
										"index": 0,
										"default": 10987431
									}
								]
							}
						]
					}
				}
			},
			{
				"when": "mullet",
				"model": {
					"type": "minecraft:select",
					"property": "minecraft:display_context",
					"cases": [
						{
							"when": [
								"head"
							],
							"model": {
								"type": "minecraft:model",
								"model": "wandering_hat_creator:hair_piece/mullet",
								"tints": [
									{
										"type": "minecraft:dye",
										"default": 8606770
									},
									{
										"type": "minecraft:custom_model_data",
										"index": 0,
										"default": 10987431
									}
								]
							}
						}
					],
					"fallback": {"type": "minecraft:composite",
						"models": [
							{
								"type": "minecraft:model",
								"model": "wandering_hat_creator:hair_piece/mullet_gui",
								"tints": [
									{
										"type": "minecraft:dye",
										"default": 8606770
									},
									{
										"type": "minecraft:custom_model_data",
										"index": 0,
										"default": 10987431
									}
								]
							}
						]
					}
				}
			},
			{
				"when": "buns",
				"model": {
					"type": "minecraft:select",
					"property": "minecraft:display_context",
					"cases": [
						{
							"when": [
								"head"
							],
							"model": {
								"type": "minecraft:model",
								"model": "wandering_hat_creator:hair_piece/buns",
								"tints": [
									{
										"type": "minecraft:dye",
										"default": 8606770
									},
									{
										"type": "minecraft:custom_model_data",
										"index": 0,
										"default": 10987431
									}
								]
							}
						}
					],
					"fallback": {"type": "minecraft:composite",
						"models": [
							{
								"type": "minecraft:model",
								"model": "wandering_hat_creator:hair_piece/buns_gui",
								"tints": [
									{
										"type": "minecraft:dye",
										"default": 8606770
									},
									{
										"type": "minecraft:custom_model_data",
										"index": 0,
										"default": 10987431
									}
								]
							}
						]
					}
				}
			},
			{
				"when": "buns_undercut",
				"model": {
					"type": "minecraft:select",
					"property": "minecraft:display_context",
					"cases": [
						{
							"when": [
								"head"
							],
							"model": {
								"type": "minecraft:model",
								"model": "wandering_hat_creator:hair_piece/buns_undercut",
								"tints": [
									{
										"type": "minecraft:dye",
										"default": 8606770
									},
									{
										"type": "minecraft:custom_model_data",
										"index": 0,
										"default": 10987431
									}
								]
							}
						}
					],
					"fallback": {"type": "minecraft:composite",
						"models": [
							{
								"type": "minecraft:model",
								"model": "wandering_hat_creator:hair_piece/buns_undercut_gui",
								"tints": [
									{
										"type": "minecraft:dye",
										"default": 8606770
									},
									{
										"type": "minecraft:custom_model_data",
										"index": 0,
										"default": 10987431
									}
								]
							}
						]
					}
				}
			},
			{
				"when": "pony_undercut",
				"model": {
					"type": "minecraft:select",
					"property": "minecraft:display_context",
					"cases": [
						{
							"when": [
								"head"
							],
							"model": {
								"type": "minecraft:model",
								"model": "wandering_hat_creator:hair_piece/pony_undercut",
								"tints": [
									{
										"type": "minecraft:dye",
										"default": 8606770
									},
									{
										"type": "minecraft:custom_model_data",
										"index": 0,
										"default": 10987431
									}
								]
							}
						}
					],
					"fallback": {"type": "minecraft:composite",
						"models": [
							{
								"type": "minecraft:model",
								"model": "wandering_hat_creator:hair_piece/pony_undercut_gui",
								"tints": [
									{
										"type": "minecraft:dye",
										"default": 8606770
									},
									{
										"type": "minecraft:custom_model_data",
										"index": 0,
										"default": 10987431
									}
								]
							}
						]
					}
				}
			},
			{
				"when": "long_undercut",
				"model": {
					"type": "minecraft:select",
					"property": "minecraft:display_context",
					"cases": [
						{
							"when": [
								"head"
							],
							"model": {
								"type": "minecraft:model",
								"model": "wandering_hat_creator:hair_piece/long_undercut",
								"tints": [
									{
										"type": "minecraft:dye",
										"default": 8606770
									},
									{
										"type": "minecraft:custom_model_data",
										"index": 0,
										"default": 10987431
									}
								]
							}
						}
					],
					"fallback": {"type": "minecraft:composite",
						"models": [
							{
								"type": "minecraft:model",
								"model": "wandering_hat_creator:hair_piece/long_undercut_gui",
								"tints": [
									{
										"type": "minecraft:dye",
										"default": 8606770
									},
									{
										"type": "minecraft:custom_model_data",
										"index": 0,
										"default": 10987431
									}
								]
							}
						]
					}
				}
			},
			{
				"when": "undercut",
				"model": {
					"type": "minecraft:select",
					"property": "minecraft:display_context",
					"cases": [
						{
							"when": [
								"head"
							],
							"model": {
								"type": "minecraft:model",
								"model": "wandering_hat_creator:hair_piece/undercut",
								"tints": [
									{
										"type": "minecraft:dye",
										"default": 8606770
									},
									{
										"type": "minecraft:custom_model_data",
										"index": 0,
										"default": 10987431
									}
								]
							}
						}
					],
					"fallback": {"type": "minecraft:composite",
						"models": [
							{
								"type": "minecraft:model",
								"model": "wandering_hat_creator:hair_piece/undercut_gui",
								"tints": [
									{
										"type": "minecraft:dye",
										"default": 8606770
									},
									{
										"type": "minecraft:custom_model_data",
										"index": 0,
										"default": 10987431
									}
								]
							}
						]
					}
				}
			},
			{
				"when": "long_undercut_dual_color",
				"model": {
					"type": "minecraft:select",
					"property": "minecraft:display_context",
					"cases": [
						{
							"when": [
								"head"
							],
							"model": {
								"type": "minecraft:model",
								"model": "wandering_hat_creator:hair_piece/long_undercut_dual_color",
								"tints": [
									{
										"type": "minecraft:dye",
										"default": 8606770
									},
									{
										"type": "minecraft:custom_model_data",
										"index": 0,
										"default": 10987431
									}
								]
							}
						}
					],
					"fallback": {"type": "minecraft:composite",
						"models": [
							{
								"type": "minecraft:model",
								"model": "wandering_hat_creator:hair_piece/long_undercut_dual_color_gui",
								"tints": [
									{
										"type": "minecraft:dye",
										"default": 8606770
									},
									{
										"type": "minecraft:custom_model_data",
										"index": 0,
										"default": 10987431
									}
								]
							}
						]
					}
				}
			},
			{
				"when": "buns_undercut_dual_color",
				"model": {
					"type": "minecraft:select",
					"property": "minecraft:display_context",
					"cases": [
						{
							"when": [
								"head"
							],
							"model": {
								"type": "minecraft:model",
								"model": "wandering_hat_creator:hair_piece/buns_undercut_dual_color",
								"tints": [
									{
										"type": "minecraft:dye",
										"default": 8606770
									},
									{
										"type": "minecraft:custom_model_data",
										"index": 0,
										"default": 10987431
									}
								]
							}
						}
					],
					"fallback": {"type": "minecraft:composite",
						"models": [
							{
								"type": "minecraft:model",
								"model": "wandering_hat_creator:hair_piece/buns_undercut_dual_color_gui",
								"tints": [
									{
										"type": "minecraft:dye",
										"default": 8606770
									},
									{
										"type": "minecraft:custom_model_data",
										"index": 0,
										"default": 10987431
									}
								]
							}
						]
					}
				}
			},
			{
				"when": "pony_undercut_dual_color",
				"model": {
					"type": "minecraft:select",
					"property": "minecraft:display_context",
					"cases": [
						{
							"when": [
								"head"
							],
							"model": {
								"type": "minecraft:model",
								"model": "wandering_hat_creator:hair_piece/pony_undercut_dual_color",
								"tints": [
									{
										"type": "minecraft:dye",
										"default": 8606770
									},
									{
										"type": "minecraft:custom_model_data",
										"index": 0,
										"default": 10987431
									}
								]
							}
						}
					],
					"fallback": {"type": "minecraft:composite",
						"models": [
							{
								"type": "minecraft:model",
								"model": "wandering_hat_creator:hair_piece/pony_undercut_dual_color_gui",
								"tints": [
									{
										"type": "minecraft:dye",
										"default": 8606770
									},
									{
										"type": "minecraft:custom_model_data",
										"index": 0,
										"default": 10987431
									}
								]
							}
						]
					}
				}
			}
		],
		"fallback": {
			"type": "minecraft:model",
			"model": "minecraft:item/leather_helmet",
			"tints": [
				{
					"type": "minecraft:constant",
					"value": 16711680
				}
			]
		}
	}
}
