{
	"model": {
		"type": "minecraft:select",
		"property": "minecraft:custom_model_data",
		"index": 0,
		"cases": [
			{
				"when": "empty",
				"model": {
					"type": "minecraft:select",
					"property": "minecraft:display_context",
					"cases": [
						{
							"when": [
								"head"
							],
							"model": {
								"type": "minecraft:empty"
							}
						}
					],
					"fallback": {"type": "minecraft:composite",
						"models": [
							{
								"type": "minecraft:model",
								"model": "wandering_hat_creator:hat_piece/empty_hat_slot_gui",
								"tints": []
							}
						]
					}
				}
			},
			{
				"when": "desert_villager",
				"model": {
					"type": "minecraft:select",
					"property": "minecraft:display_context",
					"cases": [
						{
							"when": [
								"head"
							],
							"model": {
								"type": "minecraft:model",
								"model": "wandering_hat_creator:hat_piece/hat_villager/desert",
								"tints": [
									{
										"type": "minecraft:dye",
										"default": 15514931
									},
									{
										"type": "minecraft:custom_model_data",
										"index": 0,
										"default": 6897929
									}
								]
							}
						}
					],
					"fallback": {
						
								"type": "minecraft:model",
								"model": "wandering_hat_creator:hat_piece/hat_villager/desert_gui",
								"tints": [
									{
										"type": "minecraft:dye",
										"default": 15514931
									},
									{
										"type": "minecraft:custom_model_data",
										"index": 0,
										"default": 6897929
									}
								]
							
						
					}
				}
			},
			{
				"when": "farmer_villager",
				"model": {
					"type": "minecraft:select",
					"property": "minecraft:display_context",
					"cases": [
						{
							"when": [
								"head"
							],
							"model": {
								"type": "minecraft:model",
								"model": "wandering_hat_creator:hat_piece/hat_villager/farmer",
								"tints": [
									{
										"type": "minecraft:dye",
										"default": 15514931
									},
									{
										"type": "minecraft:custom_model_data",
										"index": 0,
										"default": 6897929
									}
								]
							}
						}
					],
					"fallback": {
						
								"type": "minecraft:model",
								"model": "wandering_hat_creator:hat_piece/hat_villager/farmer_gui",
								"tints": [
									{
										"type": "minecraft:dye",
										"default": 15514931
									},
									{
										"type": "minecraft:custom_model_data",
										"index": 0,
										"default": 6897929
									}
								]
							
						
					}
				}
			},
			{
				"when": "fisherman_villager",
				"model": {
					"type": "minecraft:select",
					"property": "minecraft:display_context",
					"cases": [
						{
							"when": [
								"head"
							],
							"model": {
								"type": "minecraft:model",
								"model": "wandering_hat_creator:hat_piece/hat_villager/fisherman",
								"tints": [
									{
										"type": "minecraft:dye",
										"default": 10579763
									},
									{
										"type": "minecraft:custom_model_data",
										"index": 0,
										"default": 5908738
									}
								]
							}
						}
					],
					"fallback": {
								"type": "minecraft:model",
								"model": "wandering_hat_creator:hat_piece/hat_villager/fisherman_gui",
								"tints": [
									{
										"type": "minecraft:dye",
										"default": 10579763
									},
									{
										"type": "minecraft:custom_model_data",
										"index": 0,
										"default": 5908738
									}
								]
							
					}
				}
			},
			{
				"when": "fletcher_villager",
				"model": {
					"type": "minecraft:select",
					"property": "minecraft:display_context",
					"cases": [
						{
							"when": [
								"head"
							],
							"model": {
								"type": "minecraft:model",
								"model": "wandering_hat_creator:hat_piece/hat_villager/fletcher",
								"tints": [
									{
										"type": "minecraft:dye",
										"default": 16741120
									},
									{
										"type": "minecraft:custom_model_data",
										"index": 0,
										"default": 16119285
									}
								]
							}
						}
					],
					"fallback": {
								"type": "minecraft:model",
								"model": "wandering_hat_creator:hat_piece/hat_villager/fletcher_gui",
								"tints": [
									{
										"type": "minecraft:dye",
										"default": 16741120
									},
									{
										"type": "minecraft:custom_model_data",
										"index": 0,
										"default": 16119285
									}
								]
							
					}
				}
			},
			{
				"when": "librarian_villager",
				"model": {
					"type": "minecraft:select",
					"property": "minecraft:display_context",
					"cases": [
						{
							"when": [
								"head"
							],
							"model": {
								"type": "minecraft:model",
								"model": "wandering_hat_creator:hat_piece/hat_villager/librarian",
								"tints": [
									{
										"type": "minecraft:dye",
										"default": 16741120
									},
									{
										"type": "minecraft:custom_model_data",
										"index": 0,
										"default": 16119285
									}
								]
							}
						}
					],
					"fallback": {
								"type": "minecraft:model",
								"model": "wandering_hat_creator:hat_piece/hat_villager/librarian_gui",
								"tints": [
									{
										"type": "minecraft:dye",
										"default": 16741120
									},
									{
										"type": "minecraft:custom_model_data",
										"index": 0,
										"default": 16119285
									}
								]
							
					}
				}
			},
			{
				"when": "savanna_villager",
				"model": {
					"type": "minecraft:select",
					"property": "minecraft:display_context",
					"cases": [
						{
							"when": [
								"head"
							],
							"model": {
								"type": "minecraft:model",
								"model": "wandering_hat_creator:hat_piece/hat_villager/savanna",
								"tints": [
									{
										"type": "minecraft:dye",
										"default": 16741120
									},
									{
										"type": "minecraft:custom_model_data",
										"index": 0,
										"default": 16119285
									}
								]
							}
						}
					],
					"fallback": {
								"type": "minecraft:model",
								"model": "wandering_hat_creator:hat_piece/hat_villager/savanna_gui",
								"tints": [
									{
										"type": "minecraft:dye",
										"default": 16741120
									},
									{
										"type": "minecraft:custom_model_data",
										"index": 0,
										"default": 16119285
									}
								]
							
					}
				}
			},
			{
				"when": "shepherd_villager",
				"model": {
					"type": "minecraft:select",
					"property": "minecraft:display_context",
					"cases": [
						{
							"when": [
								"head"
							],
							"model": {
								"type": "minecraft:model",
								"model": "wandering_hat_creator:hat_piece/hat_villager/shepherd",
								"tints": [
									{
										"type": "minecraft:dye",
										"default": 16741120
									},
									{
										"type": "minecraft:custom_model_data",
										"index": 0,
										"default": 16119285
									}
								]
							}
						}
					],
					"fallback": {
								"type": "minecraft:model",
								"model": "wandering_hat_creator:hat_piece/hat_villager/shepherd_gui",
								"tints": [
									{
										"type": "minecraft:dye",
										"default": 16741120
									},
									{
										"type": "minecraft:custom_model_data",
										"index": 0,
										"default": 16119285
									}
								]
							
					}
				}
			},
			{
				"when": "snow_villager",
				"model": {
					"type": "minecraft:select",
					"property": "minecraft:display_context",
					"cases": [
						{
							"when": [
								"head"
							],
							"model": {
								"type": "minecraft:model",
								"model": "wandering_hat_creator:hat_piece/hat_villager/snow",
								"tints": [
									{
										"type": "minecraft:dye",
										"default": 16741120
									},
									{
										"type": "minecraft:custom_model_data",
										"index": 0,
										"default": 16119285
									}
								]
							}
						}
					],
					"fallback": {
								"type": "minecraft:model",
								"model": "wandering_hat_creator:hat_piece/hat_villager/snow_gui",
								"tints": [
									{
										"type": "minecraft:dye",
										"default": 16741120
									},
									{
										"type": "minecraft:custom_model_data",
										"index": 0,
										"default": 16119285
									}
								]
							
					}
				}
			},
			{
				"when": "swamp_villager",
				"model": {
					"type": "minecraft:select",
					"property": "minecraft:display_context",
					"cases": [
						{
							"when": [
								"head"
							],
							"model": {
								"type": "minecraft:model",
								"model": "wandering_hat_creator:hat_piece/hat_villager/swamp",
								"tints": [
									{
										"type": "minecraft:dye",
										"default": 16741120
									},
									{
										"type": "minecraft:custom_model_data",
										"index": 0,
										"default": 16119285
									}
								]
							}
						}
					],
					"fallback": {
								"type": "minecraft:model",
								"model": "wandering_hat_creator:hat_piece/hat_villager/swamp_gui",
								"tints": [
									{
										"type": "minecraft:dye",
										"default": 16741120
									},
									{
										"type": "minecraft:custom_model_data",
										"index": 0,
										"default": 16119285
									}
								]
							
					}
				}
			},
			{
				"when": "witch",
				"model": {
					"type": "minecraft:select",
					"property": "minecraft:display_context",
					"cases": [
						{
							"when": [
								"head"
							],
							"model": {
								"type": "minecraft:model",
								"model": "wandering_hat_creator:hat_piece/hat_other/witch",
								"tints": [
									{
										"type": "minecraft:dye",
										"default": 16741120
									},
									{
										"type": "minecraft:custom_model_data",
										"index": 0,
										"default": 8505121
									}
								]
							}
						}
					],
					"fallback": {
								"type": "minecraft:model",
								"model": "wandering_hat_creator:hat_piece/hat_other/witch_gui",
								"tints": [
									{
										"type": "minecraft:dye",
										"default": 16741120
									},
									{
										"type": "minecraft:custom_model_data",
										"index": 0,
										"default": 8505121
									}
								]
						
					}
				}
			},
			{
				"when": "santa",
				"model": {
					"type": "minecraft:select",
					"property": "minecraft:display_context",
					"cases": [
						{
							"when": [
								"head"
							],
							"model": {
								"type": "minecraft:model",
								"model": "wandering_hat_creator:hat_piece/hat_custom/santa",
								"tints": [
									{
										"type": "minecraft:dye",
										"default": 13567751
									},
									{
										"type": "minecraft:custom_model_data",
										"index": 0,
										"default": 15527143
									}
								]
							}
						}
					],
					"fallback": {
								"type": "minecraft:model",
								"model": "wandering_hat_creator:hat_piece/hat_custom/santa_gui",
								"tints": [
									{
										"type": "minecraft:dye",
										"default": 13567751
									},
									{
										"type": "minecraft:custom_model_data",
										"index": 0,
										"default": 15527143
									}
								]
							
					}
				}
			},
			{
				"when": [
					"netherite_helmet",
					"diamond_helmet",
					"golden_helmet",
					"iron_helmet",
					"chainmail_helmet",
					"leather_helmet",
					"turtle_helmet"
				],
				"model": {
					"type": "minecraft:composite",
					"models": [
						{
							"type": "minecraft:select",
							"property": "minecraft:custom_model_data",
							"index": 0,
							"cases": [
								{
									"when": "netherite_helmet",
									"model": {
										"type": "minecraft:select",
										"property": "minecraft:display_context",
										"cases": [
											{
												"when": "head",
												"model": {
													"type": "minecraft:model",
													"model": "wandering_hat_creator:hat_piece/hat_helmet/netherite_helmet"
												}
											}
										],
										"fallback": {
											"type": "minecraft:model",
											"model": "wandering_hat_creator:hat_piece/hat_helmet/netherite_helmet_gui"
										}
									}
								},
								{
									"when": "diamond_helmet",
									"model": {
										"type": "minecraft:select",
										"property": "minecraft:display_context",
										"cases": [
											{
												"when": [
													"head"
												],
												"model": {
													"type": "minecraft:model",
													"model": "wandering_hat_creator:hat_piece/hat_helmet/diamond_helmet",
													"tints": []
												}
											}
										],
										"fallback": {
											"type": "minecraft:model",
											"model": "wandering_hat_creator:hat_piece/hat_helmet/diamond_helmet_gui"
										}
									}
								},
								{
									"when": "golden_helmet",
									"model": {
										"type": "minecraft:select",
										"property": "minecraft:display_context",
										"cases": [
											{
												"when": [
													"head"
												],
												"model": {
													"type": "minecraft:model",
													"model": "wandering_hat_creator:hat_piece/hat_helmet/golden_helmet",
													"tints": []
												}
											}
										],
										"fallback": {
											"type": "minecraft:model",
											"model": "wandering_hat_creator:hat_piece/hat_helmet/golden_helmet_gui"
										}
									}
								},
								{
									"when": "iron_helmet",
									"model": {
										"type": "minecraft:select",
										"property": "minecraft:display_context",
										"cases": [
											{
												"when": [
													"head"
												],
												"model": {
													"type": "minecraft:model",
													"model": "wandering_hat_creator:hat_piece/hat_helmet/iron_helmet",
													"tints": []
												}
											}
										],
										"fallback": {
											"type": "minecraft:model",
											"model": "wandering_hat_creator:hat_piece/hat_helmet/iron_helmet_gui"
										}
									}
								},
								{
									"when": "chainmail_helmet",
									"model": {
										"type": "minecraft:select",
										"property": "minecraft:display_context",
										"cases": [
											{
												"when": [
													"head"
												],
												"model": {
													"type": "minecraft:model",
													"model": "wandering_hat_creator:hat_piece/hat_helmet/chainmail_helmet",
													"tints": []
												}
											}
										],
										"fallback": {
											"type": "minecraft:model",
											"model": "wandering_hat_creator:hat_piece/hat_helmet/chainmail_helmet_gui"
										}
									}
								},
								{
									"when": "leather_helmet",
									"model": {
										"type": "minecraft:select",
										"property": "minecraft:display_context",
										"cases": [
											{
												"when": [
													"head"
												],
												"model": {
													"type": "minecraft:model",
													"model": "wandering_hat_creator:hat_piece/hat_helmet/leather_helmet",
													"tints": [
														{
															"type": "minecraft:dye",
															"default": 13567751
														}
													]
												}
											}
										],
										"fallback": {
											"type": "minecraft:model",
											"model": "wandering_hat_creator:hat_piece/hat_helmet/leather_helmet_gui",
											"tints": [
												{
													"type": "minecraft:dye",
													"default": 13567751
												}
											]
										}
									}
								},
								{
									"when": "turtle_helmet",
									"model": {
										"type": "minecraft:select",
										"property": "minecraft:display_context",
										"cases": [
											{
												"when": [
													"head"
												],
												"model": {
													"type": "minecraft:model",
													"model": "wandering_hat_creator:hat_piece/hat_helmet/turtle_helmet",
													"tints": []
												}
											}
										],
										"fallback": {
											"type": "minecraft:model",
											"model": "wandering_hat_creator:hat_piece/hat_helmet/turtle_helmet_gui"
										}
									}
								}
							]
						},
						{
							"type": "minecraft:select",
							"property": "minecraft:display_context",
							"cases": [
								{
									"when": "head",
									"model": {
										"type": "minecraft:select",
										"property": "minecraft:custom_model_data",
										"index": 1,
										"cases": [
											{
												"when": "empty",
												"model": {
													"type": "minecraft:empty"
												}
											},
											{
												"when": "minecraft:sentry",
												"model": {
													"type": "minecraft:model",
													"model": "wandering_hat_creator:hat_piece/hat_helmet/trim/sentry",
													"tints": [
														{
															"type": "minecraft:custom_model_data",
															"index": 0,
															"default": 0
														}
													]
												}
											},
											{
												"when": "minecraft:vex",
												"model": {
													"type": "minecraft:model",
													"model": "wandering_hat_creator:hat_piece/hat_helmet/trim/vex",
													"tints": [
														{
															"type": "minecraft:custom_model_data",
															"index": 0,
															"default": 0
														}
													]
												}
											},
											{
												"when": "minecraft:wild",
												"model": {
													"type": "minecraft:model",
													"model": "wandering_hat_creator:hat_piece/hat_helmet/trim/wild",
													"tints": [
														{
															"type": "minecraft:custom_model_data",
															"index": 0,
															"default": 0
														}
													]
												}
											},
											{
												"when": "minecraft:coast",
												"model": {
													"type": "minecraft:model",
													"model": "wandering_hat_creator:hat_piece/hat_helmet/trim/coast",
													"tints": [
														{
															"type": "minecraft:custom_model_data",
															"index": 0,
															"default": 0
														}
													]
												}
											},
											{
												"when": "minecraft:dune",
												"model": {
													"type": "minecraft:model",
													"model": "wandering_hat_creator:hat_piece/hat_helmet/trim/dune",
													"tints": [
														{
															"type": "minecraft:custom_model_data",
															"index": 0,
															"default": 0
														}
													]
												}
											},
											{
												"when": "minecraft:wayfinder",
												"model": {
													"type": "minecraft:model",
													"model": "wandering_hat_creator:hat_piece/hat_helmet/trim/wayfinder",
													"tints": [
														{
															"type": "minecraft:custom_model_data",
															"index": 0,
															"default": 0
														}
													]
												}
											},
											{
												"when": "minecraft:raiser",
												"model": {
													"type": "minecraft:model",
													"model": "wandering_hat_creator:hat_piece/hat_helmet/trim/raiser",
													"tints": [
														{
															"type": "minecraft:custom_model_data",
															"index": 0,
															"default": 0
														}
													]
												}
											},
											{
												"when": "minecraft:shaper",
												"model": {
													"type": "minecraft:model",
													"model": "wandering_hat_creator:hat_piece/hat_helmet/trim/shaper",
													"tints": [
														{
															"type": "minecraft:custom_model_data",
															"index": 0,
															"default": 0
														}
													]
												}
											},
											{
												"when": "minecraft:host",
												"model": {
													"type": "minecraft:model",
													"model": "wandering_hat_creator:hat_piece/hat_helmet/trim/host",
													"tints": [
														{
															"type": "minecraft:custom_model_data",
															"index": 0,
															"default": 0
														}
													]
												}
											},
											{
												"when": "minecraft:ward",
												"model": {
													"type": "minecraft:model",
													"model": "wandering_hat_creator:hat_piece/hat_helmet/trim/ward",
													"tints": [
														{
															"type": "minecraft:custom_model_data",
															"index": 0,
															"default": 0
														}
													]
												}
											},
											{
												"when": "minecraft:silence",
												"model": {
													"type": "minecraft:model",
													"model": "wandering_hat_creator:hat_piece/hat_helmet/trim/silence",
													"tints": [
														{
															"type": "minecraft:custom_model_data",
															"index": 0,
															"default": 0
														}
													]
												}
											},
											{
												"when": "minecraft:tide",
												"model": {
													"type": "minecraft:model",
													"model": "wandering_hat_creator:hat_piece/hat_helmet/trim/tide",
													"tints": [
														{
															"type": "minecraft:custom_model_data",
															"index": 0,
															"default": 0
														}
													]
												}
											},
											{
												"when": "minecraft:snout",
												"model": {
													"type": "minecraft:model",
													"model": "wandering_hat_creator:hat_piece/hat_helmet/trim/snout",
													"tints": [
														{
															"type": "minecraft:custom_model_data",
															"index": 0,
															"default": 0
														}
													]
												}
											},
											{
												"when": "minecraft:rib",
												"model": {
													"type": "minecraft:model",
													"model": "wandering_hat_creator:hat_piece/hat_helmet/trim/rib",
													"tints": [
														{
															"type": "minecraft:custom_model_data",
															"index": 0,
															"default": 0
														}
													]
												}
											},
											{
												"when": "minecraft:eye",
												"model": {
													"type": "minecraft:model",
													"model": "wandering_hat_creator:hat_piece/hat_helmet/trim/eye",
													"tints": [
														{
															"type": "minecraft:custom_model_data",
															"index": 0,
															"default": 0
														}
													]
												}
											},
											{
												"when": "minecraft:spire",
												"model": {
													"type": "minecraft:model",
													"model": "wandering_hat_creator:hat_piece/hat_helmet/trim/spire",
													"tints": [
														{
															"type": "minecraft:custom_model_data",
															"index": 0,
															"default": 0
														}
													]
												}
											},
											{
												"when": "minecraft:flow",
												"model": {
													"type": "minecraft:model",
													"model": "wandering_hat_creator:hat_piece/hat_helmet/trim/flow",
													"tints": [
														{
															"type": "minecraft:custom_model_data",
															"index": 0,
															"default": 0
														}
													]
												}
											},
											{
												"when": "minecraft:bolt",
												"model": {
													"type": "minecraft:model",
													"model": "wandering_hat_creator:hat_piece/hat_helmet/trim/bolt",
													"tints": [
														{
															"type": "minecraft:custom_model_data",
															"index": 0,
															"default": 0
														}
													]
												}
											}
										],
										"fallback": {
											"type": "minecraft:empty"
										}
									}
								}
							],
							"fallback": {
								"type": "minecraft:select",
								"property": "minecraft:custom_model_data",
								"index": 1,
								"cases": [
									{
										"when": "empty",
										"model": {
											"type": "minecraft:empty"
										}
									},
									{
										"when": [
											"minecraft:sentry",
											"minecraft:vex",
											"minecraft:wild",
											"minecraft:coast",
											"minecraft:dune",
											"minecraft:wayfinder",
											"minecraft:raiser",
											"minecraft:shaper",
											"minecraft:host",
											"minecraft:ward",
											"minecraft:silence",
											"minecraft:tide",
											"minecraft:snout",
											"minecraft:rib",
											"minecraft:eye",
											"minecraft:spire",
											"minecraft:flow",
											"minecraft:bolt"
										],
										"model": {
											"type": "minecraft:model",
											"model": "wandering_hat_creator:hat_piece/hat_helmet/trim/gui",
											"tints": [
												{
													"type": "minecraft:custom_model_data",
													"index": 0,
													"default": 0
												}
											]
										}
									}
								],
								"fallback": {
									"type": "minecraft:empty"
								}
							}
						}
					]
				}
			}
		],
		"fallback": {
			"type": "minecraft:model",
			"model": "minecraft:item/leather_helmet",
			"tints": [
				{
					"type": "minecraft:constant",
					"value": 16711680
				}
			]
		}
	}
}