{
	"model": {
		"type": "minecraft:select",
		"property": "minecraft:custom_model_data",
		"index": 0,
		"cases": [
			{
				"when": "empty",
				"model": {
					"type": "minecraft:select",
					"property": "minecraft:display_context",
					"cases": [
						{
							"when": [
								"head"
							],
							"model": {
								"type": "minecraft:empty"
							}
						}
					],
					"fallback": {"type": "minecraft:composite",
						"models": [
							{
								"type": "minecraft:model",
								"model": "wandering_hat_creator:horn_piece/empty_horn_slot_gui",
								"tints": []
							}
						]
					}
				}
			},
			{
				"when": "curved_goat",
				"model": {
					"type": "minecraft:select",
					"property": "minecraft:display_context",
					"cases": [
						{
							"when": [
								"head"
							],
							"model": {
								"type": "minecraft:model",
								"model": "wandering_hat_creator:horn_piece/curved_goat",
								"tints": [
									{
										"type": "minecraft:dye",
										"default": 8606770
									},
									{
										"type": "minecraft:custom_model_data",
										"index": 0,
										"default": 10987431
									}
								]
							}
						}
					],
					"fallback": {"type": "minecraft:composite",
						"models": [
							{
								"type": "minecraft:model",
								"model": "wandering_hat_creator:horn_piece/curved_goat_gui",
								"tints": [
									{
										"type": "minecraft:dye",
										"default": 8606770
									},
									{
										"type": "minecraft:custom_model_data",
										"index": 0,
										"default": 10987431
									}
								]
							}
						]
					}
				}
			},
			{
				"when": "deer_antlers",
				"model": {
					"type": "minecraft:select",
					"property": "minecraft:display_context",
					"cases": [
						{
							"when": [
								"head"
							],
							"model": {
								"type": "minecraft:model",
								"model": "wandering_hat_creator:horn_piece/deer_antlers",
								"tints": [
									{
										"type": "minecraft:dye",
										"default": 8606770
									},
									{
										"type": "minecraft:custom_model_data",
										"index": 0,
										"default": 10987431
									}
								]
							}
						}
					],
					"fallback": {"type": "minecraft:composite",
						"models": [
							{
								"type": "minecraft:model",
								"model": "wandering_hat_creator:horn_piece/deer_antlers_gui",
								"tints": [
									{
										"type": "minecraft:dye",
										"default": 8606770
									},
									{
										"type": "minecraft:custom_model_data",
										"index": 0,
										"default": 10987431
									}
								]
							}
						]
					}
				}
			},
			{
				"when": "goat",
				"model": {
					"type": "minecraft:select",
					"property": "minecraft:display_context",
					"cases": [
						{
							"when": [
								"head"
							],
							"model": {
								"type": "minecraft:model",
								"model": "wandering_hat_creator:horn_piece/goat",
								"tints": [
									{
										"type": "minecraft:dye",
										"default": 8606770
									},
									{
										"type": "minecraft:custom_model_data",
										"index": 0,
										"default": 10987431
									}
								]
							}
						}
					],
					"fallback": {"type": "minecraft:composite",
						"models": [
							{
								"type": "minecraft:model",
								"model": "wandering_hat_creator:horn_piece/goat_gui",
								"tints": [
									{
										"type": "minecraft:dye",
										"default": 8606770
									},
									{
										"type": "minecraft:custom_model_data",
										"index": 0,
										"default": 10987431
									}
								]
							}
						]
					}
				}
			},
			{
				"when": "s_curve_goat",
				"model": {
					"type": "minecraft:select",
					"property": "minecraft:display_context",
					"cases": [
						{
							"when": [
								"head"
							],
							"model": {
								"type": "minecraft:model",
								"model": "wandering_hat_creator:horn_piece/s_curve_goat",
								"tints": [
									{
										"type": "minecraft:dye",
										"default": 8606770
									},
									{
										"type": "minecraft:custom_model_data",
										"index": 0,
										"default": 10987431
									}
								]
							}
						}
					],
					"fallback": {"type": "minecraft:composite",
						"models": [
							{
								"type": "minecraft:model",
								"model": "wandering_hat_creator:horn_piece/s_curve_goat_gui",
								"tints": [
									{
										"type": "minecraft:dye",
										"default": 8606770
									},
									{
										"type": "minecraft:custom_model_data",
										"index": 0,
										"default": 10987431
									}
								]
							}
						]
					}
				}
			},
			{
				"when": "small_goat",
				"model": {
					"type": "minecraft:select",
					"property": "minecraft:display_context",
					"cases": [
						{
							"when": [
								"head"
							],
							"model": {
								"type": "minecraft:model",
								"model": "wandering_hat_creator:horn_piece/small_goat",
								"tints": [
									{
										"type": "minecraft:dye",
										"default": 8606770
									},
									{
										"type": "minecraft:custom_model_data",
										"index": 0,
										"default": 10987431
									}
								]
							}
						}
					],
					"fallback": {"type": "minecraft:composite",
						"models": [
							{
								"type": "minecraft:model",
								"model": "wandering_hat_creator:horn_piece/small_goat_gui",
								"tints": [
									{
										"type": "minecraft:dye",
										"default": 8606770
									},
									{
										"type": "minecraft:custom_model_data",
										"index": 0,
										"default": 10987431
									}
								]
							}
						]
					}
				}
			}
		],
		"fallback": {
			"type": "minecraft:model",
			"model": "minecraft:item/leather_helmet",
			"tints": [
				{
					"type": "minecraft:constant",
					"value": 16711680
				}
			]
		}
	}
}
