{
	"credit": "Made with Blockbench",
	"textures": {
		"1": "wandering_hat_creator:custom/hat_piece/hat_other/witch",
		"2": "wandering_hat_creator:custom/hat_piece/hat_other/witch_gem"
	},
	"elements": [
		{
			"from": [3, 0, 3],
			"to": [13, 2, 13],
			"rotation": {"angle": -22.5, "axis": "x", "origin": [10, 6, 6]},
			"faces": {
				"north": {"uv": [0, 2.5, 2.5, 3], "texture": "#1", "tintindex": 0},
				"east": {"uv": [2.5, 2.5, 5, 3], "texture": "#1", "tintindex": 0},
				"south": {"uv": [5, 2.5, 7.5, 3], "texture": "#1", "tintindex": 0},
				"west": {"uv": [7.5, 2.5, 10, 3], "texture": "#1", "tintindex": 0},
				"up": {"uv": [2.5, 0, 5, 2.5], "texture": "#1", "tintindex": 0},
				"down": {"uv": [5, 0, 7.5, 2.5], "texture": "#1", "tintindex": 0}
			}
		},
		{
			"from": [4.5, 2, 4.5],
			"to": [11.5, 6, 11.5],
			"rotation": {"angle": -22.5, "axis": "x", "origin": [10, 6, 6]},
			"faces": {
				"north": {"uv": [0, 4.75, 1.75, 5.75], "texture": "#1", "tintindex": 0},
				"east": {"uv": [1.75, 4.75, 3.5, 5.75], "texture": "#1", "tintindex": 0},
				"south": {"uv": [3.5, 4.75, 5.25, 5.75], "texture": "#1", "tintindex": 0},
				"west": {"uv": [5.25, 4.75, 7, 5.75], "texture": "#1", "tintindex": 0},
				"up": {"uv": [1.75, 3, 3.5, 4.75], "texture": "#1", "tintindex": 0},
				"down": {"uv": [3.5, 3, 5.25, 4.75], "texture": "#1", "tintindex": 0}
			}
		},
		{
			"from": [6, 6, 6],
			"to": [10, 10, 10],
			"rotation": {"angle": 0, "axis": "y", "origin": [6, 6, 6]},
			"faces": {
				"north": {"uv": [0, 6.75, 1, 7.75], "texture": "#1", "tintindex": 0},
				"east": {"uv": [1, 6.75, 2, 7.75], "texture": "#1", "tintindex": 0},
				"south": {"uv": [2, 6.75, 3, 7.75], "texture": "#1", "tintindex": 0},
				"west": {"uv": [3, 6.75, 4, 7.75], "texture": "#1", "tintindex": 0},
				"up": {"uv": [1, 5.75, 2, 6.75], "texture": "#1", "tintindex": 0},
				"down": {"uv": [2, 5.75, 3, 6.75], "texture": "#1", "tintindex": 0}
			}
		},
		{
			"from": [7.5, 10, 7.5],
			"to": [8.5, 12, 8.5],
			"rotation": {"angle": 22.5, "axis": "z", "origin": [8.5, 10, 7.5]},
			"faces": {
				"north": {"uv": [0, 8, 0.25, 8.5], "texture": "#1", "tintindex": 0},
				"east": {"uv": [0.25, 8, 0.5, 8.5], "texture": "#1", "tintindex": 0},
				"south": {"uv": [0.5, 8, 0.75, 8.5], "texture": "#1", "tintindex": 0},
				"west": {"uv": [0.75, 8, 1, 8.5], "texture": "#1", "tintindex": 0},
				"up": {"uv": [0.25, 7.75, 0.5, 8], "texture": "#1", "tintindex": 0},
				"down": {"uv": [0.5, 7.75, 0.75, 8], "texture": "#1", "tintindex": 0}
			}
		},
		{
			"name": "gem",
			"from": [5.49, 1.99, 4.49],
			"to": [10.51, 6.01, 4.51],
			"rotation": {"angle": -22.5, "axis": "x", "origin": [10, 6, 6]},
			"faces": {
				"north": {"uv": [0, 0, 5, 4], "texture": "#2", "tintindex": 1},
				"east": {"uv": [0, 0, 1.75, 1], "texture": "#2"},
				"south": {"uv": [0, 0, 1.75, 1], "texture": "#2"},
				"west": {"uv": [0, 0, 1.75, 1], "texture": "#2"},
				"up": {"uv": [0, 0, 1.75, 1.75], "texture": "#2"},
				"down": {"uv": [0, 0, 1.75, 1.75], "texture": "#2"}
			}
		}
	],
	"display": {
		"head": {
			"rotation": [26, 0, 4],
			"translation": [-0.75, 16.8, 1.5],
			"scale": [1.7, 1.7, 1.7]
		}
	}
}