{
	"credit": "Made with Blockbench",
	"textures": {
		"2": "wandering_hat_creator:custom/horn_piece/goat",
		"4": "wandering_hat_creator:custom/horn_piece/curved_goat"
	},
	"elements": [
		{
			"name": "head",
			"from": [4, 0, 4],
			"to": [12, 8, 12],
			"rotation": {"angle": 0, "axis": "y", "origin": [4, 0, 4]},
			"faces": {
				"north": {"uv": [0, 0, 4, 4], "texture": "#3"},
				"east": {"uv": [0, 4, 4, 8], "texture": "#3"},
				"south": {"uv": [4, 0, 8, 4], "texture": "#3"},
				"west": {"uv": [4, 4, 8, 8], "texture": "#3"},
				"up": {"uv": [4, 12, 0, 8], "texture": "#3"},
				"down": {"uv": [12, 0, 8, 4], "texture": "#3"}
			}
		},
		{
			"name": "head",
			"from": [3.3, -0.7, 3.3],
			"to": [12.7, 8.7, 12.7],
			"rotation": {"angle": 0, "axis": "y", "origin": [4, 0, 4]},
			"faces": {
				"north": {"uv": [4, 4, 8, 8], "texture": "#missing"},
				"east": {"uv": [0, 4, 4, 8], "texture": "#missing"},
				"south": {"uv": [12, 4, 16, 8], "texture": "#missing"},
				"west": {"uv": [8, 4, 12, 8], "texture": "#missing"},
				"up": {"uv": [8, 4, 4, 0], "texture": "#missing"},
				"down": {"uv": [24, 8, 16, 16], "texture": "#missing"}
			}
		},
		{
			"from": [10, 8, 6],
			"to": [12, 10, 7],
			"rotation": {"angle": 0, "axis": "y", "origin": [12, 8, 6]},
			"color": 1,
			"faces": {
				"north": {"uv": [0, 0, 4, 4], "texture": "#missing"},
				"east": {"uv": [0, 0, 2, 4], "texture": "#missing"},
				"south": {"uv": [0, 0, 4, 4], "texture": "#missing"},
				"west": {"uv": [0, 0, 2, 4], "texture": "#missing"},
				"up": {"uv": [0, 0, 2, 4], "rotation": 90, "texture": "#missing"},
				"down": {"uv": [0, 0, 2, 4], "rotation": 270, "texture": "#missing"}
			}
		},
		{
			"from": [10, 9, 5],
			"to": [12, 10, 6],
			"rotation": {"angle": 0, "axis": "y", "origin": [12, 9, 4]},
			"color": 1,
			"faces": {
				"north": {"uv": [0, 0, 4, 2], "texture": "#missing"},
				"east": {"uv": [0, 0, 2, 2], "texture": "#missing"},
				"south": {"uv": [0, 0, 4, 2], "texture": "#missing"},
				"west": {"uv": [0, 0, 2, 2], "texture": "#missing"},
				"up": {"uv": [0, 0, 2, 4], "rotation": 90, "texture": "#missing"},
				"down": {"uv": [0, 0, 2, 4], "rotation": 270, "texture": "#missing"}
			}
		},
		{
			"from": [4, 8, 6],
			"to": [6, 10, 7],
			"rotation": {"angle": 0, "axis": "y", "origin": [4, 8, 6]},
			"color": 1,
			"faces": {
				"north": {"uv": [0, 0, 4, 4], "texture": "#missing"},
				"east": {"uv": [0, 0, 2, 4], "texture": "#missing"},
				"south": {"uv": [0, 0, 4, 4], "texture": "#missing"},
				"west": {"uv": [0, 0, 2, 4], "texture": "#missing"},
				"up": {"uv": [0, 0, 4, 2], "texture": "#missing"},
				"down": {"uv": [0, 0, 4, 2], "texture": "#missing"}
			}
		},
		{
			"from": [4, 9, 5],
			"to": [6, 10, 6],
			"rotation": {"angle": 0, "axis": "y", "origin": [4, 9, 4]},
			"color": 1,
			"faces": {
				"north": {"uv": [0, 0, 4, 2], "texture": "#missing"},
				"east": {"uv": [0, 0, 2, 2], "texture": "#missing"},
				"south": {"uv": [0, 0, 4, 2], "texture": "#missing"},
				"west": {"uv": [0, 0, 2, 2], "texture": "#missing"},
				"up": {"uv": [0, 0, 4, 2], "texture": "#missing"},
				"down": {"uv": [0, 0, 4, 2], "texture": "#missing"}
			}
		},
		{
			"from": [2, 4, 7],
			"to": [4, 6, 8],
			"rotation": {"angle": 0, "axis": "y", "origin": [2, 4, 7]},
			"color": 1,
			"faces": {
				"north": {"uv": [0, 0, 4, 4], "texture": "#missing"},
				"east": {"uv": [0, 0, 2, 4], "texture": "#missing"},
				"south": {"uv": [0, 0, 4, 4], "texture": "#missing"},
				"west": {"uv": [0, 0, 2, 4], "texture": "#missing"},
				"up": {"uv": [0, 0, 4, 2], "texture": "#missing"},
				"down": {"uv": [0, 0, 4, 2], "texture": "#missing"}
			}
		},
		{
			"from": [12, 4, 7],
			"to": [14, 6, 8],
			"rotation": {"angle": 0, "axis": "y", "origin": [12, 4, 7]},
			"color": 1,
			"faces": {
				"north": {"uv": [0, 0, 4, 4], "texture": "#missing"},
				"east": {"uv": [0, 0, 2, 4], "texture": "#missing"},
				"south": {"uv": [0, 0, 4, 4], "texture": "#missing"},
				"west": {"uv": [0, 0, 2, 4], "texture": "#missing"},
				"up": {"uv": [0, 0, 4, 2], "texture": "#missing"},
				"down": {"uv": [0, 0, 4, 2], "texture": "#missing"}
			}
		},
		{
			"from": [4, 3, 7],
			"to": [5, 6, 9],
			"rotation": {"angle": -22.5, "axis": "y", "origin": [4, 5, 7]},
			"color": 1,
			"faces": {
				"north": {"uv": [0, 0, 2, 6], "texture": "#missing"},
				"east": {"uv": [0, 0, 4, 6], "texture": "#missing"},
				"south": {"uv": [0, 0, 2, 6], "texture": "#missing"},
				"west": {"uv": [0, 0, 4, 6], "texture": "#missing"},
				"up": {"uv": [0, 0, 4, 2], "rotation": 270, "texture": "#missing"},
				"down": {"uv": [0, 0, 4, 2], "rotation": 90, "texture": "#missing"}
			}
		},
		{
			"from": [11, 3, 7],
			"to": [12, 6, 9],
			"rotation": {"angle": 22.5, "axis": "y", "origin": [12, 4, 7]},
			"color": 1,
			"faces": {
				"north": {"uv": [0, 0, 2, 6], "texture": "#missing"},
				"east": {"uv": [0, 0, 4, 6], "texture": "#missing"},
				"south": {"uv": [0, 0, 2, 6], "texture": "#missing"},
				"west": {"uv": [0, 0, 4, 6], "texture": "#missing"},
				"up": {"uv": [0, 0, 4, 2], "rotation": 90, "texture": "#missing"},
				"down": {"uv": [0, 0, 4, 2], "rotation": 270, "texture": "#missing"}
			}
		},
		{
			"from": [4, 7, 4],
			"to": [6, 9, 6],
			"rotation": {"angle": 0, "axis": "y", "origin": [4, 7, 4]},
			"faces": {
				"north": {"uv": [2, 0, 4, 2], "texture": "#4"},
				"east": {"uv": [2, 2, 4, 4], "texture": "#4"},
				"south": {"uv": [0, 4, 2, 6], "texture": "#4"},
				"west": {"uv": [4, 0, 6, 2], "texture": "#4"},
				"up": {"uv": [4, 6, 2, 4], "texture": "#4"},
				"down": {"uv": [6, 2, 4, 4], "texture": "#4"}
			}
		},
		{
			"from": [3.5, 8, 3],
			"to": [5.5, 10, 5],
			"rotation": {"angle": 0, "axis": "y", "origin": [3, 8, 3]},
			"faces": {
				"north": {"uv": [4, 4, 6, 6], "texture": "#4"},
				"east": {"uv": [0, 6, 2, 8], "texture": "#4"},
				"south": {"uv": [6, 0, 8, 2], "texture": "#4"},
				"west": {"uv": [2, 6, 4, 8], "texture": "#4"},
				"up": {"uv": [8, 4, 6, 2], "texture": "#4"},
				"down": {"uv": [6, 6, 4, 8], "texture": "#4"}
			}
		},
		{
			"from": [3, 10, 2],
			"to": [5, 12, 4],
			"rotation": {"angle": 0, "axis": "y", "origin": [4, 10, 2]},
			"faces": {
				"north": {"uv": [6, 4, 8, 6], "texture": "#4"},
				"east": {"uv": [6, 6, 8, 8], "texture": "#4"},
				"south": {"uv": [0, 8, 2, 10], "texture": "#4"},
				"west": {"uv": [8, 0, 10, 2], "texture": "#4"},
				"up": {"uv": [4, 10, 2, 8], "texture": "#4"},
				"down": {"uv": [10, 2, 8, 4], "texture": "#4"}
			}
		},
		{
			"from": [3.5, 12, 2],
			"to": [4.5, 14, 4],
			"rotation": {"angle": 0, "axis": "y", "origin": [3, 12, 2]},
			"faces": {
				"north": {"uv": [1, 10, 2, 12], "texture": "#4"},
				"east": {"uv": [4, 8, 6, 10], "texture": "#4"},
				"south": {"uv": [2, 10, 3, 12], "texture": "#4"},
				"west": {"uv": [8, 4, 10, 6], "texture": "#4"},
				"up": {"uv": [11, 4, 10, 2], "texture": "#4"},
				"down": {"uv": [4, 10, 3, 12], "texture": "#4"}
			}
		},
		{
			"from": [3.5, 14, 3],
			"to": [4.5, 16, 5],
			"rotation": {"angle": 0, "axis": "y", "origin": [4, 14, 3]},
			"faces": {
				"north": {"uv": [4, 10, 5, 12], "texture": "#4"},
				"east": {"uv": [6, 8, 8, 10], "texture": "#4"},
				"south": {"uv": [10, 4, 11, 6], "texture": "#4"},
				"west": {"uv": [8, 6, 10, 8], "texture": "#4"},
				"up": {"uv": [6, 12, 5, 10], "texture": "#4"},
				"down": {"uv": [7, 10, 6, 12], "texture": "#4"}
			}
		},
		{
			"from": [4, 15, 4],
			"to": [5, 17, 6],
			"rotation": {"angle": 0, "axis": "y", "origin": [4, 15, 4]},
			"faces": {
				"north": {"uv": [8, 8, 9, 10], "texture": "#4"},
				"east": {"uv": [0, 0, 2, 2], "texture": "#4"},
				"south": {"uv": [9, 8, 10, 10], "texture": "#4"},
				"west": {"uv": [0, 2, 2, 4], "texture": "#4"},
				"up": {"uv": [1, 12, 0, 10], "texture": "#4"},
				"down": {"uv": [11, 0, 10, 2], "texture": "#4"}
			}
		},
		{
			"from": [4, 16, 6],
			"to": [5, 17, 7],
			"rotation": {"angle": 0, "axis": "y", "origin": [4, 16, 6]},
			"faces": {
				"north": {"uv": [10, 6, 11, 7], "texture": "#4"},
				"east": {"uv": [7, 10, 8, 11], "texture": "#4"},
				"south": {"uv": [10, 7, 11, 8], "texture": "#4"},
				"west": {"uv": [8, 10, 9, 11], "texture": "#4"},
				"up": {"uv": [11, 9, 10, 8], "texture": "#4"},
				"down": {"uv": [10, 10, 9, 11], "texture": "#4"}
			}
		},
		{
			"from": [10, 7, 4],
			"to": [12, 9, 6],
			"rotation": {"angle": 0, "axis": "y", "origin": [12, 7, 4]},
			"faces": {
				"north": {"uv": [4, 0, 2, 2], "texture": "#4"},
				"east": {"uv": [6, 0, 4, 2], "texture": "#4"},
				"south": {"uv": [2, 4, 0, 6], "texture": "#4"},
				"west": {"uv": [4, 2, 2, 4], "texture": "#4"},
				"up": {"uv": [2, 6, 4, 4], "texture": "#4"},
				"down": {"uv": [4, 2, 6, 4], "texture": "#4"}
			}
		},
		{
			"from": [10.5, 8, 3],
			"to": [12.5, 10, 5],
			"rotation": {"angle": 0, "axis": "y", "origin": [13, 8, 3]},
			"faces": {
				"north": {"uv": [6, 4, 4, 6], "texture": "#4"},
				"east": {"uv": [4, 6, 2, 8], "texture": "#4"},
				"south": {"uv": [8, 0, 6, 2], "texture": "#4"},
				"west": {"uv": [2, 6, 0, 8], "texture": "#4"},
				"up": {"uv": [6, 4, 8, 2], "texture": "#4"},
				"down": {"uv": [4, 6, 6, 8], "texture": "#4"}
			}
		},
		{
			"from": [11, 10, 2],
			"to": [13, 12, 4],
			"rotation": {"angle": 0, "axis": "y", "origin": [12, 10, 2]},
			"faces": {
				"north": {"uv": [8, 4, 6, 6], "texture": "#4"},
				"east": {"uv": [10, 0, 8, 2], "texture": "#4"},
				"south": {"uv": [2, 8, 0, 10], "texture": "#4"},
				"west": {"uv": [8, 6, 6, 8], "texture": "#4"},
				"up": {"uv": [2, 10, 4, 8], "texture": "#4"},
				"down": {"uv": [8, 2, 10, 4], "texture": "#4"}
			}
		},
		{
			"from": [11.5, 12, 2],
			"to": [12.5, 14, 4],
			"rotation": {"angle": 0, "axis": "y", "origin": [13, 12, 2]},
			"faces": {
				"north": {"uv": [2, 10, 1, 12], "texture": "#4"},
				"east": {"uv": [10, 4, 8, 6], "texture": "#4"},
				"south": {"uv": [3, 10, 2, 12], "texture": "#4"},
				"west": {"uv": [6, 8, 4, 10], "texture": "#4"},
				"up": {"uv": [10, 4, 11, 2], "texture": "#4"},
				"down": {"uv": [3, 10, 4, 12], "texture": "#4"}
			}
		},
		{
			"from": [11.5, 14, 3],
			"to": [12.5, 16, 5],
			"rotation": {"angle": 0, "axis": "y", "origin": [12, 14, 3]},
			"faces": {
				"north": {"uv": [5, 10, 4, 12], "texture": "#4"},
				"east": {"uv": [10, 6, 8, 8], "texture": "#4"},
				"south": {"uv": [11, 4, 10, 6], "texture": "#4"},
				"west": {"uv": [8, 8, 6, 10], "texture": "#4"},
				"up": {"uv": [5, 12, 6, 10], "texture": "#4"},
				"down": {"uv": [6, 10, 7, 12], "texture": "#4"}
			}
		},
		{
			"from": [11, 15, 4],
			"to": [12, 17, 6],
			"rotation": {"angle": 0, "axis": "y", "origin": [12, 15, 4]},
			"faces": {
				"north": {"uv": [9, 8, 8, 10], "texture": "#4"},
				"east": {"uv": [2, 2, 0, 4], "texture": "#4"},
				"south": {"uv": [10, 8, 9, 10], "texture": "#4"},
				"west": {"uv": [2, 0, 0, 2], "texture": "#4"},
				"up": {"uv": [0, 12, 1, 10], "texture": "#4"},
				"down": {"uv": [10, 0, 11, 2], "texture": "#4"}
			}
		},
		{
			"from": [11, 16, 6],
			"to": [12, 17, 7],
			"rotation": {"angle": 0, "axis": "y", "origin": [12, 16, 6]},
			"faces": {
				"north": {"uv": [11, 6, 10, 7], "texture": "#4"},
				"east": {"uv": [9, 10, 8, 11], "texture": "#4"},
				"south": {"uv": [11, 7, 10, 8], "texture": "#4"},
				"west": {"uv": [8, 10, 7, 11], "texture": "#4"},
				"up": {"uv": [10, 9, 11, 8], "texture": "#4"},
				"down": {"uv": [9, 10, 10, 11], "texture": "#4"}
			}
		},
		{
			"from": [4, 7, 4],
			"to": [6, 11, 6],
			"rotation": {"angle": 0, "axis": "y", "origin": [4, 7, 4]},
			"faces": {
				"north": {"uv": [0, 0, 2, 4], "texture": "#2"},
				"east": {"uv": [2, 0, 4, 4], "texture": "#2"},
				"south": {"uv": [0, 4, 2, 8], "texture": "#2"},
				"west": {"uv": [4, 0, 6, 4], "texture": "#2"},
				"up": {"uv": [4, 10, 2, 8], "texture": "#2"},
				"down": {"uv": [10, 3, 8, 5], "texture": "#2"}
			}
		},
		{
			"from": [4, 10, 5],
			"to": [6, 14, 7],
			"rotation": {"angle": 0, "axis": "y", "origin": [4, 10, 5]},
			"faces": {
				"north": {"uv": [2, 4, 4, 8], "texture": "#2"},
				"east": {"uv": [4, 4, 6, 8], "texture": "#2"},
				"south": {"uv": [6, 0, 8, 4], "texture": "#2"},
				"west": {"uv": [6, 4, 8, 8], "texture": "#2"},
				"up": {"uv": [6, 10, 4, 8], "texture": "#2"},
				"down": {"uv": [10, 5, 8, 7], "texture": "#2"}
			}
		},
		{
			"from": [4, 13, 6],
			"to": [5, 16, 8],
			"rotation": {"angle": 0, "axis": "y", "origin": [4, 12, 6]},
			"faces": {
				"north": {"uv": [8, 9, 9, 12], "texture": "#2"},
				"east": {"uv": [0, 8, 2, 11], "texture": "#2"},
				"south": {"uv": [9, 9, 10, 12], "texture": "#2"},
				"west": {"uv": [8, 0, 10, 3], "texture": "#2"},
				"up": {"uv": [11, 2, 10, 0], "texture": "#2"},
				"down": {"uv": [3, 10, 2, 12], "texture": "#2"}
			}
		},
		{
			"from": [4, 15, 7],
			"to": [5, 17, 9],
			"rotation": {"angle": 0, "axis": "y", "origin": [4, 14, 7]},
			"faces": {
				"north": {"uv": [10, 2, 11, 4], "texture": "#2"},
				"east": {"uv": [6, 8, 8, 10], "texture": "#2"},
				"south": {"uv": [3, 10, 4, 12], "texture": "#2"},
				"west": {"uv": [8, 7, 10, 9], "texture": "#2"},
				"up": {"uv": [5, 12, 4, 10], "texture": "#2"},
				"down": {"uv": [11, 4, 10, 6], "texture": "#2"}
			}
		},
		{
			"from": [10, 7, 4],
			"to": [12, 11, 6],
			"rotation": {"angle": 0, "axis": "y", "origin": [12, 7, 4]},
			"faces": {
				"north": {"uv": [2, 0, 0, 4], "texture": "#2"},
				"east": {"uv": [6, 0, 4, 4], "texture": "#2"},
				"south": {"uv": [2, 4, 0, 8], "texture": "#2"},
				"west": {"uv": [4, 0, 2, 4], "texture": "#2"},
				"up": {"uv": [2, 10, 4, 8], "texture": "#2"},
				"down": {"uv": [8, 3, 10, 5], "texture": "#2"}
			}
		},
		{
			"from": [10, 10, 5],
			"to": [12, 14, 7],
			"rotation": {"angle": 0, "axis": "y", "origin": [12, 10, 5]},
			"faces": {
				"north": {"uv": [4, 4, 2, 8], "texture": "#2"},
				"east": {"uv": [8, 4, 6, 8], "texture": "#2"},
				"south": {"uv": [8, 0, 6, 4], "texture": "#2"},
				"west": {"uv": [6, 4, 4, 8], "texture": "#2"},
				"up": {"uv": [4, 10, 6, 8], "texture": "#2"},
				"down": {"uv": [8, 5, 10, 7], "texture": "#2"}
			}
		},
		{
			"from": [11, 13, 6],
			"to": [12, 16, 8],
			"rotation": {"angle": 0, "axis": "y", "origin": [12, 12, 6]},
			"faces": {
				"north": {"uv": [9, 9, 8, 12], "texture": "#2"},
				"east": {"uv": [10, 0, 8, 3], "texture": "#2"},
				"south": {"uv": [10, 9, 9, 12], "texture": "#2"},
				"west": {"uv": [2, 8, 0, 11], "texture": "#2"},
				"up": {"uv": [10, 2, 11, 0], "texture": "#2"},
				"down": {"uv": [2, 10, 3, 12], "texture": "#2"}
			}
		},
		{
			"from": [11, 15, 7],
			"to": [12, 17, 9],
			"rotation": {"angle": 0, "axis": "y", "origin": [12, 14, 7]},
			"faces": {
				"north": {"uv": [11, 2, 10, 4], "texture": "#2"},
				"east": {"uv": [10, 7, 8, 9], "texture": "#2"},
				"south": {"uv": [4, 10, 3, 12], "texture": "#2"},
				"west": {"uv": [8, 8, 6, 10], "texture": "#2"},
				"up": {"uv": [4, 12, 5, 10], "texture": "#2"},
				"down": {"uv": [10, 4, 11, 6], "texture": "#2"}
			}
		},
		{
			"from": [-1, 4, 7],
			"to": [3, 6, 8],
			"rotation": {"angle": 22.5, "axis": "y", "origin": [4, 3, 7]},
			"color": 7,
			"faces": {
				"north": {"uv": [0, 0, 8, 4], "texture": "#missing"},
				"east": {"uv": [0, 0, 2, 4], "texture": "#missing"},
				"south": {"uv": [0, 0, 8, 4], "texture": "#missing"},
				"west": {"uv": [0, 0, 2, 4], "texture": "#missing"},
				"up": {"uv": [0, 0, 8, 2], "texture": "#missing"},
				"down": {"uv": [0, 0, 8, 2], "texture": "#missing"}
			}
		},
		{
			"from": [2, 3, 7],
			"to": [4, 5, 8],
			"rotation": {"angle": 22.5, "axis": "y", "origin": [4, 4.75, 7]},
			"color": 7,
			"faces": {
				"north": {"uv": [0, 0, 4, 4], "texture": "#missing"},
				"east": {"uv": [0, 0, 2, 4], "texture": "#missing"},
				"south": {"uv": [0, 0, 4, 4], "texture": "#missing"},
				"west": {"uv": [0, 0, 2, 4], "texture": "#missing"},
				"up": {"uv": [0, 0, 4, 2], "texture": "#missing"},
				"down": {"uv": [0, 0, 4, 2], "texture": "#missing"}
			}
		},
		{
			"from": [-2, 5, 7],
			"to": [-1, 6, 8],
			"rotation": {"angle": 22.5, "axis": "y", "origin": [4, 4.75, 7]},
			"color": 3,
			"faces": {
				"north": {"uv": [0, 0, 2, 2], "texture": "#missing"},
				"east": {"uv": [0, 0, 2, 2], "texture": "#missing"},
				"south": {"uv": [0, 0, 2, 2], "texture": "#missing"},
				"west": {"uv": [0, 0, 2, 2], "texture": "#missing"},
				"up": {"uv": [0, 0, 2, 2], "texture": "#missing"},
				"down": {"uv": [0, 0, 2, 2], "texture": "#missing"}
			}
		},
		{
			"from": [13, 4, 7],
			"to": [17, 6, 8],
			"rotation": {"angle": -22.5, "axis": "y", "origin": [12, 3, 7]},
			"color": 7,
			"faces": {
				"north": {"uv": [0, 0, 8, 4], "texture": "#missing"},
				"east": {"uv": [0, 0, 2, 4], "texture": "#missing"},
				"south": {"uv": [0, 0, 8, 4], "texture": "#missing"},
				"west": {"uv": [0, 0, 2, 4], "texture": "#missing"},
				"up": {"uv": [0, 0, 8, 2], "texture": "#missing"},
				"down": {"uv": [0, 0, 8, 2], "texture": "#missing"}
			}
		},
		{
			"from": [12, 3, 7],
			"to": [14, 5, 8],
			"rotation": {"angle": -22.5, "axis": "y", "origin": [12, 3, 7]},
			"color": 7,
			"faces": {
				"north": {"uv": [0, 0, 4, 4], "texture": "#missing"},
				"east": {"uv": [0, 0, 2, 4], "texture": "#missing"},
				"south": {"uv": [0, 0, 4, 4], "texture": "#missing"},
				"west": {"uv": [0, 0, 2, 4], "texture": "#missing"},
				"up": {"uv": [0, 0, 4, 2], "texture": "#missing"},
				"down": {"uv": [0, 0, 4, 2], "texture": "#missing"}
			}
		},
		{
			"from": [17, 5, 7],
			"to": [18, 6, 8],
			"rotation": {"angle": -22.5, "axis": "y", "origin": [12, 3, 7]},
			"color": 3,
			"faces": {
				"north": {"uv": [0, 0, 2, 2], "texture": "#missing"},
				"east": {"uv": [0, 0, 2, 2], "texture": "#missing"},
				"south": {"uv": [0, 0, 2, 2], "texture": "#missing"},
				"west": {"uv": [0, 0, 2, 2], "texture": "#missing"},
				"up": {"uv": [0, 0, 2, 2], "texture": "#missing"},
				"down": {"uv": [0, 0, 2, 2], "texture": "#missing"}
			}
		},
		{
			"from": [0, 4, 7],
			"to": [3, 6, 8],
			"rotation": {"angle": 22.5, "axis": "y", "origin": [4, 3, 7]},
			"color": 7,
			"faces": {
				"north": {"uv": [0, 0, 6, 4], "texture": "#missing"},
				"east": {"uv": [0, 0, 2, 4], "texture": "#missing"},
				"south": {"uv": [0, 0, 6, 4], "texture": "#missing"},
				"west": {"uv": [0, 0, 2, 4], "texture": "#missing"},
				"up": {"uv": [0, 0, 6, 2], "texture": "#missing"},
				"down": {"uv": [0, 0, 6, 2], "texture": "#missing"}
			}
		},
		{
			"from": [2, 3, 7],
			"to": [4, 5, 8],
			"rotation": {"angle": 22.5, "axis": "y", "origin": [4, 4.75, 7]},
			"color": 7,
			"faces": {
				"north": {"uv": [0, 0, 4, 4], "texture": "#missing"},
				"east": {"uv": [0, 0, 2, 4], "texture": "#missing"},
				"south": {"uv": [0, 0, 4, 4], "texture": "#missing"},
				"west": {"uv": [0, 0, 2, 4], "texture": "#missing"},
				"up": {"uv": [0, 0, 4, 2], "texture": "#missing"},
				"down": {"uv": [0, 0, 4, 2], "texture": "#missing"}
			}
		},
		{
			"from": [-1, 5, 7],
			"to": [0, 6, 8],
			"rotation": {"angle": 22.5, "axis": "y", "origin": [4, 4.75, 7]},
			"color": 3,
			"faces": {
				"north": {"uv": [0, 0, 2, 2], "texture": "#missing"},
				"east": {"uv": [0, 0, 2, 2], "texture": "#missing"},
				"south": {"uv": [0, 0, 2, 2], "texture": "#missing"},
				"west": {"uv": [0, 0, 2, 2], "texture": "#missing"},
				"up": {"uv": [0, 0, 2, 2], "texture": "#missing"},
				"down": {"uv": [0, 0, 2, 2], "texture": "#missing"}
			}
		},
		{
			"from": [13, 4, 7],
			"to": [16, 6, 8],
			"rotation": {"angle": -22.5, "axis": "y", "origin": [12, 3, 7]},
			"color": 7,
			"faces": {
				"north": {"uv": [0, 0, 6, 4], "texture": "#missing"},
				"east": {"uv": [0, 0, 2, 4], "texture": "#missing"},
				"south": {"uv": [0, 0, 6, 4], "texture": "#missing"},
				"west": {"uv": [0, 0, 2, 4], "texture": "#missing"},
				"up": {"uv": [0, 0, 6, 2], "texture": "#missing"},
				"down": {"uv": [0, 0, 6, 2], "texture": "#missing"}
			}
		},
		{
			"from": [12, 3, 7],
			"to": [14, 5, 8],
			"rotation": {"angle": -22.5, "axis": "y", "origin": [12, 3, 7]},
			"color": 7,
			"faces": {
				"north": {"uv": [0, 0, 4, 4], "texture": "#missing"},
				"east": {"uv": [0, 0, 2, 4], "texture": "#missing"},
				"south": {"uv": [0, 0, 4, 4], "texture": "#missing"},
				"west": {"uv": [0, 0, 2, 4], "texture": "#missing"},
				"up": {"uv": [0, 0, 4, 2], "texture": "#missing"},
				"down": {"uv": [0, 0, 4, 2], "texture": "#missing"}
			}
		},
		{
			"from": [16, 5, 7],
			"to": [17, 6, 8],
			"rotation": {"angle": -22.5, "axis": "y", "origin": [12, 3, 7]},
			"color": 3,
			"faces": {
				"north": {"uv": [0, 0, 2, 2], "texture": "#missing"},
				"east": {"uv": [0, 0, 2, 2], "texture": "#missing"},
				"south": {"uv": [0, 0, 2, 2], "texture": "#missing"},
				"west": {"uv": [0, 0, 2, 2], "texture": "#missing"},
				"up": {"uv": [0, 0, 2, 2], "texture": "#missing"},
				"down": {"uv": [0, 0, 2, 2], "texture": "#missing"}
			}
		},
		{
			"from": [1, 4, 7],
			"to": [3, 6, 8],
			"rotation": {"angle": 22.5, "axis": "y", "origin": [4, 3, 7]},
			"color": 7,
			"faces": {
				"north": {"uv": [0, 0, 4, 4], "texture": "#missing"},
				"east": {"uv": [0, 0, 2, 4], "texture": "#missing"},
				"south": {"uv": [0, 0, 4, 4], "texture": "#missing"},
				"west": {"uv": [0, 0, 2, 4], "texture": "#missing"},
				"up": {"uv": [0, 0, 4, 2], "texture": "#missing"},
				"down": {"uv": [0, 0, 4, 2], "texture": "#missing"}
			}
		},
		{
			"from": [2, 3, 7],
			"to": [4, 5, 8],
			"rotation": {"angle": 22.5, "axis": "y", "origin": [4, 4.75, 7]},
			"color": 7,
			"faces": {
				"north": {"uv": [0, 0, 4, 4], "texture": "#missing"},
				"east": {"uv": [0, 0, 2, 4], "texture": "#missing"},
				"south": {"uv": [0, 0, 4, 4], "texture": "#missing"},
				"west": {"uv": [0, 0, 2, 4], "texture": "#missing"},
				"up": {"uv": [0, 0, 4, 2], "texture": "#missing"},
				"down": {"uv": [0, 0, 4, 2], "texture": "#missing"}
			}
		},
		{
			"from": [0, 5, 7],
			"to": [1, 6, 8],
			"rotation": {"angle": 22.5, "axis": "y", "origin": [4, 4.75, 7]},
			"color": 3,
			"faces": {
				"north": {"uv": [0, 0, 2, 2], "texture": "#missing"},
				"east": {"uv": [0, 0, 2, 2], "texture": "#missing"},
				"south": {"uv": [0, 0, 2, 2], "texture": "#missing"},
				"west": {"uv": [0, 0, 2, 2], "texture": "#missing"},
				"up": {"uv": [0, 0, 2, 2], "texture": "#missing"},
				"down": {"uv": [0, 0, 2, 2], "texture": "#missing"}
			}
		},
		{
			"from": [13, 4, 7],
			"to": [15, 6, 8],
			"rotation": {"angle": -22.5, "axis": "y", "origin": [12, 3, 7]},
			"color": 7,
			"faces": {
				"north": {"uv": [0, 0, 4, 4], "texture": "#missing"},
				"east": {"uv": [0, 0, 2, 4], "texture": "#missing"},
				"south": {"uv": [0, 0, 4, 4], "texture": "#missing"},
				"west": {"uv": [0, 0, 2, 4], "texture": "#missing"},
				"up": {"uv": [0, 0, 4, 2], "texture": "#missing"},
				"down": {"uv": [0, 0, 4, 2], "texture": "#missing"}
			}
		},
		{
			"from": [12, 3, 7],
			"to": [14, 5, 8],
			"rotation": {"angle": -22.5, "axis": "y", "origin": [12, 3, 7]},
			"color": 7,
			"faces": {
				"north": {"uv": [0, 0, 4, 4], "texture": "#missing"},
				"east": {"uv": [0, 0, 2, 4], "texture": "#missing"},
				"south": {"uv": [0, 0, 4, 4], "texture": "#missing"},
				"west": {"uv": [0, 0, 2, 4], "texture": "#missing"},
				"up": {"uv": [0, 0, 4, 2], "texture": "#missing"},
				"down": {"uv": [0, 0, 4, 2], "texture": "#missing"}
			}
		},
		{
			"from": [15, 5, 7],
			"to": [16, 6, 8],
			"rotation": {"angle": -22.5, "axis": "y", "origin": [12, 3, 7]},
			"color": 3,
			"faces": {
				"north": {"uv": [0, 0, 2, 2], "texture": "#missing"},
				"east": {"uv": [0, 0, 2, 2], "texture": "#missing"},
				"south": {"uv": [0, 0, 2, 2], "texture": "#missing"},
				"west": {"uv": [0, 0, 2, 2], "texture": "#missing"},
				"up": {"uv": [0, 0, 2, 2], "texture": "#missing"},
				"down": {"uv": [0, 0, 2, 2], "texture": "#missing"}
			}
		},
		{
			"from": [1, 4, 7],
			"to": [3, 6, 8],
			"rotation": {"angle": 22.5, "axis": "y", "origin": [4, 3, 7]},
			"color": 7,
			"faces": {
				"north": {"uv": [0, 0, 4, 4], "texture": "#missing"},
				"east": {"uv": [0, 0, 2, 4], "texture": "#missing"},
				"south": {"uv": [0, 0, 4, 4], "texture": "#missing"},
				"west": {"uv": [0, 0, 2, 4], "texture": "#missing"},
				"up": {"uv": [0, 0, 4, 2], "texture": "#missing"},
				"down": {"uv": [0, 0, 4, 2], "texture": "#missing"}
			}
		},
		{
			"from": [2, 3, 7],
			"to": [4, 5, 8],
			"rotation": {"angle": 22.5, "axis": "y", "origin": [4, 4.75, 7]},
			"color": 7,
			"faces": {
				"north": {"uv": [0, 0, 4, 4], "texture": "#missing"},
				"east": {"uv": [0, 0, 2, 4], "texture": "#missing"},
				"south": {"uv": [0, 0, 4, 4], "texture": "#missing"},
				"west": {"uv": [0, 0, 2, 4], "texture": "#missing"},
				"up": {"uv": [0, 0, 4, 2], "texture": "#missing"},
				"down": {"uv": [0, 0, 4, 2], "texture": "#missing"}
			}
		},
		{
			"from": [1, 6, 7],
			"to": [2, 7, 8],
			"rotation": {"angle": 22.5, "axis": "y", "origin": [4, 4.75, 7]},
			"color": 3,
			"faces": {
				"north": {"uv": [0, 0, 2, 2], "texture": "#missing"},
				"east": {"uv": [0, 0, 2, 2], "texture": "#missing"},
				"south": {"uv": [0, 0, 2, 2], "texture": "#missing"},
				"west": {"uv": [0, 0, 2, 2], "texture": "#missing"},
				"up": {"uv": [0, 0, 2, 2], "texture": "#missing"},
				"down": {"uv": [0, 0, 2, 2], "texture": "#missing"}
			}
		},
		{
			"from": [13, 4, 7],
			"to": [15, 6, 8],
			"rotation": {"angle": -22.5, "axis": "y", "origin": [12, 3, 7]},
			"color": 7,
			"faces": {
				"north": {"uv": [0, 0, 4, 4], "texture": "#missing"},
				"east": {"uv": [0, 0, 2, 4], "texture": "#missing"},
				"south": {"uv": [0, 0, 4, 4], "texture": "#missing"},
				"west": {"uv": [0, 0, 2, 4], "texture": "#missing"},
				"up": {"uv": [0, 0, 4, 2], "texture": "#missing"},
				"down": {"uv": [0, 0, 4, 2], "texture": "#missing"}
			}
		},
		{
			"from": [12, 3, 7],
			"to": [14, 5, 8],
			"rotation": {"angle": -22.5, "axis": "y", "origin": [12, 3, 7]},
			"color": 7,
			"faces": {
				"north": {"uv": [0, 0, 4, 4], "texture": "#missing"},
				"east": {"uv": [0, 0, 2, 4], "texture": "#missing"},
				"south": {"uv": [0, 0, 4, 4], "texture": "#missing"},
				"west": {"uv": [0, 0, 2, 4], "texture": "#missing"},
				"up": {"uv": [0, 0, 4, 2], "texture": "#missing"},
				"down": {"uv": [0, 0, 4, 2], "texture": "#missing"}
			}
		},
		{
			"from": [14, 6, 7],
			"to": [15, 7, 8],
			"rotation": {"angle": -22.5, "axis": "y", "origin": [12, 3, 7]},
			"color": 3,
			"faces": {
				"north": {"uv": [0, 0, 2, 2], "texture": "#missing"},
				"east": {"uv": [0, 0, 2, 2], "texture": "#missing"},
				"south": {"uv": [0, 0, 2, 2], "texture": "#missing"},
				"west": {"uv": [0, 0, 2, 2], "texture": "#missing"},
				"up": {"uv": [0, 0, 2, 2], "texture": "#missing"},
				"down": {"uv": [0, 0, 2, 2], "texture": "#missing"}
			}
		},
		{
			"from": [4, 4, 8],
			"to": [5, 6, 10],
			"rotation": {"angle": -22.5, "axis": "y", "origin": [4, 3, 7]},
			"color": 7,
			"faces": {
				"north": {"uv": [0, 0, 2, 4], "texture": "#missing"},
				"east": {"uv": [0, 0, 4, 4], "texture": "#missing"},
				"south": {"uv": [0, 0, 2, 4], "texture": "#missing"},
				"west": {"uv": [0, 0, 4, 4], "texture": "#missing"},
				"up": {"uv": [0, 0, 4, 2], "rotation": 270, "texture": "#missing"},
				"down": {"uv": [0, 0, 4, 2], "rotation": 90, "texture": "#missing"}
			}
		},
		{
			"from": [4, 3, 7],
			"to": [5, 5, 9],
			"rotation": {"angle": -22.5, "axis": "y", "origin": [4, 4.75, 7]},
			"color": 7,
			"faces": {
				"north": {"uv": [0, 0, 2, 4], "texture": "#missing"},
				"east": {"uv": [0, 0, 4, 4], "texture": "#missing"},
				"south": {"uv": [0, 0, 2, 4], "texture": "#missing"},
				"west": {"uv": [0, 0, 4, 4], "texture": "#missing"},
				"up": {"uv": [0, 0, 4, 2], "rotation": 270, "texture": "#missing"},
				"down": {"uv": [0, 0, 4, 2], "rotation": 90, "texture": "#missing"}
			}
		},
		{
			"from": [4, 6, 9],
			"to": [5, 7, 10],
			"rotation": {"angle": -22.5, "axis": "y", "origin": [4, 4.75, 7]},
			"color": 3,
			"faces": {
				"north": {"uv": [0, 0, 2, 2], "texture": "#missing"},
				"east": {"uv": [0, 0, 2, 2], "texture": "#missing"},
				"south": {"uv": [0, 0, 2, 2], "texture": "#missing"},
				"west": {"uv": [0, 0, 2, 2], "texture": "#missing"},
				"up": {"uv": [0, 0, 2, 2], "rotation": 270, "texture": "#missing"},
				"down": {"uv": [0, 0, 2, 2], "rotation": 90, "texture": "#missing"}
			}
		},
		{
			"from": [11, 4, 8],
			"to": [12, 6, 10],
			"rotation": {"angle": 22.5, "axis": "y", "origin": [12, 3, 7]},
			"color": 7,
			"faces": {
				"north": {"uv": [0, 0, 2, 4], "texture": "#missing"},
				"east": {"uv": [0, 0, 4, 4], "texture": "#missing"},
				"south": {"uv": [0, 0, 2, 4], "texture": "#missing"},
				"west": {"uv": [0, 0, 4, 4], "texture": "#missing"},
				"up": {"uv": [0, 0, 4, 2], "rotation": 90, "texture": "#missing"},
				"down": {"uv": [0, 0, 4, 2], "rotation": 270, "texture": "#missing"}
			}
		},
		{
			"from": [11, 3, 7],
			"to": [12, 5, 9],
			"rotation": {"angle": 22.5, "axis": "y", "origin": [12, 3, 7]},
			"color": 7,
			"faces": {
				"north": {"uv": [0, 0, 2, 4], "texture": "#missing"},
				"east": {"uv": [0, 0, 4, 4], "texture": "#missing"},
				"south": {"uv": [0, 0, 2, 4], "texture": "#missing"},
				"west": {"uv": [0, 0, 4, 4], "texture": "#missing"},
				"up": {"uv": [0, 0, 4, 2], "rotation": 90, "texture": "#missing"},
				"down": {"uv": [0, 0, 4, 2], "rotation": 270, "texture": "#missing"}
			}
		},
		{
			"from": [11, 6, 9],
			"to": [12, 7, 10],
			"rotation": {"angle": 22.5, "axis": "y", "origin": [12, 3, 7]},
			"color": 3,
			"faces": {
				"north": {"uv": [0, 0, 2, 2], "texture": "#missing"},
				"east": {"uv": [0, 0, 2, 2], "texture": "#missing"},
				"south": {"uv": [0, 0, 2, 2], "texture": "#missing"},
				"west": {"uv": [0, 0, 2, 2], "texture": "#missing"},
				"up": {"uv": [0, 0, 2, 2], "rotation": 90, "texture": "#missing"},
				"down": {"uv": [0, 0, 2, 2], "rotation": 270, "texture": "#missing"}
			}
		},
		{
			"from": [4, 8, 5],
			"to": [6, 10, 7],
			"rotation": {"angle": 0, "axis": "y", "origin": [4, 8, 5]},
			"color": 0,
			"faces": {
				"north": {"uv": [0, 0, 4, 4], "texture": "#missing"},
				"east": {"uv": [0, 0, 4, 4], "texture": "#missing"},
				"south": {"uv": [0, 0, 4, 4], "texture": "#missing"},
				"west": {"uv": [0, 0, 4, 4], "texture": "#missing"},
				"up": {"uv": [0, 0, 4, 4], "texture": "#missing"},
				"down": {"uv": [0, 0, 4, 4], "texture": "#missing"}
			}
		},
		{
			"from": [10, 8, 5],
			"to": [12, 10, 7],
			"rotation": {"angle": 0, "axis": "y", "origin": [10, 8, 5]},
			"color": 0,
			"faces": {
				"north": {"uv": [0, 0, 4, 4], "texture": "#missing"},
				"east": {"uv": [0, 0, 4, 4], "texture": "#missing"},
				"south": {"uv": [0, 0, 4, 4], "texture": "#missing"},
				"west": {"uv": [0, 0, 4, 4], "texture": "#missing"},
				"up": {"uv": [0, 0, 4, 4], "texture": "#missing"},
				"down": {"uv": [0, 0, 4, 4], "texture": "#missing"}
			}
		},
		{
			"from": [1, 2, 2],
			"to": [8, 5, 2],
			"rotation": {"angle": -22.5, "axis": "y", "origin": [8, 9.5, 2]},
			"faces": {
				"north": {"uv": [0.5, 4.5, 6.5, 9], "texture": "#missing"},
				"east": {"uv": [0, 0, 0, 3.5], "texture": "#missing"},
				"south": {"uv": [6.5, 4.5, 0.5, 9], "texture": "#missing"},
				"west": {"uv": [0, 0, 0, 3.5], "texture": "#missing"},
				"up": {"uv": [0, 0, 4, 0], "texture": "#missing"},
				"down": {"uv": [0, 0, 4, 0], "texture": "#missing"}
			}
		},
		{
			"from": [8, 2, 2],
			"to": [15, 5, 2],
			"rotation": {"angle": 22.5, "axis": "y", "origin": [8, 9.5, 2]},
			"faces": {
				"north": {"uv": [6.5, 4.5, 0.5, 9], "texture": "#missing"},
				"east": {"uv": [0, 0, 0, 3.5], "texture": "#missing"},
				"south": {"uv": [0.5, 4.5, 6.5, 9], "texture": "#missing"},
				"west": {"uv": [0, 0, 0, 3.5], "texture": "#missing"},
				"up": {"uv": [0, 0, 4, 0], "texture": "#missing"},
				"down": {"uv": [0, 0, 4, 0], "texture": "#missing"}
			}
		},
		{
			"from": [4, 9, 6],
			"to": [7, 12.5, 6],
			"rotation": {"angle": 22.5, "axis": "y", "origin": [3, 8, 6]},
			"faces": {
				"north": {"uv": [0.5, 0.5, 3.5, 4], "texture": "#missing"},
				"east": {"uv": [0.5, 0.5, 0.5, 4], "texture": "#missing"},
				"south": {"uv": [3.5, 0.5, 6.5, 4], "texture": "#missing"},
				"west": {"uv": [3.5, 0.5, 3.5, 4], "texture": "#missing"},
				"up": {"uv": [3.5, 0.5, 0.5, 0.5], "texture": "#missing"},
				"down": {"uv": [6.5, 0.5, 3.5, 0.5], "texture": "#missing"}
			}
		},
		{
			"from": [10, 8.5, 6],
			"to": [13, 12, 6],
			"rotation": {"angle": -22.5, "axis": "y", "origin": [15, 8, 6]},
			"faces": {
				"north": {"uv": [3.5, 0.5, 0.5, 4], "texture": "#missing"},
				"east": {"uv": [0, 0, 0, 3.5], "texture": "#missing"},
				"south": {"uv": [6.5, 0.5, 3.5, 4], "texture": "#missing"},
				"west": {"uv": [3, 0, 3, 3.5], "texture": "#missing"},
				"up": {"uv": [3, 0, 0, 0], "texture": "#missing"},
				"down": {"uv": [6, 0, 3, 0], "texture": "#missing"}
			}
		}
	],
	"display": {
		"head": {
			"translation": [0, 6.4001, 0],
			"scale": [1.599, 1.599, 1.599]
		}
	},
	"groups": [
		0,
		1,
		{
			"name": "rabbit",
			"origin": [8, 8, 8],
			"color": 0,
			"children": [
				{
					"name": "ear1",
					"origin": [3, 13, 4],
					"color": 0,
					"children": [2, 3]
				},
				{
					"name": "ear2",
					"origin": [3, 13, 4],
					"color": 0,
					"children": [4, 5]
				}
			]
		},
		{
			"name": "group",
			"origin": [3, 13, 4],
			"color": 0,
			"children": [6, 7]
		},
		{
			"name": "group",
			"origin": [3, 13, 4],
			"color": 0,
			"children": [8, 9]
		},
		{
			"name": "group",
			"origin": [4, 16, 4],
			"color": 0,
			"children": [
				{
					"name": "group",
					"origin": [4, 16, 4],
					"color": 0,
					"children": [10, 11, 12, 13, 14, 15, 16]
				},
				{
					"name": "group",
					"origin": [4, 16, 4],
					"color": 0,
					"children": [17, 18, 19, 20, 21, 22, 23]
				}
			]
		},
		{
			"name": "group",
			"origin": [2, 3, 5],
			"color": 0,
			"children": [
				{
					"name": "group",
					"origin": [4, 7, 4],
					"color": 0,
					"children": [24, 25, 26, 27]
				},
				{
					"name": "group",
					"origin": [4, 7, 4],
					"color": 0,
					"children": [28, 29, 30, 31]
				}
			]
		},
		{
			"name": "group",
			"origin": [1, 5, 6],
			"color": 7,
			"children": [
				{
					"name": "group",
					"origin": [1, 5, 6],
					"color": 0,
					"children": [32, 33, 34]
				},
				{
					"name": "group",
					"origin": [1, 5, 6],
					"color": 0,
					"children": [35, 36, 37]
				}
			]
		},
		{
			"name": "group",
			"origin": [1, 5, 6],
			"color": 7,
			"children": [
				{
					"name": "group",
					"origin": [1, 5, 6],
					"color": 0,
					"children": [38, 39, 40]
				},
				{
					"name": "group",
					"origin": [1, 5, 6],
					"color": 0,
					"children": [41, 42, 43]
				}
			]
		},
		{
			"name": "group",
			"origin": [1, 5, 6],
			"color": 7,
			"children": [
				{
					"name": "group",
					"origin": [1, 5, 6],
					"color": 0,
					"children": [44, 45, 46]
				},
				{
					"name": "group",
					"origin": [1, 5, 6],
					"color": 0,
					"children": [47, 48, 49]
				}
			]
		},
		{
			"name": "group",
			"origin": [1, 5, 6],
			"color": 7,
			"children": [
				{
					"name": "group",
					"origin": [1, 5, 6],
					"color": 0,
					"children": [50, 51, 52]
				},
				{
					"name": "group",
					"origin": [1, 5, 6],
					"color": 0,
					"children": [53, 54, 55]
				}
			]
		},
		{
			"name": "group",
			"origin": [1, 5, 6],
			"color": 7,
			"children": [
				{
					"name": "group",
					"origin": [1, 5, 6],
					"color": 0,
					"children": [56, 57, 58]
				},
				{
					"name": "group",
					"origin": [1, 5, 6],
					"color": 0,
					"children": [59, 60, 61]
				}
			]
		},
		62,
		63,
		{
			"name": "group",
			"origin": [1, 12, 9],
			"color": 0,
			"children": [
				{
					"name": "group",
					"origin": [8, 6.5, 1],
					"color": 0,
					"children": [64, 65]
				},
				{
					"name": "group",
					"origin": [15, 12, 9],
					"color": 0,
					"children": [66, 67]
				}
			]
		}
	]
}