{
	"credit": "Made with Blockbench",
	"textures": {
		"1": "wandering_hat_creator:custom/ears_piece/kitty"
	},
	"elements": [
		{
			"from": [14, 15, 6],
			"to": [16, 20, 7],
			"rotation": {"angle": -22.5, "axis": "y", "origin": [15, 12, 6]},
			"faces": {
				"north": {"uv": [5, 0, 7, 5], "texture": "#1", "tintindex": 0},
				"east": {"uv": [0, 6, 1, 11], "texture": "#1", "tintindex": 0},
				"south": {"uv": [5, 5, 7, 10], "texture": "#1", "tintindex": 0},
				"west": {"uv": [1, 6, 2, 11], "texture": "#1", "tintindex": 0},
				"up": {"uv": [10, 6, 8, 5], "texture": "#1", "tintindex": 0},
				"down": {"uv": [10, 6, 8, 7], "texture": "#1", "tintindex": 0}
			}
		},
		{
			"from": [13, 16, 6],
			"to": [14, 19, 7],
			"rotation": {"angle": -22.5, "axis": "y", "origin": [15, 15, 6]},
			"faces": {
				"north": {"uv": [2, 6, 3, 9], "texture": "#1", "tintindex": 0},
				"east": {"uv": [3, 6, 4, 9], "texture": "#1"},
				"south": {"uv": [4, 6, 5, 9], "texture": "#1", "tintindex": 0},
				"west": {"uv": [7, 2, 8, 5], "texture": "#1", "tintindex": 0},
				"up": {"uv": [4, 10, 3, 9], "texture": "#1", "tintindex": 0},
				"down": {"uv": [5, 9, 4, 10], "texture": "#1"}
			}
		},
		{
			"from": [12, 16, 6],
			"to": [13, 18, 7],
			"rotation": {"angle": -22.5, "axis": "y", "origin": [15, 15, 6]},
			"faces": {
				"north": {"uv": [7, 8, 8, 10], "texture": "#1", "tintindex": 0},
				"east": {"uv": [8, 7, 9, 9], "texture": "#1"},
				"south": {"uv": [2, 9, 3, 11], "texture": "#1", "tintindex": 0},
				"west": {"uv": [9, 2, 10, 4], "texture": "#1", "tintindex": 0},
				"up": {"uv": [10, 5, 9, 4], "texture": "#1", "tintindex": 0},
				"down": {"uv": [10, 7, 9, 8], "texture": "#1"}
			}
		},
		{
			"from": [11, 16, 6],
			"to": [12, 17, 7],
			"rotation": {"angle": -22.5, "axis": "y", "origin": [15, 15, 6]},
			"faces": {
				"north": {"uv": [8, 9, 9, 10], "texture": "#1", "tintindex": 0},
				"east": {"uv": [9, 8, 10, 9], "texture": "#1"},
				"south": {"uv": [9, 9, 10, 10], "texture": "#1", "tintindex": 0},
				"west": {"uv": [10, 2, 11, 3], "texture": "#1", "tintindex": 0},
				"up": {"uv": [4, 11, 3, 10], "texture": "#1", "tintindex": 0},
				"down": {"uv": [11, 3, 10, 4], "texture": "#1"}
			}
		},
		{
			"from": [10, 13, 6],
			"to": [15, 16, 7],
			"rotation": {"angle": -22.5, "axis": "y", "origin": [15, 12, 6]},
			"faces": {
				"north": {"uv": [0, 0, 5, 3], "texture": "#1", "tintindex": 0},
				"east": {"uv": [7, 5, 8, 8], "texture": "#1", "tintindex": 0},
				"south": {"uv": [0, 3, 5, 6], "texture": "#1", "tintindex": 0},
				"west": {"uv": [8, 2, 9, 5], "texture": "#1", "tintindex": 0},
				"up": {"uv": [12, 1, 7, 0], "texture": "#1", "tintindex": 0},
				"down": {"uv": [12, 1, 7, 2], "texture": "#1", "tintindex": 0}
			}
		},
		{
			"from": [0, 15, 6],
			"to": [2, 20, 7],
			"rotation": {"angle": 22.5, "axis": "y", "origin": [1, 12, 6]},
			"faces": {
				"north": {"uv": [7, 0, 5, 5], "texture": "#1", "tintindex": 0},
				"east": {"uv": [2, 6, 1, 11], "texture": "#1", "tintindex": 0},
				"south": {"uv": [7, 5, 5, 10], "texture": "#1", "tintindex": 0},
				"west": {"uv": [1, 6, 0, 11], "texture": "#1", "tintindex": 0},
				"up": {"uv": [8, 6, 10, 5], "texture": "#1", "tintindex": 0},
				"down": {"uv": [8, 6, 10, 7], "texture": "#1", "tintindex": 0}
			}
		},
		{
			"from": [2, 16, 6],
			"to": [3, 19, 7],
			"rotation": {"angle": 22.5, "axis": "y", "origin": [1, 15, 6]},
			"faces": {
				"north": {"uv": [3, 6, 2, 9], "texture": "#1", "tintindex": 0},
				"east": {"uv": [8, 2, 7, 5], "texture": "#1", "tintindex": 0},
				"south": {"uv": [5, 6, 4, 9], "texture": "#1", "tintindex": 0},
				"west": {"uv": [4, 6, 3, 9], "texture": "#1"},
				"up": {"uv": [3, 10, 4, 9], "texture": "#1", "tintindex": 0},
				"down": {"uv": [4, 9, 5, 10], "texture": "#1"}
			}
		},
		{
			"from": [3, 16, 6],
			"to": [4, 18, 7],
			"rotation": {"angle": 22.5, "axis": "y", "origin": [1, 15, 6]},
			"faces": {
				"north": {"uv": [8, 8, 7, 10], "texture": "#1", "tintindex": 0},
				"east": {"uv": [10, 2, 9, 4], "texture": "#1", "tintindex": 0},
				"south": {"uv": [3, 9, 2, 11], "texture": "#1", "tintindex": 0},
				"west": {"uv": [9, 7, 8, 9], "texture": "#1"},
				"up": {"uv": [9, 5, 10, 4], "texture": "#1", "tintindex": 0},
				"down": {"uv": [9, 7, 10, 8], "texture": "#1"}
			}
		},
		{
			"from": [4, 16, 6],
			"to": [5, 17, 7],
			"rotation": {"angle": 22.5, "axis": "y", "origin": [1, 15, 6]},
			"faces": {
				"north": {"uv": [9, 9, 8, 10], "texture": "#1", "tintindex": 0},
				"east": {"uv": [11, 2, 10, 3], "texture": "#1", "tintindex": 0},
				"south": {"uv": [10, 9, 9, 10], "texture": "#1", "tintindex": 0},
				"west": {"uv": [10, 8, 9, 9], "texture": "#1"},
				"up": {"uv": [3, 11, 4, 10], "texture": "#1", "tintindex": 0},
				"down": {"uv": [10, 3, 11, 4], "texture": "#1"}
			}
		},
		{
			"from": [1, 13, 6],
			"to": [6, 16, 7],
			"rotation": {"angle": 22.5, "axis": "y", "origin": [1, 12, 6]},
			"faces": {
				"north": {"uv": [5, 0, 0, 3], "texture": "#1", "tintindex": 0},
				"east": {"uv": [9, 2, 8, 5], "texture": "#1", "tintindex": 0},
				"south": {"uv": [5, 3, 0, 6], "texture": "#1", "tintindex": 0},
				"west": {"uv": [8, 5, 7, 8], "texture": "#1", "tintindex": 0},
				"up": {"uv": [7, 1, 12, 0], "texture": "#1", "tintindex": 0},
				"down": {"uv": [7, 1, 12, 2], "texture": "#1", "tintindex": 0}
			}
		}
	],
	"display": {
		"head": {
			"translation": [0, 1, 0],
			"scale": [1.08, 1.08, 1.08]
		}
	},
	"groups": [
		{
			"name": "group",
			"origin": [15, 12, 6],
			"color": 0,
			"children": [0, 1, 2, 3, 4]
		},
		{
			"name": "group",
			"origin": [15, 12, 6],
			"color": 0,
			"children": [5, 6, 7, 8, 9]
		}
	]
}