{
	"credit": "Made with Blockbench",
	"textures": {
		"0": "wandering_hat_creator:custom/ears_piece/large_horizontal"
	},
	"elements": [
		{
			"from": [-1, 11, 7],
			"to": [4, 12, 8],
			"rotation": {"angle": 0, "axis": "y", "origin": [2, 11, 6]},
			"faces": {
				"north": {"uv": [3, 0, 8, 1], "texture": "#0", "tintindex": 0},
				"east": {"uv": [9, 4, 10, 5], "texture": "#0", "tintindex": 0},
				"south": {"uv": [10, 11, 16, 12], "texture": "#0", "tintindex": 0},
				"west": {"uv": [0, 4, 1, 5], "texture": "#0", "tintindex": 0},
				"up": {"uv": [3, 0, 8, 1], "texture": "#0", "tintindex": 0},
				"down": {"uv": [10, 0, 15, 1], "texture": "#0", "tintindex": 0}
			}
		},
		{
			"from": [-2, 7, 8],
			"to": [4, 12, 9],
			"rotation": {"angle": 0, "axis": "y", "origin": [2, 10, 8]},
			"faces": {
				"north": {"uv": [10, 4, 16, 9], "texture": "#0", "tintindex": 0},
				"east": {"uv": [8, 4, 9, 9], "texture": "#0", "tintindex": 0},
				"south": {"uv": [2, 4, 8, 9], "texture": "#0", "tintindex": 0},
				"west": {"uv": [1, 4, 2, 9], "texture": "#0", "tintindex": 0},
				"up": {"uv": [2, 1, 8, 2], "texture": "#0", "tintindex": 0},
				"down": {"uv": [2, 15, 8, 16], "texture": "#0", "tintindex": 0}
			}
		},
		{
			"from": [-1, 6, 8],
			"to": [4, 7, 9],
			"rotation": {"angle": 0, "axis": "y", "origin": [0, 5, 1]},
			"faces": {
				"north": {"uv": [10, 9, 15, 10], "texture": "#0", "tintindex": 0},
				"east": {"uv": [8, 9, 9, 10], "texture": "#0", "tintindex": 0},
				"south": {"uv": [3, 9, 8, 10], "texture": "#0", "tintindex": 0},
				"west": {"uv": [1, 9, 2, 10], "texture": "#0", "tintindex": 0},
				"up": {"uv": [10, 11, 15, 12], "texture": "#0", "tintindex": 0},
				"down": {"uv": [3, 15, 8, 16], "texture": "#0", "tintindex": 0}
			}
		},
		{
			"from": [1, 5, 8],
			"to": [4, 6, 9],
			"rotation": {"angle": 0, "axis": "y", "origin": [0, 4, 1]},
			"faces": {
				"north": {"uv": [10, 10, 15, 11], "texture": "#0", "tintindex": 0},
				"east": {"uv": [8, 10, 9, 11], "texture": "#0", "tintindex": 0},
				"south": {"uv": [5, 10, 8, 11], "texture": "#0", "tintindex": 0},
				"west": {"uv": [1, 10, 2, 11], "texture": "#0", "tintindex": 0},
				"up": {"uv": [10, 11, 15, 12], "texture": "#0", "tintindex": 0},
				"down": {"uv": [5, 15, 8, 16], "texture": "#0", "tintindex": 0}
			}
		},
		{
			"from": [12, 11, 7],
			"to": [17, 12, 8],
			"rotation": {"angle": 0, "axis": "y", "origin": [14, 11, 6]},
			"faces": {
				"north": {"uv": [8, 0, 3, 1], "texture": "#0", "tintindex": 0},
				"east": {"uv": [1, 4, 0, 5], "texture": "#0", "tintindex": 0},
				"south": {"uv": [16, 11, 10, 12], "texture": "#0", "tintindex": 0},
				"west": {"uv": [10, 4, 9, 5], "texture": "#0", "tintindex": 0},
				"up": {"uv": [8, 0, 3, 1], "texture": "#0", "tintindex": 0},
				"down": {"uv": [15, 0, 10, 1], "texture": "#0", "tintindex": 0}
			}
		},
		{
			"from": [12, 7, 8],
			"to": [18, 12, 9],
			"rotation": {"angle": 0, "axis": "y", "origin": [14, 10, 8]},
			"faces": {
				"north": {"uv": [16, 4, 10, 9], "texture": "#0", "tintindex": 0},
				"east": {"uv": [2, 4, 1, 9], "texture": "#0", "tintindex": 0},
				"south": {"uv": [8, 4, 2, 9], "texture": "#0", "tintindex": 0},
				"west": {"uv": [9, 4, 8, 9], "texture": "#0", "tintindex": 0},
				"up": {"uv": [8, 1, 2, 2], "texture": "#0", "tintindex": 0},
				"down": {"uv": [8, 15, 2, 16], "texture": "#0", "tintindex": 0}
			}
		},
		{
			"from": [12, 6, 8],
			"to": [17, 7, 9],
			"rotation": {"angle": 0, "axis": "y", "origin": [16, 5, 1]},
			"faces": {
				"north": {"uv": [15, 9, 10, 10], "texture": "#0", "tintindex": 0},
				"east": {"uv": [2, 9, 1, 10], "texture": "#0", "tintindex": 0},
				"south": {"uv": [8, 9, 3, 10], "texture": "#0", "tintindex": 0},
				"west": {"uv": [9, 9, 8, 10], "texture": "#0", "tintindex": 0},
				"up": {"uv": [15, 11, 10, 12], "texture": "#0", "tintindex": 0},
				"down": {"uv": [8, 15, 3, 16], "texture": "#0", "tintindex": 0}
			}
		},
		{
			"from": [12, 5, 8],
			"to": [15, 6, 9],
			"rotation": {"angle": 0, "axis": "y", "origin": [16, 4, 1]},
			"faces": {
				"north": {"uv": [15, 10, 10, 11], "texture": "#0", "tintindex": 0},
				"east": {"uv": [2, 10, 1, 11], "texture": "#0", "tintindex": 0},
				"south": {"uv": [8, 10, 5, 11], "texture": "#0", "tintindex": 0},
				"west": {"uv": [9, 10, 8, 11], "texture": "#0", "tintindex": 0},
				"up": {"uv": [15, 11, 10, 12], "texture": "#0", "tintindex": 0},
				"down": {"uv": [8, 15, 5, 16], "texture": "#0", "tintindex": 0}
			}
		}
	],
	"display": {
		"head": {
			"scale": [1.6, 1.6, 1.6]
		}
	}
}