{
	"credit": "Made with Blockbench",
	"texture_size": [32, 32],
	"textures": {
		"0": "wandering_hat_creator:custom/ears_piece/long_vertical_horizontal_tip"
	},
	"elements": [
		{
			"from": [4.01, 7.01, 6.01],
			"to": [5.99, 17.99, 6.99],
			"rotation": {"angle": 0, "axis": "y", "origin": [4, 16, 6]},
			"faces": {
				"north": {"uv": [4, 1, 6, 12], "texture": "#0", "tintindex": 0},
				"east": {"uv": [2, 0, 3, 11], "texture": "#0", "tintindex": 0},
				"south": {"uv": [0, 0, 2, 11], "texture": "#0", "tintindex": 0},
				"west": {"uv": [2, 0, 3, 11], "texture": "#0", "tintindex": 0},
				"up": {"uv": [0, 0, 2, 1], "texture": "#0", "tintindex": 0},
				"down": {"uv": [0, 11, 2, 12], "texture": "#0"}
			}
		},
		{
			"from": [4, 17, 5],
			"to": [6, 18, 6],
			"rotation": {"angle": 0, "axis": "y", "origin": [4, 17, 4]},
			"faces": {
				"north": {"uv": [0, 3, 2, 4], "texture": "#0", "tintindex": 0},
				"east": {"uv": [3, 0, 4, 1], "texture": "#0", "tintindex": 0},
				"south": {"uv": [0, 3, 2, 4], "texture": "#0", "tintindex": 0},
				"west": {"uv": [3, 0, 4, 1], "texture": "#0", "tintindex": 0},
				"up": {"uv": [0, 3, 2, 4], "texture": "#0", "tintindex": 0},
				"down": {"uv": [4, 0, 6, 1], "texture": "#0", "tintindex": 0}
			}
		},
		{
			"from": [10.01, 7.01, 6.01],
			"to": [11.99, 17.99, 6.99],
			"rotation": {"angle": 0, "axis": "y", "origin": [12, 16, 6]},
			"faces": {
				"north": {"uv": [6, 1, 4, 12], "texture": "#0", "tintindex": 0},
				"east": {"uv": [3, 0, 2, 11], "texture": "#0", "tintindex": 0},
				"south": {"uv": [2, 0, 0, 11], "texture": "#0", "tintindex": 0},
				"west": {"uv": [3, 0, 2, 11], "texture": "#0", "tintindex": 0},
				"up": {"uv": [2, 0, 0, 1], "texture": "#0", "tintindex": 0},
				"down": {"uv": [2, 11, 0, 12], "texture": "#0"}
			}
		},
		{
			"from": [10, 17, 5],
			"to": [12, 18, 6],
			"rotation": {"angle": 0, "axis": "y", "origin": [12, 17, 4]},
			"faces": {
				"north": {"uv": [2, 3, 0, 4], "texture": "#0", "tintindex": 0},
				"east": {"uv": [4, 0, 3, 1], "texture": "#0", "tintindex": 0},
				"south": {"uv": [2, 3, 0, 4], "texture": "#0", "tintindex": 0},
				"west": {"uv": [4, 0, 3, 1], "texture": "#0", "tintindex": 0},
				"up": {"uv": [2, 3, 0, 4], "texture": "#0", "tintindex": 0},
				"down": {"uv": [6, 0, 4, 1], "texture": "#0", "tintindex": 0}
			}
		}
	],
	"display": {
		"head": {
			"translation": [0, 6.4001, 0],
			"scale": [1.599, 1.599, 1.599]
		}
	}
}