{
	"credit": "Made with Blockbench",
	"textures": {
		"1": "wandering_hat_creator:custom/ears_piece/medium_horizontal"
	},
	"elements": [
		{
			"from": [13, 4, 7],
			"to": [16, 6, 8],
			"rotation": {"angle": -22.5, "axis": "y", "origin": [12, 3, 7]},
			"faces": {
				"north": {"uv": [3, 0, 0, 2], "texture": "#1", "tintindex": 0},
				"east": {"uv": [5, 5, 4, 7], "texture": "#1", "tintindex": 0},
				"south": {"uv": [3, 2, 0, 4], "texture": "#1", "tintindex": 0},
				"west": {"uv": [4, 5, 3, 7], "texture": "#1", "tintindex": 0},
				"up": {"uv": [0, 5, 3, 4], "texture": "#1", "tintindex": 0},
				"down": {"uv": [3, 4, 6, 5], "texture": "#1", "tintindex": 0}
			}
		},
		{
			"from": [12, 3, 7],
			"to": [14, 5, 8],
			"rotation": {"angle": -22.5, "axis": "y", "origin": [12, 4.75, 7]},
			"faces": {
				"north": {"uv": [5, 0, 3, 2], "texture": "#1", "tintindex": 0},
				"east": {"uv": [6, 0, 5, 2], "texture": "#1", "tintindex": 0},
				"south": {"uv": [5, 2, 3, 4], "texture": "#1", "tintindex": 0},
				"west": {"uv": [1, 5, 0, 7], "texture": "#1", "tintindex": 0},
				"up": {"uv": [1, 6, 3, 5], "texture": "#1", "tintindex": 0},
				"down": {"uv": [5, 2, 7, 3], "texture": "#1", "tintindex": 0}
			}
		},
		{
			"from": [16, 5, 7],
			"to": [17, 6, 8],
			"rotation": {"angle": -22.5, "axis": "y", "origin": [12, 4.75, 7]},
			"faces": {
				"north": {"uv": [6, 3, 5, 4], "texture": "#1", "tintindex": 0},
				"east": {"uv": [2, 6, 1, 7], "texture": "#1", "tintindex": 0},
				"south": {"uv": [7, 0, 6, 1], "texture": "#1", "tintindex": 0},
				"west": {"uv": [6, 5, 5, 6], "texture": "#1", "tintindex": 0},
				"up": {"uv": [6, 2, 7, 1], "texture": "#1", "tintindex": 0},
				"down": {"uv": [2, 6, 3, 7], "texture": "#1", "tintindex": 0}
			}
		},
		{
			"from": [0, 4, 7],
			"to": [3, 6, 8],
			"rotation": {"angle": 22.5, "axis": "y", "origin": [4, 3, 7]},
			"faces": {
				"north": {"uv": [0, 0, 3, 2], "texture": "#1", "tintindex": 0},
				"east": {"uv": [3, 5, 4, 7], "texture": "#1", "tintindex": 0},
				"south": {"uv": [0, 2, 3, 4], "texture": "#1", "tintindex": 0},
				"west": {"uv": [4, 5, 5, 7], "texture": "#1", "tintindex": 0},
				"up": {"uv": [3, 5, 0, 4], "texture": "#1", "tintindex": 0},
				"down": {"uv": [6, 4, 3, 5], "texture": "#1", "tintindex": 0}
			}
		},
		{
			"from": [2, 3, 7],
			"to": [4, 5, 8],
			"rotation": {"angle": 22.5, "axis": "y", "origin": [4, 4.75, 7]},
			"faces": {
				"north": {"uv": [3, 0, 5, 2], "texture": "#1", "tintindex": 0},
				"east": {"uv": [0, 5, 1, 7], "texture": "#1", "tintindex": 0},
				"south": {"uv": [3, 2, 5, 4], "texture": "#1", "tintindex": 0},
				"west": {"uv": [5, 0, 6, 2], "texture": "#1", "tintindex": 0},
				"up": {"uv": [3, 6, 1, 5], "texture": "#1", "tintindex": 0},
				"down": {"uv": [7, 2, 5, 3], "texture": "#1", "tintindex": 0}
			}
		},
		{
			"from": [-1, 5, 7],
			"to": [0, 6, 8],
			"rotation": {"angle": 22.5, "axis": "y", "origin": [4, 4.75, 7]},
			"faces": {
				"north": {"uv": [5, 3, 6, 4], "texture": "#1", "tintindex": 0},
				"east": {"uv": [5, 5, 6, 6], "texture": "#1", "tintindex": 0},
				"south": {"uv": [6, 0, 7, 1], "texture": "#1", "tintindex": 0},
				"west": {"uv": [1, 6, 2, 7], "texture": "#1", "tintindex": 0},
				"up": {"uv": [7, 2, 6, 1], "texture": "#1", "tintindex": 0},
				"down": {"uv": [3, 6, 2, 7], "texture": "#1", "tintindex": 0}
			}
		}
	],
	"display": {
		"head": {
			"translation": [0, 6.4001, 0],
			"scale": [1.599, 1.599, 1.599]
		}
	},
	"groups": [
		{
			"name": "group",
			"origin": [1, 5, 6],
			"color": 0,
			"children": [0, 1, 2]
		},
		{
			"name": "group",
			"origin": [1, 5, 6],
			"color": 0,
			"children": [3, 4, 5]
		}
	]
}