{
	"credit": "Made with Blockbench",
	"texture_size": [32, 32],
	"textures": {
		"3": "wandering_hat_creator:custom/gradient_texture"
	},
	"elements": [
		{
			"name": "head",
			"from": [4, 0, 4],
			"to": [12, 8, 12],
			"rotation": {"angle": 0, "axis": "y", "origin": [4, 0, 4]},
			"faces": {
				"north": {"uv": [0, 0, 4, 4], "texture": "#missing"},
				"east": {"uv": [0, 4, 4, 8], "texture": "#missing"},
				"south": {"uv": [4, 0, 8, 4], "texture": "#missing"},
				"west": {"uv": [4, 4, 8, 8], "texture": "#missing"},
				"up": {"uv": [4, 12, 0, 8], "texture": "#missing"},
				"down": {"uv": [12, 0, 8, 4], "texture": "#missing"}
			}
		},
		{
			"name": "head",
			"from": [3.3, -0.7, 3.3],
			"to": [12.7, 8.7, 12.7],
			"rotation": {"angle": 0, "axis": "y", "origin": [4, 0, 4]},
			"color": 7,
			"faces": {
				"north": {"uv": [2, 2, 4, 4], "texture": "#missing"},
				"east": {"uv": [0, 2, 2, 4], "texture": "#missing"},
				"south": {"uv": [6, 2, 8, 4], "texture": "#missing"},
				"west": {"uv": [4, 2, 6, 4], "texture": "#missing"},
				"up": {"uv": [4, 2, 2, 0], "texture": "#missing"},
				"down": {"uv": [12, 4, 8, 8], "texture": "#missing"}
			}
		},
		{
			"from": [10, 8, 6],
			"to": [12, 10, 7],
			"rotation": {"angle": 0, "axis": "y", "origin": [12, 8, 6]},
			"color": 1,
			"faces": {
				"north": {"uv": [0, 0, 2, 2], "texture": "#missing"},
				"east": {"uv": [0, 0, 1, 2], "texture": "#missing"},
				"south": {"uv": [0, 0, 2, 2], "texture": "#missing"},
				"west": {"uv": [0, 0, 1, 2], "texture": "#missing"},
				"up": {"uv": [0, 0, 1, 2], "rotation": 90, "texture": "#missing"},
				"down": {"uv": [0, 0, 1, 2], "rotation": 270, "texture": "#missing"}
			}
		},
		{
			"from": [10, 9, 5],
			"to": [12, 10, 6],
			"rotation": {"angle": 0, "axis": "y", "origin": [12, 9, 4]},
			"color": 1,
			"faces": {
				"north": {"uv": [0, 0, 2, 1], "texture": "#missing"},
				"east": {"uv": [0, 0, 1, 1], "texture": "#missing"},
				"south": {"uv": [0, 0, 2, 1], "texture": "#missing"},
				"west": {"uv": [0, 0, 1, 1], "texture": "#missing"},
				"up": {"uv": [0, 0, 1, 2], "rotation": 90, "texture": "#missing"},
				"down": {"uv": [0, 0, 1, 2], "rotation": 270, "texture": "#missing"}
			}
		},
		{
			"from": [4, 8, 6],
			"to": [6, 10, 7],
			"rotation": {"angle": 0, "axis": "y", "origin": [4, 8, 6]},
			"color": 1,
			"faces": {
				"north": {"uv": [0, 0, 2, 2], "texture": "#missing"},
				"east": {"uv": [0, 0, 1, 2], "texture": "#missing"},
				"south": {"uv": [0, 0, 2, 2], "texture": "#missing"},
				"west": {"uv": [0, 0, 1, 2], "texture": "#missing"},
				"up": {"uv": [0, 0, 2, 1], "texture": "#missing"},
				"down": {"uv": [0, 0, 2, 1], "texture": "#missing"}
			}
		},
		{
			"from": [4, 9, 5],
			"to": [6, 10, 6],
			"rotation": {"angle": 0, "axis": "y", "origin": [4, 9, 4]},
			"color": 1,
			"faces": {
				"north": {"uv": [0, 0, 2, 1], "texture": "#missing"},
				"east": {"uv": [0, 0, 1, 1], "texture": "#missing"},
				"south": {"uv": [0, 0, 2, 1], "texture": "#missing"},
				"west": {"uv": [0, 0, 1, 1], "texture": "#missing"},
				"up": {"uv": [0, 0, 2, 1], "texture": "#missing"},
				"down": {"uv": [0, 0, 2, 1], "texture": "#missing"}
			}
		},
		{
			"from": [2, 4, 7],
			"to": [4, 6, 8],
			"rotation": {"angle": 0, "axis": "y", "origin": [2, 4, 7]},
			"color": 1,
			"faces": {
				"north": {"uv": [0, 0, 2, 2], "texture": "#missing"},
				"east": {"uv": [0, 0, 1, 2], "texture": "#missing"},
				"south": {"uv": [0, 0, 2, 2], "texture": "#missing"},
				"west": {"uv": [0, 0, 1, 2], "texture": "#missing"},
				"up": {"uv": [0, 0, 2, 1], "texture": "#missing"},
				"down": {"uv": [0, 0, 2, 1], "texture": "#missing"}
			}
		},
		{
			"from": [12, 4, 7],
			"to": [14, 6, 8],
			"rotation": {"angle": 0, "axis": "y", "origin": [12, 4, 7]},
			"color": 1,
			"faces": {
				"north": {"uv": [0, 0, 2, 2], "texture": "#missing"},
				"east": {"uv": [0, 0, 1, 2], "texture": "#missing"},
				"south": {"uv": [0, 0, 2, 2], "texture": "#missing"},
				"west": {"uv": [0, 0, 1, 2], "texture": "#missing"},
				"up": {"uv": [0, 0, 2, 1], "texture": "#missing"},
				"down": {"uv": [0, 0, 2, 1], "texture": "#missing"}
			}
		},
		{
			"from": [4, 3, 7],
			"to": [5, 6, 9],
			"rotation": {"angle": -22.5, "axis": "y", "origin": [4, 5, 7]},
			"color": 1,
			"faces": {
				"north": {"uv": [0, 0, 1, 3], "texture": "#missing"},
				"east": {"uv": [0, 0, 2, 3], "texture": "#missing"},
				"south": {"uv": [0, 0, 1, 3], "texture": "#missing"},
				"west": {"uv": [0, 0, 2, 3], "texture": "#missing"},
				"up": {"uv": [0, 0, 2, 1], "rotation": 270, "texture": "#missing"},
				"down": {"uv": [0, 0, 2, 1], "rotation": 90, "texture": "#missing"}
			}
		},
		{
			"from": [11, 3, 7],
			"to": [12, 6, 9],
			"rotation": {"angle": 22.5, "axis": "y", "origin": [12, 4, 7]},
			"color": 1,
			"faces": {
				"north": {"uv": [0, 0, 1, 3], "texture": "#missing"},
				"east": {"uv": [0, 0, 2, 3], "texture": "#missing"},
				"south": {"uv": [0, 0, 1, 3], "texture": "#missing"},
				"west": {"uv": [0, 0, 2, 3], "texture": "#missing"},
				"up": {"uv": [0, 0, 2, 1], "rotation": 90, "texture": "#missing"},
				"down": {"uv": [0, 0, 2, 1], "rotation": 270, "texture": "#missing"}
			}
		},
		{
			"from": [-1, 4, 7],
			"to": [3, 6, 8],
			"rotation": {"angle": 22.5, "axis": "y", "origin": [4, 3, 7]},
			"color": 7,
			"faces": {
				"north": {"uv": [0, 0, 4, 2], "texture": "#missing"},
				"east": {"uv": [0, 0, 1, 2], "texture": "#missing"},
				"south": {"uv": [0, 0, 4, 2], "texture": "#missing"},
				"west": {"uv": [0, 0, 1, 2], "texture": "#missing"},
				"up": {"uv": [0, 0, 4, 1], "texture": "#missing"},
				"down": {"uv": [0, 0, 4, 1], "texture": "#missing"}
			}
		},
		{
			"from": [2, 3, 7],
			"to": [4, 5, 8],
			"rotation": {"angle": 22.5, "axis": "y", "origin": [4, 4.75, 7]},
			"color": 7,
			"faces": {
				"north": {"uv": [0, 0, 2, 2], "texture": "#missing"},
				"east": {"uv": [0, 0, 1, 2], "texture": "#missing"},
				"south": {"uv": [0, 0, 2, 2], "texture": "#missing"},
				"west": {"uv": [0, 0, 1, 2], "texture": "#missing"},
				"up": {"uv": [0, 0, 2, 1], "texture": "#missing"},
				"down": {"uv": [0, 0, 2, 1], "texture": "#missing"}
			}
		},
		{
			"from": [-2, 5, 7],
			"to": [-1, 6, 8],
			"rotation": {"angle": 22.5, "axis": "y", "origin": [4, 4.75, 7]},
			"color": 3,
			"faces": {
				"north": {"uv": [0, 0, 1, 1], "texture": "#missing"},
				"east": {"uv": [0, 0, 1, 1], "texture": "#missing"},
				"south": {"uv": [0, 0, 1, 1], "texture": "#missing"},
				"west": {"uv": [0, 0, 1, 1], "texture": "#missing"},
				"up": {"uv": [0, 0, 1, 1], "texture": "#missing"},
				"down": {"uv": [0, 0, 1, 1], "texture": "#missing"}
			}
		},
		{
			"from": [13, 4, 7],
			"to": [17, 6, 8],
			"rotation": {"angle": -22.5, "axis": "y", "origin": [12, 3, 7]},
			"color": 7,
			"faces": {
				"north": {"uv": [0, 0, 4, 2], "texture": "#missing"},
				"east": {"uv": [0, 0, 1, 2], "texture": "#missing"},
				"south": {"uv": [0, 0, 4, 2], "texture": "#missing"},
				"west": {"uv": [0, 0, 1, 2], "texture": "#missing"},
				"up": {"uv": [0, 0, 4, 1], "texture": "#missing"},
				"down": {"uv": [0, 0, 4, 1], "texture": "#missing"}
			}
		},
		{
			"from": [12, 3, 7],
			"to": [14, 5, 8],
			"rotation": {"angle": -22.5, "axis": "y", "origin": [12, 3, 7]},
			"color": 7,
			"faces": {
				"north": {"uv": [0, 0, 2, 2], "texture": "#missing"},
				"east": {"uv": [0, 0, 1, 2], "texture": "#missing"},
				"south": {"uv": [0, 0, 2, 2], "texture": "#missing"},
				"west": {"uv": [0, 0, 1, 2], "texture": "#missing"},
				"up": {"uv": [0, 0, 2, 1], "texture": "#missing"},
				"down": {"uv": [0, 0, 2, 1], "texture": "#missing"}
			}
		},
		{
			"from": [17, 5, 7],
			"to": [18, 6, 8],
			"rotation": {"angle": -22.5, "axis": "y", "origin": [12, 3, 7]},
			"color": 3,
			"faces": {
				"north": {"uv": [0, 0, 1, 1], "texture": "#missing"},
				"east": {"uv": [0, 0, 1, 1], "texture": "#missing"},
				"south": {"uv": [0, 0, 1, 1], "texture": "#missing"},
				"west": {"uv": [0, 0, 1, 1], "texture": "#missing"},
				"up": {"uv": [0, 0, 1, 1], "texture": "#missing"},
				"down": {"uv": [0, 0, 1, 1], "texture": "#missing"}
			}
		},
		{
			"from": [0, 4, 7],
			"to": [3, 6, 8],
			"rotation": {"angle": 22.5, "axis": "y", "origin": [4, 3, 7]},
			"color": 7,
			"faces": {
				"north": {"uv": [0, 0, 3, 2], "texture": "#missing"},
				"east": {"uv": [0, 0, 1, 2], "texture": "#missing"},
				"south": {"uv": [0, 0, 3, 2], "texture": "#missing"},
				"west": {"uv": [0, 0, 1, 2], "texture": "#missing"},
				"up": {"uv": [0, 0, 3, 1], "texture": "#missing"},
				"down": {"uv": [0, 0, 3, 1], "texture": "#missing"}
			}
		},
		{
			"from": [2, 3, 7],
			"to": [4, 5, 8],
			"rotation": {"angle": 22.5, "axis": "y", "origin": [4, 4.75, 7]},
			"color": 7,
			"faces": {
				"north": {"uv": [0, 0, 2, 2], "texture": "#missing"},
				"east": {"uv": [0, 0, 1, 2], "texture": "#missing"},
				"south": {"uv": [0, 0, 2, 2], "texture": "#missing"},
				"west": {"uv": [0, 0, 1, 2], "texture": "#missing"},
				"up": {"uv": [0, 0, 2, 1], "texture": "#missing"},
				"down": {"uv": [0, 0, 2, 1], "texture": "#missing"}
			}
		},
		{
			"from": [-1, 5, 7],
			"to": [0, 6, 8],
			"rotation": {"angle": 22.5, "axis": "y", "origin": [4, 4.75, 7]},
			"color": 3,
			"faces": {
				"north": {"uv": [0, 0, 1, 1], "texture": "#missing"},
				"east": {"uv": [0, 0, 1, 1], "texture": "#missing"},
				"south": {"uv": [0, 0, 1, 1], "texture": "#missing"},
				"west": {"uv": [0, 0, 1, 1], "texture": "#missing"},
				"up": {"uv": [0, 0, 1, 1], "texture": "#missing"},
				"down": {"uv": [0, 0, 1, 1], "texture": "#missing"}
			}
		},
		{
			"from": [13, 4, 7],
			"to": [16, 6, 8],
			"rotation": {"angle": -22.5, "axis": "y", "origin": [12, 3, 7]},
			"color": 7,
			"faces": {
				"north": {"uv": [0, 0, 3, 2], "texture": "#missing"},
				"east": {"uv": [0, 0, 1, 2], "texture": "#missing"},
				"south": {"uv": [0, 0, 3, 2], "texture": "#missing"},
				"west": {"uv": [0, 0, 1, 2], "texture": "#missing"},
				"up": {"uv": [0, 0, 3, 1], "texture": "#missing"},
				"down": {"uv": [0, 0, 3, 1], "texture": "#missing"}
			}
		},
		{
			"from": [12, 3, 7],
			"to": [14, 5, 8],
			"rotation": {"angle": -22.5, "axis": "y", "origin": [12, 3, 7]},
			"color": 7,
			"faces": {
				"north": {"uv": [0, 0, 2, 2], "texture": "#missing"},
				"east": {"uv": [0, 0, 1, 2], "texture": "#missing"},
				"south": {"uv": [0, 0, 2, 2], "texture": "#missing"},
				"west": {"uv": [0, 0, 1, 2], "texture": "#missing"},
				"up": {"uv": [0, 0, 2, 1], "texture": "#missing"},
				"down": {"uv": [0, 0, 2, 1], "texture": "#missing"}
			}
		},
		{
			"from": [16, 5, 7],
			"to": [17, 6, 8],
			"rotation": {"angle": -22.5, "axis": "y", "origin": [12, 3, 7]},
			"color": 3,
			"faces": {
				"north": {"uv": [0, 0, 1, 1], "texture": "#missing"},
				"east": {"uv": [0, 0, 1, 1], "texture": "#missing"},
				"south": {"uv": [0, 0, 1, 1], "texture": "#missing"},
				"west": {"uv": [0, 0, 1, 1], "texture": "#missing"},
				"up": {"uv": [0, 0, 1, 1], "texture": "#missing"},
				"down": {"uv": [0, 0, 1, 1], "texture": "#missing"}
			}
		},
		{
			"from": [1, 4, 7],
			"to": [3, 6, 8],
			"rotation": {"angle": 22.5, "axis": "y", "origin": [4, 3, 7]},
			"color": 7,
			"faces": {
				"north": {"uv": [0, 0, 2, 2], "texture": "#missing"},
				"east": {"uv": [0, 0, 1, 2], "texture": "#missing"},
				"south": {"uv": [0, 0, 2, 2], "texture": "#missing"},
				"west": {"uv": [0, 0, 1, 2], "texture": "#missing"},
				"up": {"uv": [0, 0, 2, 1], "texture": "#missing"},
				"down": {"uv": [0, 0, 2, 1], "texture": "#missing"}
			}
		},
		{
			"from": [2, 3, 7],
			"to": [4, 5, 8],
			"rotation": {"angle": 22.5, "axis": "y", "origin": [4, 4.75, 7]},
			"color": 7,
			"faces": {
				"north": {"uv": [0, 0, 2, 2], "texture": "#missing"},
				"east": {"uv": [0, 0, 1, 2], "texture": "#missing"},
				"south": {"uv": [0, 0, 2, 2], "texture": "#missing"},
				"west": {"uv": [0, 0, 1, 2], "texture": "#missing"},
				"up": {"uv": [0, 0, 2, 1], "texture": "#missing"},
				"down": {"uv": [0, 0, 2, 1], "texture": "#missing"}
			}
		},
		{
			"from": [0, 5, 7],
			"to": [1, 6, 8],
			"rotation": {"angle": 22.5, "axis": "y", "origin": [4, 4.75, 7]},
			"color": 3,
			"faces": {
				"north": {"uv": [0, 0, 1, 1], "texture": "#missing"},
				"east": {"uv": [0, 0, 1, 1], "texture": "#missing"},
				"south": {"uv": [0, 0, 1, 1], "texture": "#missing"},
				"west": {"uv": [0, 0, 1, 1], "texture": "#missing"},
				"up": {"uv": [0, 0, 1, 1], "texture": "#missing"},
				"down": {"uv": [0, 0, 1, 1], "texture": "#missing"}
			}
		},
		{
			"from": [13, 4, 7],
			"to": [15, 6, 8],
			"rotation": {"angle": -22.5, "axis": "y", "origin": [12, 3, 7]},
			"color": 7,
			"faces": {
				"north": {"uv": [0, 0, 2, 2], "texture": "#missing"},
				"east": {"uv": [0, 0, 1, 2], "texture": "#missing"},
				"south": {"uv": [0, 0, 2, 2], "texture": "#missing"},
				"west": {"uv": [0, 0, 1, 2], "texture": "#missing"},
				"up": {"uv": [0, 0, 2, 1], "texture": "#missing"},
				"down": {"uv": [0, 0, 2, 1], "texture": "#missing"}
			}
		},
		{
			"from": [12, 3, 7],
			"to": [14, 5, 8],
			"rotation": {"angle": -22.5, "axis": "y", "origin": [12, 3, 7]},
			"color": 7,
			"faces": {
				"north": {"uv": [0, 0, 2, 2], "texture": "#missing"},
				"east": {"uv": [0, 0, 1, 2], "texture": "#missing"},
				"south": {"uv": [0, 0, 2, 2], "texture": "#missing"},
				"west": {"uv": [0, 0, 1, 2], "texture": "#missing"},
				"up": {"uv": [0, 0, 2, 1], "texture": "#missing"},
				"down": {"uv": [0, 0, 2, 1], "texture": "#missing"}
			}
		},
		{
			"from": [15, 5, 7],
			"to": [16, 6, 8],
			"rotation": {"angle": -22.5, "axis": "y", "origin": [12, 3, 7]},
			"color": 3,
			"faces": {
				"north": {"uv": [0, 0, 1, 1], "texture": "#missing"},
				"east": {"uv": [0, 0, 1, 1], "texture": "#missing"},
				"south": {"uv": [0, 0, 1, 1], "texture": "#missing"},
				"west": {"uv": [0, 0, 1, 1], "texture": "#missing"},
				"up": {"uv": [0, 0, 1, 1], "texture": "#missing"},
				"down": {"uv": [0, 0, 1, 1], "texture": "#missing"}
			}
		},
		{
			"from": [1, 4, 7],
			"to": [3, 6, 8],
			"rotation": {"angle": 22.5, "axis": "y", "origin": [4, 3, 7]},
			"color": 7,
			"faces": {
				"north": {"uv": [0, 0, 2, 2], "texture": "#missing"},
				"east": {"uv": [0, 0, 1, 2], "texture": "#missing"},
				"south": {"uv": [0, 0, 2, 2], "texture": "#missing"},
				"west": {"uv": [0, 0, 1, 2], "texture": "#missing"},
				"up": {"uv": [0, 0, 2, 1], "texture": "#missing"},
				"down": {"uv": [0, 0, 2, 1], "texture": "#missing"}
			}
		},
		{
			"from": [2, 3, 7],
			"to": [4, 5, 8],
			"rotation": {"angle": 22.5, "axis": "y", "origin": [4, 4.75, 7]},
			"color": 7,
			"faces": {
				"north": {"uv": [0, 0, 2, 2], "texture": "#missing"},
				"east": {"uv": [0, 0, 1, 2], "texture": "#missing"},
				"south": {"uv": [0, 0, 2, 2], "texture": "#missing"},
				"west": {"uv": [0, 0, 1, 2], "texture": "#missing"},
				"up": {"uv": [0, 0, 2, 1], "texture": "#missing"},
				"down": {"uv": [0, 0, 2, 1], "texture": "#missing"}
			}
		},
		{
			"from": [1, 6, 7],
			"to": [2, 7, 8],
			"rotation": {"angle": 22.5, "axis": "y", "origin": [4, 4.75, 7]},
			"color": 3,
			"faces": {
				"north": {"uv": [0, 0, 1, 1], "texture": "#missing"},
				"east": {"uv": [0, 0, 1, 1], "texture": "#missing"},
				"south": {"uv": [0, 0, 1, 1], "texture": "#missing"},
				"west": {"uv": [0, 0, 1, 1], "texture": "#missing"},
				"up": {"uv": [0, 0, 1, 1], "texture": "#missing"},
				"down": {"uv": [0, 0, 1, 1], "texture": "#missing"}
			}
		},
		{
			"from": [13, 4, 7],
			"to": [15, 6, 8],
			"rotation": {"angle": -22.5, "axis": "y", "origin": [12, 3, 7]},
			"color": 7,
			"faces": {
				"north": {"uv": [0, 0, 2, 2], "texture": "#missing"},
				"east": {"uv": [0, 0, 1, 2], "texture": "#missing"},
				"south": {"uv": [0, 0, 2, 2], "texture": "#missing"},
				"west": {"uv": [0, 0, 1, 2], "texture": "#missing"},
				"up": {"uv": [0, 0, 2, 1], "texture": "#missing"},
				"down": {"uv": [0, 0, 2, 1], "texture": "#missing"}
			}
		},
		{
			"from": [12, 3, 7],
			"to": [14, 5, 8],
			"rotation": {"angle": -22.5, "axis": "y", "origin": [12, 3, 7]},
			"color": 7,
			"faces": {
				"north": {"uv": [0, 0, 2, 2], "texture": "#missing"},
				"east": {"uv": [0, 0, 1, 2], "texture": "#missing"},
				"south": {"uv": [0, 0, 2, 2], "texture": "#missing"},
				"west": {"uv": [0, 0, 1, 2], "texture": "#missing"},
				"up": {"uv": [0, 0, 2, 1], "texture": "#missing"},
				"down": {"uv": [0, 0, 2, 1], "texture": "#missing"}
			}
		},
		{
			"from": [14, 6, 7],
			"to": [15, 7, 8],
			"rotation": {"angle": -22.5, "axis": "y", "origin": [12, 3, 7]},
			"color": 3,
			"faces": {
				"north": {"uv": [0, 0, 1, 1], "texture": "#missing"},
				"east": {"uv": [0, 0, 1, 1], "texture": "#missing"},
				"south": {"uv": [0, 0, 1, 1], "texture": "#missing"},
				"west": {"uv": [0, 0, 1, 1], "texture": "#missing"},
				"up": {"uv": [0, 0, 1, 1], "texture": "#missing"},
				"down": {"uv": [0, 0, 1, 1], "texture": "#missing"}
			}
		},
		{
			"from": [4, 4, 8],
			"to": [5, 6, 10],
			"rotation": {"angle": -22.5, "axis": "y", "origin": [4, 3, 7]},
			"color": 7,
			"faces": {
				"north": {"uv": [0, 0, 1, 2], "texture": "#missing"},
				"east": {"uv": [0, 0, 2, 2], "texture": "#missing"},
				"south": {"uv": [0, 0, 1, 2], "texture": "#missing"},
				"west": {"uv": [0, 0, 2, 2], "texture": "#missing"},
				"up": {"uv": [0, 0, 2, 1], "rotation": 270, "texture": "#missing"},
				"down": {"uv": [0, 0, 2, 1], "rotation": 90, "texture": "#missing"}
			}
		},
		{
			"from": [4, 3, 7],
			"to": [5, 5, 9],
			"rotation": {"angle": -22.5, "axis": "y", "origin": [4, 4.75, 7]},
			"color": 7,
			"faces": {
				"north": {"uv": [0, 0, 1, 2], "texture": "#missing"},
				"east": {"uv": [0, 0, 2, 2], "texture": "#missing"},
				"south": {"uv": [0, 0, 1, 2], "texture": "#missing"},
				"west": {"uv": [0, 0, 2, 2], "texture": "#missing"},
				"up": {"uv": [0, 0, 2, 1], "rotation": 270, "texture": "#missing"},
				"down": {"uv": [0, 0, 2, 1], "rotation": 90, "texture": "#missing"}
			}
		},
		{
			"from": [4, 6, 9],
			"to": [5, 7, 10],
			"rotation": {"angle": -22.5, "axis": "y", "origin": [4, 4.75, 7]},
			"color": 3,
			"faces": {
				"north": {"uv": [0, 0, 1, 1], "texture": "#missing"},
				"east": {"uv": [0, 0, 1, 1], "texture": "#missing"},
				"south": {"uv": [0, 0, 1, 1], "texture": "#missing"},
				"west": {"uv": [0, 0, 1, 1], "texture": "#missing"},
				"up": {"uv": [0, 0, 1, 1], "rotation": 270, "texture": "#missing"},
				"down": {"uv": [0, 0, 1, 1], "rotation": 90, "texture": "#missing"}
			}
		},
		{
			"from": [11, 4, 8],
			"to": [12, 6, 10],
			"rotation": {"angle": 22.5, "axis": "y", "origin": [12, 3, 7]},
			"color": 7,
			"faces": {
				"north": {"uv": [0, 0, 1, 2], "texture": "#missing"},
				"east": {"uv": [0, 0, 2, 2], "texture": "#missing"},
				"south": {"uv": [0, 0, 1, 2], "texture": "#missing"},
				"west": {"uv": [0, 0, 2, 2], "texture": "#missing"},
				"up": {"uv": [0, 0, 2, 1], "rotation": 90, "texture": "#missing"},
				"down": {"uv": [0, 0, 2, 1], "rotation": 270, "texture": "#missing"}
			}
		},
		{
			"from": [11, 3, 7],
			"to": [12, 5, 9],
			"rotation": {"angle": 22.5, "axis": "y", "origin": [12, 3, 7]},
			"color": 7,
			"faces": {
				"north": {"uv": [0, 0, 1, 2], "texture": "#missing"},
				"east": {"uv": [0, 0, 2, 2], "texture": "#missing"},
				"south": {"uv": [0, 0, 1, 2], "texture": "#missing"},
				"west": {"uv": [0, 0, 2, 2], "texture": "#missing"},
				"up": {"uv": [0, 0, 2, 1], "rotation": 90, "texture": "#missing"},
				"down": {"uv": [0, 0, 2, 1], "rotation": 270, "texture": "#missing"}
			}
		},
		{
			"from": [11, 6, 9],
			"to": [12, 7, 10],
			"rotation": {"angle": 22.5, "axis": "y", "origin": [12, 3, 7]},
			"color": 3,
			"faces": {
				"north": {"uv": [0, 0, 1, 1], "texture": "#missing"},
				"east": {"uv": [0, 0, 1, 1], "texture": "#missing"},
				"south": {"uv": [0, 0, 1, 1], "texture": "#missing"},
				"west": {"uv": [0, 0, 1, 1], "texture": "#missing"},
				"up": {"uv": [0, 0, 1, 1], "rotation": 90, "texture": "#missing"},
				"down": {"uv": [0, 0, 1, 1], "rotation": 270, "texture": "#missing"}
			}
		},
		{
			"from": [4, 8, 5],
			"to": [6, 10, 7],
			"rotation": {"angle": 0, "axis": "y", "origin": [4, 8, 5]},
			"color": 0,
			"faces": {
				"north": {"uv": [0, 0, 2, 2], "texture": "#missing"},
				"east": {"uv": [0, 0, 2, 2], "texture": "#missing"},
				"south": {"uv": [0, 0, 2, 2], "texture": "#missing"},
				"west": {"uv": [0, 0, 2, 2], "texture": "#missing"},
				"up": {"uv": [0, 0, 2, 2], "texture": "#missing"},
				"down": {"uv": [0, 0, 2, 2], "texture": "#missing"}
			}
		},
		{
			"from": [10, 8, 5],
			"to": [12, 10, 7],
			"rotation": {"angle": 0, "axis": "y", "origin": [10, 8, 5]},
			"color": 0,
			"faces": {
				"north": {"uv": [0, 0, 2, 2], "texture": "#missing"},
				"east": {"uv": [0, 0, 2, 2], "texture": "#missing"},
				"south": {"uv": [0, 0, 2, 2], "texture": "#missing"},
				"west": {"uv": [0, 0, 2, 2], "texture": "#missing"},
				"up": {"uv": [0, 0, 2, 2], "texture": "#missing"},
				"down": {"uv": [0, 0, 2, 2], "texture": "#missing"}
			}
		},
		{
			"from": [-12, 0, 0],
			"to": [-4, 24, 0],
			"faces": {
				"north": {"uv": [0, 0, 4, 12], "texture": "#3"},
				"east": {"uv": [0, 0, 0, 12], "texture": "#3"},
				"south": {"uv": [0, 0, 4, 12], "texture": "#3"},
				"west": {"uv": [0, 0, 0, 12], "texture": "#3"},
				"up": {"uv": [4, 0, 0, 0], "texture": "#3"},
				"down": {"uv": [4, 0, 0, 0], "texture": "#3"}
			}
		}
	],
	"display": {
		"head": {
			"translation": [0, 6.4001, 0],
			"scale": [1.599, 1.599, 1.599]
		}
	},
	"groups": [
		0,
		1,
		{
			"name": "rabbit",
			"origin": [8, 8, 8],
			"color": 0,
			"children": [
				{
					"name": "ear1",
					"origin": [3, 13, 4],
					"color": 0,
					"children": [2, 3]
				},
				{
					"name": "ear2",
					"origin": [3, 13, 4],
					"color": 0,
					"children": [4, 5]
				}
			]
		},
		{
			"name": "group",
			"origin": [3, 13, 4],
			"color": 0,
			"children": [6, 7]
		},
		{
			"name": "group",
			"origin": [3, 13, 4],
			"color": 0,
			"children": [8, 9]
		},
		{
			"name": "group",
			"origin": [1, 5, 6],
			"color": 7,
			"children": [
				{
					"name": "group",
					"origin": [1, 5, 6],
					"color": 0,
					"children": [10, 11, 12]
				},
				{
					"name": "group",
					"origin": [1, 5, 6],
					"color": 0,
					"children": [13, 14, 15]
				}
			]
		},
		{
			"name": "group",
			"origin": [1, 5, 6],
			"color": 7,
			"children": [
				{
					"name": "group",
					"origin": [1, 5, 6],
					"color": 0,
					"children": [16, 17, 18]
				},
				{
					"name": "group",
					"origin": [1, 5, 6],
					"color": 0,
					"children": [19, 20, 21]
				}
			]
		},
		{
			"name": "group",
			"origin": [1, 5, 6],
			"color": 7,
			"children": [
				{
					"name": "group",
					"origin": [1, 5, 6],
					"color": 0,
					"children": [22, 23, 24]
				},
				{
					"name": "group",
					"origin": [1, 5, 6],
					"color": 0,
					"children": [25, 26, 27]
				}
			]
		},
		{
			"name": "group",
			"origin": [1, 5, 6],
			"color": 7,
			"children": [
				{
					"name": "group",
					"origin": [1, 5, 6],
					"color": 0,
					"children": [28, 29, 30]
				},
				{
					"name": "group",
					"origin": [1, 5, 6],
					"color": 0,
					"children": [31, 32, 33]
				}
			]
		},
		{
			"name": "group",
			"origin": [1, 5, 6],
			"color": 7,
			"children": [
				{
					"name": "group",
					"origin": [1, 5, 6],
					"color": 0,
					"children": [34, 35, 36]
				},
				{
					"name": "group",
					"origin": [1, 5, 6],
					"color": 0,
					"children": [37, 38, 39]
				}
			]
		},
		40,
		41,
		42
	]
}