{
	"credit": "Made with Blockbench",
	"textures": {
		"1": "wandering_hat_creator:custom/ears_piece/short_horizontal_vertical_tip"
	},
	"elements": [
		{
			"from": [4, 4, 8],
			"to": [5, 6, 10],
			"rotation": {"angle": -22.5, "axis": "y", "origin": [4, 3, 7]},
			"faces": {
				"north": {"uv": [0, 4, 1, 6], "texture": "#1", "tintindex": 0},
				"east": {"uv": [0, 0, 2, 2], "texture": "#1", "tintindex": 0},
				"south": {"uv": [4, 0, 5, 2], "texture": "#1", "tintindex": 0},
				"west": {"uv": [0, 2, 2, 4], "texture": "#1", "tintindex": 0},
				"up": {"uv": [2, 6, 1, 4], "texture": "#1", "tintindex": 0},
				"down": {"uv": [3, 4, 2, 6], "texture": "#1", "tintindex": 0}
			}
		},
		{
			"from": [4, 3, 7],
			"to": [5, 5, 9],
			"rotation": {"angle": -22.5, "axis": "y", "origin": [4, 4.75, 7]},
			"faces": {
				"north": {"uv": [4, 2, 5, 4], "texture": "#1", "tintindex": 0},
				"east": {"uv": [2, 0, 4, 2], "texture": "#1", "tintindex": 0},
				"south": {"uv": [3, 4, 4, 6], "texture": "#1", "tintindex": 0},
				"west": {"uv": [2, 2, 4, 4], "texture": "#1", "tintindex": 0},
				"up": {"uv": [5, 6, 4, 4], "texture": "#1", "tintindex": 0},
				"down": {"uv": [6, 0, 5, 2], "texture": "#1", "tintindex": 0}
			}
		},
		{
			"from": [4, 6, 9],
			"to": [5, 7, 10],
			"rotation": {"angle": -22.5, "axis": "y", "origin": [4, 4.75, 7]},
			"faces": {
				"north": {"uv": [5, 2, 6, 3], "texture": "#1", "tintindex": 0},
				"east": {"uv": [5, 3, 6, 4], "texture": "#1", "tintindex": 0},
				"south": {"uv": [5, 4, 6, 5], "texture": "#1", "tintindex": 0},
				"west": {"uv": [5, 5, 6, 6], "texture": "#1", "tintindex": 0},
				"up": {"uv": [1, 7, 0, 6], "texture": "#1", "tintindex": 0},
				"down": {"uv": [7, 0, 6, 1], "texture": "#1", "tintindex": 0}
			}
		},
		{
			"from": [11, 4, 8],
			"to": [12, 6, 10],
			"rotation": {"angle": 22.5, "axis": "y", "origin": [12, 3, 7]},
			"faces": {
				"north": {"uv": [1, 4, 0, 6], "texture": "#1", "tintindex": 0},
				"east": {"uv": [2, 2, 0, 4], "texture": "#1", "tintindex": 0},
				"south": {"uv": [5, 0, 4, 2], "texture": "#1", "tintindex": 0},
				"west": {"uv": [2, 0, 0, 2], "texture": "#1", "tintindex": 0},
				"up": {"uv": [1, 6, 2, 4], "texture": "#1", "tintindex": 0},
				"down": {"uv": [2, 4, 3, 6], "texture": "#1", "tintindex": 0}
			}
		},
		{
			"from": [11, 3, 7],
			"to": [12, 5, 9],
			"rotation": {"angle": 22.5, "axis": "y", "origin": [12, 4.75, 7]},
			"faces": {
				"north": {"uv": [5, 2, 4, 4], "texture": "#1", "tintindex": 0},
				"east": {"uv": [4, 2, 2, 4], "texture": "#1", "tintindex": 0},
				"south": {"uv": [4, 4, 3, 6], "texture": "#1", "tintindex": 0},
				"west": {"uv": [4, 0, 2, 2], "texture": "#1", "tintindex": 0},
				"up": {"uv": [4, 6, 5, 4], "texture": "#1", "tintindex": 0},
				"down": {"uv": [5, 0, 6, 2], "texture": "#1", "tintindex": 0}
			}
		},
		{
			"from": [11, 6, 9],
			"to": [12, 7, 10],
			"rotation": {"angle": 22.5, "axis": "y", "origin": [12, 4.75, 7]},
			"faces": {
				"north": {"uv": [6, 2, 5, 3], "texture": "#1", "tintindex": 0},
				"east": {"uv": [6, 5, 5, 6], "texture": "#1", "tintindex": 0},
				"south": {"uv": [6, 4, 5, 5], "texture": "#1", "tintindex": 0},
				"west": {"uv": [6, 3, 5, 4], "texture": "#1", "tintindex": 0},
				"up": {"uv": [0, 7, 1, 6], "texture": "#1", "tintindex": 0},
				"down": {"uv": [6, 0, 7, 1], "texture": "#1", "tintindex": 0}
			}
		}
	],
	"display": {
		"head": {
			"translation": [0, 6.4001, 0],
			"scale": [1.599, 1.599, 1.599]
		}
	},
	"groups": [
		{
			"name": "group",
			"origin": [1, 5, 6],
			"color": 0,
			"children": [0, 1, 2]
		},
		{
			"name": "group",
			"origin": [1, 5, 6],
			"color": 0,
			"children": [3, 4, 5]
		}
	]
}