{
	"credit": "Made with Blockbench",
	"textures": {
		"0": "wandering_hat_creator:custom/ears_piece/short_vertical_horizontal_tip"
	},
	"elements": [
		{
			"from": [10, 8, 6],
			"to": [12, 11, 7],
			"rotation": {"angle": 0, "axis": "y", "origin": [12, 9, 6]},
			"faces": {
				"north": {"uv": [4, 0, 2, 3], "texture": "#0"},
				"east": {"uv": [1, 0, 0, 3], "texture": "#0", "tintindex": 0},
				"south": {"uv": [2, 0, 0, 3], "texture": "#0", "tintindex": 0},
				"west": {"uv": [2, 0, 1, 3], "texture": "#0", "tintindex": 0},
				"up": {"uv": [2, 0, 0, 1], "texture": "#0", "tintindex": 0},
				"down": {"uv": [4, 1, 2, 2], "texture": "#0"}
			}
		},
		{
			"from": [10, 10, 5],
			"to": [12, 11, 6],
			"rotation": {"angle": 0, "axis": "y", "origin": [12, 10, 4]},
			"faces": {
				"north": {"uv": [2, 3, 0, 4], "texture": "#0", "tintindex": 0},
				"east": {"uv": [1, 3, 0, 4], "texture": "#0", "tintindex": 0},
				"south": {"uv": [2, 3, 0, 4], "texture": "#0", "tintindex": 0},
				"west": {"uv": [1, 3, 0, 4], "texture": "#0", "tintindex": 0},
				"up": {"uv": [2, 3, 0, 4], "texture": "#0", "tintindex": 0},
				"down": {"uv": [4, 0, 2, 1], "texture": "#0"}
			}
		},
		{
			"from": [4, 8, 6],
			"to": [6, 11, 7],
			"rotation": {"angle": 0, "axis": "y", "origin": [4, 9, 6]},
			"faces": {
				"north": {"uv": [2, 0, 4, 3], "texture": "#0"},
				"east": {"uv": [1, 0, 2, 3], "texture": "#0", "tintindex": 0},
				"south": {"uv": [0, 0, 2, 3], "texture": "#0", "tintindex": 0},
				"west": {"uv": [0, 0, 1, 3], "texture": "#0", "tintindex": 0},
				"up": {"uv": [0, 0, 2, 1], "texture": "#0", "tintindex": 0},
				"down": {"uv": [2, 1, 4, 2], "texture": "#0"}
			}
		},
		{
			"from": [4, 10, 5],
			"to": [6, 11, 6],
			"rotation": {"angle": 0, "axis": "y", "origin": [4, 10, 4]},
			"faces": {
				"north": {"uv": [0, 3, 2, 4], "texture": "#0", "tintindex": 0},
				"east": {"uv": [0, 3, 1, 4], "texture": "#0", "tintindex": 0},
				"south": {"uv": [0, 3, 2, 4], "texture": "#0", "tintindex": 0},
				"west": {"uv": [0, 3, 1, 4], "texture": "#0", "tintindex": 0},
				"up": {"uv": [0, 3, 2, 4], "texture": "#0", "tintindex": 0},
				"down": {"uv": [2, 0, 4, 1], "texture": "#0"}
			}
		}
	],
	"display": {
		"head": {
			"translation": [0, 6.4001, 0],
			"scale": [1.599, 1.599, 1.599]
		}
	}
}