{
	"credit": "Made with Blockbench",
	"textures": {
		"2": "wandering_hat_creator:custom/ears_piece/short_horizontal"
	},
	"elements": [
		{
			"from": [1, 4, 7],
			"to": [3, 6, 8],
			"rotation": {"angle": 22.5, "axis": "y", "origin": [4, 3, 7]},
			"faces": {
				"north": {"uv": [2, 0, 4, 2], "texture": "#2", "tintindex": 0},
				"east": {"uv": [3, 4, 4, 6], "texture": "#2", "tintindex": 0},
				"south": {"uv": [2, 2, 4, 4], "texture": "#2", "tintindex": 0},
				"west": {"uv": [4, 3, 5, 5], "texture": "#2", "tintindex": 0},
				"up": {"uv": [7, 1, 5, 0], "texture": "#2", "tintindex": 0},
				"down": {"uv": [3, 5, 1, 6], "texture": "#2", "tintindex": 0}
			}
		},
		{
			"from": [2, 3, 7],
			"to": [4, 5, 8],
			"rotation": {"angle": 22.5, "axis": "y", "origin": [4, 4.75, 7]},
			"faces": {
				"north": {"uv": [0, 0, 2, 2], "texture": "#2", "tintindex": 0},
				"east": {"uv": [0, 4, 1, 6], "texture": "#2", "tintindex": 0},
				"south": {"uv": [0, 2, 2, 4], "texture": "#2", "tintindex": 0},
				"west": {"uv": [4, 0, 5, 2], "texture": "#2", "tintindex": 0},
				"up": {"uv": [3, 5, 1, 4], "texture": "#2", "tintindex": 0},
				"down": {"uv": [6, 2, 4, 3], "texture": "#2", "tintindex": 0}
			}
		},
		{
			"from": [0, 5, 7],
			"to": [1, 6, 8],
			"rotation": {"angle": 22.5, "axis": "y", "origin": [4, 4.75, 7]},
			"faces": {
				"north": {"uv": [5, 1, 6, 2], "texture": "#2", "tintindex": 0},
				"east": {"uv": [5, 3, 6, 4], "texture": "#2", "tintindex": 0},
				"south": {"uv": [4, 5, 5, 6], "texture": "#2", "tintindex": 0},
				"west": {"uv": [5, 4, 6, 5], "texture": "#2", "tintindex": 0},
				"up": {"uv": [6, 6, 5, 5], "texture": "#2", "tintindex": 0},
				"down": {"uv": [1, 6, 0, 7], "texture": "#2", "tintindex": 0}
			}
		},
		{
			"from": [13, 4, 7],
			"to": [15, 6, 8],
			"rotation": {"angle": -22.5, "axis": "y", "origin": [12, 3, 7]},
			"faces": {
				"north": {"uv": [4, 0, 2, 2], "texture": "#2", "tintindex": 0},
				"east": {"uv": [5, 3, 4, 5], "texture": "#2", "tintindex": 0},
				"south": {"uv": [4, 2, 2, 4], "texture": "#2", "tintindex": 0},
				"west": {"uv": [4, 4, 3, 6], "texture": "#2", "tintindex": 0},
				"up": {"uv": [5, 1, 7, 0], "texture": "#2", "tintindex": 0},
				"down": {"uv": [1, 5, 3, 6], "texture": "#2", "tintindex": 0}
			}
		},
		{
			"from": [12, 3, 7],
			"to": [14, 5, 8],
			"rotation": {"angle": -22.5, "axis": "y", "origin": [12, 4.75, 7]},
			"faces": {
				"north": {"uv": [2, 0, 0, 2], "texture": "#2", "tintindex": 0},
				"east": {"uv": [5, 0, 4, 2], "texture": "#2", "tintindex": 0},
				"south": {"uv": [2, 2, 0, 4], "texture": "#2", "tintindex": 0},
				"west": {"uv": [1, 4, 0, 6], "texture": "#2", "tintindex": 0},
				"up": {"uv": [1, 5, 3, 4], "texture": "#2", "tintindex": 0},
				"down": {"uv": [4, 2, 6, 3], "texture": "#2", "tintindex": 0}
			}
		},
		{
			"from": [15, 5, 7],
			"to": [16, 6, 8],
			"rotation": {"angle": -22.5, "axis": "y", "origin": [12, 4.75, 7]},
			"faces": {
				"north": {"uv": [6, 1, 5, 2], "texture": "#2", "tintindex": 0},
				"east": {"uv": [6, 4, 5, 5], "texture": "#2", "tintindex": 0},
				"south": {"uv": [5, 5, 4, 6], "texture": "#2", "tintindex": 0},
				"west": {"uv": [6, 3, 5, 4], "texture": "#2", "tintindex": 0},
				"up": {"uv": [5, 6, 6, 5], "texture": "#2", "tintindex": 0},
				"down": {"uv": [0, 6, 1, 7], "texture": "#2", "tintindex": 0}
			}
		}
	],
	"display": {
		"head": {
			"translation": [0, 6.4001, 0],
			"scale": [1.599, 1.599, 1.599]
		}
	},
	"groups": [
		{
			"name": "group",
			"origin": [1, 5, 6],
			"color": 7,
			"children": [
				{
					"name": "group",
					"origin": [1, 5, 6],
					"color": 0,
					"children": [0, 1, 2]
				},
				{
					"name": "group",
					"origin": [1, 5, 6],
					"color": 0,
					"children": [3, 4, 5]
				}
			]
		}
	]
}