{
	"credit": "Made with Blockbench",
	"texture_size": [64, 64],
	"textures": {
		"1": "wandering_hat_creator:custom/ears_piece/warden_antlers"
	},
	"elements": [
		{
			"name": "rn",
			"from": [12, 3, 8],
			"to": [22, 13, 8],
			"rotation": {"angle": 0, "axis": "y", "origin": [12, 3, 8]},
			"faces": {
				"north": {"uv": [0, 0, 5, 5], "texture": "#1", "tintindex": 0},
				"east": {"uv": [0, 0, 0, 4], "texture": "#missing", "tintindex": 0},
				"south": {"uv": [5, 0, 0, 5], "texture": "#1", "tintindex": 0},
				"west": {"uv": [0, 0, 0, 4], "texture": "#missing", "tintindex": 0},
				"up": {"uv": [4, 0, 0, 0], "texture": "#missing", "tintindex": 0},
				"down": {"uv": [4, 0, 0, 0], "texture": "#missing", "tintindex": 0}
			}
		},
		{
			"name": "rf",
			"from": [12, 3, 8],
			"to": [22, 13, 8],
			"rotation": {"angle": 22.5, "axis": "y", "origin": [12, 3, 8]},
			"faces": {
				"north": {"uv": [5, 0, 10, 5], "texture": "#1", "tintindex": 0},
				"east": {"uv": [0, 0, 0, 4], "texture": "#missing", "tintindex": 0},
				"south": {"uv": [10, 0, 5, 5], "texture": "#1", "tintindex": 0},
				"west": {"uv": [0, 0, 0, 4], "texture": "#missing", "tintindex": 0},
				"up": {"uv": [4, 0, 0, 0], "texture": "#missing", "tintindex": 0},
				"down": {"uv": [4, 0, 0, 0], "texture": "#missing", "tintindex": 0}
			}
		},
		{
			"name": "rb",
			"from": [12, 3, 8],
			"to": [22, 13, 8],
			"rotation": {"angle": -22.5, "axis": "y", "origin": [12, 3, 8]},
			"faces": {
				"north": {"uv": [10, 0, 15, 5], "texture": "#1", "tintindex": 0},
				"east": {"uv": [0, 0, 0, 4], "texture": "#missing", "tintindex": 0},
				"south": {"uv": [15, 0, 10, 5], "texture": "#1", "tintindex": 0},
				"west": {"uv": [0, 0, 0, 4], "texture": "#missing", "tintindex": 0},
				"up": {"uv": [4, 0, 0, 0], "texture": "#missing", "tintindex": 0},
				"down": {"uv": [4, 0, 0, 0], "texture": "#missing", "tintindex": 0}
			}
		},
		{
			"name": "ln",
			"from": [-6, 3, 8],
			"to": [4, 13, 8],
			"rotation": {"angle": 0, "axis": "y", "origin": [4, 3, 8]},
			"faces": {
				"north": {"uv": [5, 0, 0, 5], "texture": "#1", "tintindex": 0},
				"east": {"uv": [0, 0, 0, 4], "texture": "#missing", "tintindex": 0},
				"south": {"uv": [0, 0, 5, 5], "texture": "#1", "tintindex": 0},
				"west": {"uv": [0, 0, 0, 4], "texture": "#missing", "tintindex": 0},
				"up": {"uv": [4, 0, 0, 0], "texture": "#missing", "tintindex": 0},
				"down": {"uv": [4, 0, 0, 0], "texture": "#missing", "tintindex": 0}
			}
		},
		{
			"name": "lf",
			"from": [-6, 3, 8],
			"to": [4, 13, 8],
			"rotation": {"angle": -22.5, "axis": "y", "origin": [4, 3, 8]},
			"faces": {
				"north": {"uv": [10, 0, 5, 5], "texture": "#1", "tintindex": 0},
				"east": {"uv": [0, 0, 0, 4], "texture": "#missing", "tintindex": 0},
				"south": {"uv": [5, 0, 10, 5], "texture": "#1", "tintindex": 0},
				"west": {"uv": [0, 0, 0, 4], "texture": "#missing", "tintindex": 0},
				"up": {"uv": [4, 0, 0, 0], "texture": "#missing", "tintindex": 0},
				"down": {"uv": [4, 0, 0, 0], "texture": "#missing", "tintindex": 0}
			}
		},
		{
			"name": "lb",
			"from": [-6, 3, 8],
			"to": [4, 13, 8],
			"rotation": {"angle": 22.5, "axis": "y", "origin": [4, 3, 8]},
			"faces": {
				"north": {"uv": [15, 0, 10, 5], "texture": "#1", "tintindex": 0},
				"east": {"uv": [0, 0, 0, 4], "texture": "#missing", "tintindex": 0},
				"south": {"uv": [10, 0, 15, 5], "texture": "#1", "tintindex": 0},
				"west": {"uv": [0, 0, 0, 4], "texture": "#missing", "tintindex": 0},
				"up": {"uv": [4, 0, 0, 0], "texture": "#missing", "tintindex": 0},
				"down": {"uv": [4, 0, 0, 0], "texture": "#missing", "tintindex": 0}
			}
		}
	],
	"display": {
		"thirdperson_righthand": {
			"scale": [0.8, 0.8, 0.8]
		},
		"thirdperson_lefthand": {
			"scale": [0.8, 0.8, 0.8]
		},
		"ground": {
			"translation": [0, 2, 0],
			"scale": [0.9, 0.9, 0.9]
		},
		"gui": {
			"scale": [0.5, 0.5, 0.5]
		},
		"head": {
			"translation": [0, 2.25, 0],
			"scale": [1.21, 1.21, 1.21]
		},
		"fixed": {
			"translation": [0, 0, -0.5]
		}
	},
	"groups": [
		{
			"name": "group",
			"origin": [16, 1, 8],
			"color": 0,
			"children": [0, 1, 2]
		},
		{
			"name": "group",
			"origin": [8, 8, 8],
			"color": 0,
			"children": [3, 4, 5]
		}
	]
}