﻿{
	"credit": "Made with Blockbench",
	"texture_size": [32, 32],
	"textures": {
		"layer0": "wandering_hat_creator:custom/hat_piece/hat_helmet/trim/host"
	},
	"elements": [
		{
			"name": "trim",
			"from": [3.3, -0.7, 3.3],
			"to": [12.7, 8.7, 12.7],
			"rotation": {"angle": 0, "axis": "y", "origin": [4, 0, 4]},
			"faces": {
				"north": {"uv": [4, 4, 8, 8], "texture": "layer0","tintindex": 0},
				"east": {"uv": [0, 4, 4, 8], "texture": "layer0","tintindex": 0},
				"south": {"uv": [12, 4, 16, 8], "texture": "layer0","tintindex": 0},
				"west": {"uv": [8, 4, 12, 8], "texture": "layer0","tintindex": 0},
				"up": {"uv": [8, 4, 4, 0], "texture": "layer0","tintindex": 0},
				"down": {"uv": [24, 8, 16, 16], "texture": "layer0","tintindex": 0}
			}
		}
	],
	"display": {
		"head": {
			"translation": [0, 6.7, 0],
			"scale": [1.7, 1.7, 1.7]
		}
	}
}
