{
	"credit": "Made with Blockbench",
	"texture_size": [32, 32],
	"textures": {
		"0": "wandering_hat_creator:custom/hat_piece/hat_helmet/sallet/diamond"
	},
	"elements": [
		{
			"from": [4, 0, 4],
			"to": [12, 8, 12],
			"rotation": {"angle": 0, "axis": "y", "origin": [4, 0, 4]},
			"faces": {
				"north": {"uv": [4, 4, 8, 8], "texture": "#0"},
				"east": {"uv": [0, 4, 4, 8], "texture": "#0"},
				"south": {"uv": [12, 4, 16, 8], "texture": "#0"},
				"west": {"uv": [8, 4, 12, 8], "texture": "#0"},
				"up": {"uv": [8, 4, 4, 0], "texture": "#0"},
				"down": {"uv": [4, 0, 0, 4], "texture": "#0"}
			}
		},
		{
			"from": [4, 8, 4],
			"to": [12, 0, 12],
			"rotation": {"angle": 0, "axis": "y", "origin": [4, 9, 4]},
			"faces": {
				"north": {"uv": [4, 8, 8, 4], "texture": "#0"},
				"east": {"uv": [0, 8, 4, 4], "texture": "#0"},
				"south": {"uv": [12, 8, 16, 4], "texture": "#0"},
				"west": {"uv": [8, 8, 12, 4], "texture": "#0"},
				"up": {"uv": [4, 4, 0, 0], "texture": "#0"},
				"down": {"uv": [8, 0, 4, 4], "texture": "#0"}
			}
		},
		{
			"from": [4, 0, 12],
			"to": [12, 5, 13],
			"rotation": {"angle": 0, "axis": "y", "origin": [4, 2, 12]},
			"faces": {
				"north": {"uv": [12, 11, 16, 12], "texture": "#0"},
				"east": {"uv": [3.5, 9.5, 4, 12], "texture": "#0"},
				"south": {"uv": [4, 9.5, 8, 12], "texture": "#0"},
				"west": {"uv": [8, 9.5, 8.5, 12], "texture": "#0"},
				"up": {"uv": [4, 9, 8, 9.5], "texture": "#0"},
				"down": {"uv": [12, 8.5, 16, 9], "texture": "#0"}
			}
		},
		{
			"from": [4, 5, 12],
			"to": [12, 0, 13],
			"rotation": {"angle": 0, "axis": "y", "origin": [4, 2, 12]},
			"faces": {
				"north": {"uv": [12, 11, 16, 12], "texture": "#0"},
				"east": {"uv": [3.5, 12, 4, 9.5], "texture": "#0"},
				"south": {"uv": [4, 12, 8, 9.5], "texture": "#0"},
				"west": {"uv": [8, 12, 8.5, 9.5], "texture": "#0"},
				"up": {"uv": [12, 9, 16, 9.5], "texture": "#0"},
				"down": {"uv": [4, 9, 8, 9.5], "texture": "#0"}
			}
		},
		{
			"from": [4, 0, 13],
			"to": [12, 3, 14],
			"rotation": {"angle": 0, "axis": "y", "origin": [4, 1, 13]},
			"faces": {
				"north": {"uv": [12, 14, 16, 15.5], "texture": "#0"},
				"east": {"uv": [3.5, 14, 4, 15.5], "texture": "#0"},
				"south": {"uv": [4, 14, 8, 15.5], "texture": "#0"},
				"west": {"uv": [8, 14, 8.5, 15.5], "texture": "#0"},
				"up": {"uv": [4, 13.5, 8, 14], "texture": "#0"},
				"down": {"uv": [12, 13, 16, 13.5], "texture": "#0"}
			}
		},
		{
			"from": [4, 3, 13],
			"to": [12, 0, 14],
			"rotation": {"angle": 0, "axis": "y", "origin": [4, 1, 13]},
			"faces": {
				"north": {"uv": [12, 14, 16, 15.5], "texture": "#0"},
				"east": {"uv": [3.5, 15.5, 4, 14], "texture": "#0"},
				"south": {"uv": [4, 15.5, 8, 14], "texture": "#0"},
				"west": {"uv": [8, 15.5, 8.5, 14], "texture": "#0"},
				"up": {"uv": [12, 13, 16, 13.5], "texture": "#0"},
				"down": {"uv": [4, 13.5, 8, 14], "texture": "#0"}
			}
		}
	],
	"display": {
		"head": {
			"translation": [0, 7.889, 0],
			"scale": [1.99, 1.99, 1.99]
		}
	}
}