{
	"parent": "minecraft:item/generated",
	"textures": {
		"layer0": "wandering_hat_creator:custom/crest_piece/pony_tail_gui_b",
		"layer1": "wandering_hat_creator:custom/crest_piece/pony_tail_gui_a"
	},
	"display": {
		"thirdperson_righthand": {
			"translation": [0, 6.32, 0.999],
			"scale": [0.55, 0.55, 0.55]
		},
		"thirdperson_lefthand": {
			"translation": [0, 6.32, 0.999],
			"scale": [0.55, 0.55, 0.55]
		},
		"firstperson_righthand": {
			"rotation": [0, -90, 25],
			"translation": [1.14, 6.9, -0.62],
			"scale": [0.68, 0.68, 0.68]
		},
		"firstperson_lefthand": {
			"rotation": [0, -90, 25],
			"translation": [1.14, 6.9, -0.62],
			"scale": [0.68, 0.68, 0.68]
		},
		"gui": {
			"translation": [0, 6, -1.01]
		},
		"fixed": {
			"rotation": [0, -180, 0],
			"translation": [0, 6, 0.01]
		}
	}
}